<?xml version="1.0" encoding="UTF-8" standalone="yes"?>
<ns2:FORM15G xmlns="http://incometaxindiaefiling.gov.in/common" xmlns:ns2="http://incometaxindiaefiling.gov.in/FORM15G">
    <ns2:FormCreationInfo>
        <CreationInfo>
            <SWVersionNo>1.0</SWVersionNo>
            <SWCreatedBy>ITD_JAVA_UTILITY</SWCreatedBy>
            <XMLCreatedBy>ITD_JAVA_UTILITY</XMLCreatedBy>
            <XMLCreationDate>2019-04-10</XMLCreationDate>
        </CreationInfo>
        <Form_Details>
            <FormName>FORM15G</FormName>
            <AssessmentYear>2019</AssessmentYear>
            <SchemaVer>V1.0</SchemaVer>
            <FormVer>1.0</FormVer>
        </Form_Details>
    </ns2:FormCreationInfo>
    <ns2:Form15GDtls>
        <ns2:TAN>MUMC14758C</ns2:TAN>
        <ns2:Quarter>Q4</ns2:Quarter>
        <ns2:FinancialYr>2018</ns2:FinancialYr>
        <ns2:FilingType>O</ns2:FilingType>
        <ns2:Part1Dtls>
            <ns2:Part1>
                <ns2:Basicdtls>
                    <ns2:AssesseeName>RASHIDA A.MANGALOREWALA</ns2:AssesseeName>
                    <ns2:AssesseePAN>BNXPM5717K</ns2:AssesseePAN>
                    <ns2:Status>1</ns2:Status>
                    <ns2:ResidentialStatus>RES</ns2:ResidentialStatus>
                    <ns2:PreviousYr>2018</ns2:PreviousYr>
                    <ns2:FlatDoorNo>123</ns2:FlatDoorNo>
                    <ns2:PremisesName>ABC</ns2:PremisesName>
                    <ns2:RoadOrStreet>ABC ROAD</ns2:RoadOrStreet>
                    <ns2:LocalityOrArea>Mumbai</ns2:LocalityOrArea>
                    <ns2:CityOrTownOrDistrict>Mumbai</ns2:CityOrTownOrDistrict>
                    <ns2:StateCode>19</ns2:StateCode>
                    <ns2:PinCode>400027</ns2:PinCode>
                    <ns2:EmailAddress>cb2668@canarabank.com</ns2:EmailAddress>
                    <ns2:STDcode></ns2:STDcode>
                    <ns2:PhoneNo></ns2:PhoneNo>
                    <ns2:MobileNo>9917026284</ns2:MobileNo>
                    <ns2:TaxAssessedFlag>N</ns2:TaxAssessedFlag>
                    <ns2:LatestAsstYr></ns2:LatestAsstYr>
                    <ns2:EstimatedInc>8730</ns2:EstimatedInc>
                    <ns2:EstimatedTotalIncPrvYr>8730</ns2:EstimatedTotalIncPrvYr>
                    <ns2:TotalNoOfForm15g>1</ns2:TotalNoOfForm15g>
                    <ns2:AggregateAmtForm15g>8730</ns2:AggregateAmtForm15g>
                    <ns2:UniqueIdNumber>G009580592201819MUMC14758C</ns2:UniqueIdNumber>
                    <ns2:DeclarationDate>2019-01-30</ns2:DeclarationDate>
                    <ns2:AmtOfIncPaid>8730</ns2:AmtOfIncPaid>
                    <ns2:DateIncPaid>2019-03-31</ns2:DateIncPaid>
                    <ns2:RecordType></ns2:RecordType>
                </ns2:Basicdtls>
                <ns2:IncomeDtls>
                    <ns2:IncomeDtl>
                        <ns2:SrlNo>100</ns2:SrlNo>
                        <ns2:IdenficationNum>9580592</ns2:IdenficationNum>
                        <ns2:NatureOfInc>Interest other than Interest on securities</ns2:NatureOfInc>
                        <ns2:DeductSection>194A</ns2:DeductSection>
                        <ns2:AmtOfInc>8730</ns2:AmtOfInc>
                    </ns2:IncomeDtl>
                </ns2:IncomeDtls>
            </ns2:Part1>
            <ns2:Part1>
                <ns2:Basicdtls>
                    <ns2:AssesseeName>GANESH BALIRAM PATIL</ns2:AssesseeName>
                    <ns2:AssesseePAN>BGNPP5839E</ns2:AssesseePAN>
                    <ns2:Status>1</ns2:Status>
                    <ns2:ResidentialStatus>RES</ns2:ResidentialStatus>
                    <ns2:PreviousYr>2018</ns2:PreviousYr>
                    <ns2:FlatDoorNo>123</ns2:FlatDoorNo>
                    <ns2:PremisesName>ABC</ns2:PremisesName>
                    <ns2:RoadOrStreet>ABC ROAD</ns2:RoadOrStreet>
                    <ns2:LocalityOrArea>Mumbai</ns2:LocalityOrArea>
                    <ns2:CityOrTownOrDistrict>Mumbai</ns2:CityOrTownOrDistrict>
                    <ns2:StateCode>19</ns2:StateCode>
                    <ns2:PinCode>400027</ns2:PinCode>
                    <ns2:EmailAddress>cb2668@canarabank.com</ns2:EmailAddress>
                    <ns2:STDcode></ns2:STDcode>
                    <ns2:PhoneNo></ns2:PhoneNo>
                    <ns2:MobileNo>9917026284</ns2:MobileNo>
                    <ns2:TaxAssessedFlag>N</ns2:TaxAssessedFlag>
                    <ns2:LatestAsstYr></ns2:LatestAsstYr>
                    <ns2:EstimatedInc>16190</ns2:EstimatedInc>
                    <ns2:EstimatedTotalIncPrvYr>16190</ns2:EstimatedTotalIncPrvYr>
                    <ns2:TotalNoOfForm15g>1</ns2:TotalNoOfForm15g>
                    <ns2:AggregateAmtForm15g>16190</ns2:AggregateAmtForm15g>
                    <ns2:UniqueIdNumber>G009581008201819MUMC14758C</ns2:UniqueIdNumber>
                    <ns2:DeclarationDate>2019-02-07</ns2:DeclarationDate>
                    <ns2:AmtOfIncPaid>16190</ns2:AmtOfIncPaid>
                    <ns2:DateIncPaid>2019-03-31</ns2:DateIncPaid>
                    <ns2:RecordType></ns2:RecordType>
                </ns2:Basicdtls>
                <ns2:IncomeDtls>
                    <ns2:IncomeDtl>
                        <ns2:SrlNo>101</ns2:SrlNo>
                        <ns2:IdenficationNum>9581008</ns2:IdenficationNum>
                        <ns2:NatureOfInc>Interest other than Interest on securities</ns2:NatureOfInc>
                        <ns2:DeductSection>194A</ns2:DeductSection>
                        <ns2:AmtOfInc>16190</ns2:AmtOfInc>
                    </ns2:IncomeDtl>
                </ns2:IncomeDtls>
            </ns2:Part1>
            <ns2:Part1>
                <ns2:Basicdtls>
                    <ns2:AssesseeName>VIJAY DATTARAM MALEKAR</ns2:AssesseeName>
                    <ns2:AssesseePAN>AVTPM4903G</ns2:AssesseePAN>
                    <ns2:Status>1</ns2:Status>
                    <ns2:ResidentialStatus>RES</ns2:ResidentialStatus>
                    <ns2:PreviousYr>2018</ns2:PreviousYr>
                    <ns2:FlatDoorNo>123</ns2:FlatDoorNo>
                    <ns2:PremisesName>ABC</ns2:PremisesName>
                    <ns2:RoadOrStreet>ABC ROAD</ns2:RoadOrStreet>
                    <ns2:LocalityOrArea>Mumbai</ns2:LocalityOrArea>
                    <ns2:CityOrTownOrDistrict>Mumbai</ns2:CityOrTownOrDistrict>
                    <ns2:StateCode>19</ns2:StateCode>
                    <ns2:PinCode>400027</ns2:PinCode>
                    <ns2:EmailAddress>cb2668@canarabank.com</ns2:EmailAddress>
                    <ns2:STDcode></ns2:STDcode>
                    <ns2:PhoneNo></ns2:PhoneNo>
                    <ns2:MobileNo>9917026284</ns2:MobileNo>
                    <ns2:TaxAssessedFlag>N</ns2:TaxAssessedFlag>
                    <ns2:LatestAsstYr></ns2:LatestAsstYr>
                    <ns2:EstimatedInc>312</ns2:EstimatedInc>
                    <ns2:EstimatedTotalIncPrvYr>312</ns2:EstimatedTotalIncPrvYr>
                    <ns2:TotalNoOfForm15g>1</ns2:TotalNoOfForm15g>
                    <ns2:AggregateAmtForm15g>312</ns2:AggregateAmtForm15g>
                    <ns2:UniqueIdNumber>G009582704201819MUMC14758C</ns2:UniqueIdNumber>
                    <ns2:DeclarationDate>2019-03-19</ns2:DeclarationDate>
                    <ns2:AmtOfIncPaid>312</ns2:AmtOfIncPaid>
                    <ns2:DateIncPaid>2019-03-31</ns2:DateIncPaid>
                    <ns2:RecordType></ns2:RecordType>
                </ns2:Basicdtls>
                <ns2:IncomeDtls>
                    <ns2:IncomeDtl>
                        <ns2:SrlNo>102</ns2:SrlNo>
                        <ns2:IdenficationNum>9582704</ns2:IdenficationNum>
                        <ns2:NatureOfInc>Interest other than Interest on securities</ns2:NatureOfInc>
                        <ns2:DeductSection>194A</ns2:DeductSection>
                        <ns2:AmtOfInc>312</ns2:AmtOfInc>
                    </ns2:IncomeDtl>
                </ns2:IncomeDtls>
            </ns2:Part1>
            <ns2:Part1>
                <ns2:Basicdtls>
                    <ns2:AssesseeName>SANTOSH B SHIVHARE</ns2:AssesseeName>
                    <ns2:AssesseePAN>EWBPS1894B</ns2:AssesseePAN>
                    <ns2:Status>1</ns2:Status>
                    <ns2:ResidentialStatus>RES</ns2:ResidentialStatus>
                    <ns2:PreviousYr>2018</ns2:PreviousYr>
                    <ns2:FlatDoorNo>123</ns2:FlatDoorNo>
                    <ns2:PremisesName>ABC</ns2:PremisesName>
                    <ns2:RoadOrStreet>ABC ROAD</ns2:RoadOrStreet>
                    <ns2:LocalityOrArea>Mumbai</ns2:LocalityOrArea>
                    <ns2:CityOrTownOrDistrict>Mumbai</ns2:CityOrTownOrDistrict>
                    <ns2:StateCode>19</ns2:StateCode>
                    <ns2:PinCode>400027</ns2:PinCode>
                    <ns2:EmailAddress>cb2668@canarabank.com</ns2:EmailAddress>
                    <ns2:STDcode></ns2:STDcode>
                    <ns2:PhoneNo></ns2:PhoneNo>
                    <ns2:MobileNo>9917026284</ns2:MobileNo>
                    <ns2:TaxAssessedFlag>N</ns2:TaxAssessedFlag>
                    <ns2:LatestAsstYr></ns2:LatestAsstYr>
                    <ns2:EstimatedInc>30894</ns2:EstimatedInc>
                    <ns2:EstimatedTotalIncPrvYr>30894</ns2:EstimatedTotalIncPrvYr>
                    <ns2:TotalNoOfForm15g>1</ns2:TotalNoOfForm15g>
                    <ns2:AggregateAmtForm15g>30894</ns2:AggregateAmtForm15g>
                    <ns2:UniqueIdNumber>G009593048201819MUMC14758C</ns2:UniqueIdNumber>
                    <ns2:DeclarationDate>2019-01-10</ns2:DeclarationDate>
                    <ns2:AmtOfIncPaid>30894</ns2:AmtOfIncPaid>
                    <ns2:DateIncPaid>2019-03-31</ns2:DateIncPaid>
                    <ns2:RecordType></ns2:RecordType>
                </ns2:Basicdtls>
                <ns2:IncomeDtls>
                    <ns2:IncomeDtl>
                        <ns2:SrlNo>103</ns2:SrlNo>
                        <ns2:IdenficationNum>9593048</ns2:IdenficationNum>
                        <ns2:NatureOfInc>Interest other than Interest on securities</ns2:NatureOfInc>
                        <ns2:DeductSection>194A</ns2:DeductSection>
                        <ns2:AmtOfInc>30894</ns2:AmtOfInc>
                    </ns2:IncomeDtl>
                </ns2:IncomeDtls>
            </ns2:Part1>
            <ns2:Part1>
                <ns2:Basicdtls>
                    <ns2:AssesseeName>DEVCHAND HIRACHAND RATHOD</ns2:AssesseeName>
                    <ns2:AssesseePAN>AHFPR3365P</ns2:AssesseePAN>
                    <ns2:Status>1</ns2:Status>
                    <ns2:ResidentialStatus>RES</ns2:ResidentialStatus>
                    <ns2:PreviousYr>2018</ns2:PreviousYr>
                    <ns2:FlatDoorNo>123</ns2:FlatDoorNo>
                    <ns2:PremisesName>ABC</ns2:PremisesName>
                    <ns2:RoadOrStreet>ABC ROAD</ns2:RoadOrStreet>
                    <ns2:LocalityOrArea>Mumbai</ns2:LocalityOrArea>
                    <ns2:CityOrTownOrDistrict>Mumbai</ns2:CityOrTownOrDistrict>
                    <ns2:StateCode>19</ns2:StateCode>
                    <ns2:PinCode>400027</ns2:PinCode>
                    <ns2:EmailAddress>cb2668@canarabank.com</ns2:EmailAddress>
                    <ns2:STDcode></ns2:STDcode>
                    <ns2:PhoneNo></ns2:PhoneNo>
                    <ns2:MobileNo>9917026284</ns2:MobileNo>
                    <ns2:TaxAssessedFlag>N</ns2:TaxAssessedFlag>
                    <ns2:LatestAsstYr></ns2:LatestAsstYr>
                    <ns2:EstimatedInc>661</ns2:EstimatedInc>
                    <ns2:EstimatedTotalIncPrvYr>661</ns2:EstimatedTotalIncPrvYr>
                    <ns2:TotalNoOfForm15g>1</ns2:TotalNoOfForm15g>
                    <ns2:AggregateAmtForm15g>661</ns2:AggregateAmtForm15g>
                    <ns2:UniqueIdNumber>G009597288201819MUMC14758C</ns2:UniqueIdNumber>
                    <ns2:DeclarationDate>2019-01-24</ns2:DeclarationDate>
                    <ns2:AmtOfIncPaid>661</ns2:AmtOfIncPaid>
                    <ns2:DateIncPaid>2019-03-31</ns2:DateIncPaid>
                    <ns2:RecordType></ns2:RecordType>
                </ns2:Basicdtls>
                <ns2:IncomeDtls>
                    <ns2:IncomeDtl>
                        <ns2:SrlNo>104</ns2:SrlNo>
                        <ns2:IdenficationNum>9597288</ns2:IdenficationNum>
                        <ns2:NatureOfInc>Interest other than Interest on securities</ns2:NatureOfInc>
                        <ns2:DeductSection>194A</ns2:DeductSection>
                        <ns2:AmtOfInc>661</ns2:AmtOfInc>
                    </ns2:IncomeDtl>
                </ns2:IncomeDtls>
            </ns2:Part1>
            <ns2:Part1>
                <ns2:Basicdtls>
                    <ns2:AssesseeName>PRIYA POPAT WAYKAR</ns2:AssesseeName>
                    <ns2:AssesseePAN>CUZPK2836F</ns2:AssesseePAN>
                    <ns2:Status>1</ns2:Status>
                    <ns2:ResidentialStatus>RES</ns2:ResidentialStatus>
                    <ns2:PreviousYr>2018</ns2:PreviousYr>
                    <ns2:FlatDoorNo>123</ns2:FlatDoorNo>
                    <ns2:PremisesName>ABC</ns2:PremisesName>
                    <ns2:RoadOrStreet>ABC ROAD</ns2:RoadOrStreet>
                    <ns2:LocalityOrArea>Mumbai</ns2:LocalityOrArea>
                    <ns2:CityOrTownOrDistrict>Mumbai</ns2:CityOrTownOrDistrict>
                    <ns2:StateCode>19</ns2:StateCode>
                    <ns2:PinCode>400027</ns2:PinCode>
                    <ns2:EmailAddress>cb2668@canarabank.com</ns2:EmailAddress>
                    <ns2:STDcode></ns2:STDcode>
                    <ns2:PhoneNo></ns2:PhoneNo>
                    <ns2:MobileNo>9917026284</ns2:MobileNo>
                    <ns2:TaxAssessedFlag>N</ns2:TaxAssessedFlag>
                    <ns2:LatestAsstYr></ns2:LatestAsstYr>
                    <ns2:EstimatedInc>11972</ns2:EstimatedInc>
                    <ns2:EstimatedTotalIncPrvYr>11972</ns2:EstimatedTotalIncPrvYr>
                    <ns2:TotalNoOfForm15g>1</ns2:TotalNoOfForm15g>
                    <ns2:AggregateAmtForm15g>11972</ns2:AggregateAmtForm15g>
                    <ns2:UniqueIdNumber>G009616084201819MUMC14758C</ns2:UniqueIdNumber>
                    <ns2:DeclarationDate>2019-03-08</ns2:DeclarationDate>
                    <ns2:AmtOfIncPaid>11972</ns2:AmtOfIncPaid>
                    <ns2:DateIncPaid>2019-03-31</ns2:DateIncPaid>
                    <ns2:RecordType></ns2:RecordType>
                </ns2:Basicdtls>
                <ns2:IncomeDtls>
                    <ns2:IncomeDtl>
                        <ns2:SrlNo>105</ns2:SrlNo>
                        <ns2:IdenficationNum>9616084</ns2:IdenficationNum>
                        <ns2:NatureOfInc>Interest other than Interest on securities</ns2:NatureOfInc>
                        <ns2:DeductSection>194A</ns2:DeductSection>
                        <ns2:AmtOfInc>11972</ns2:AmtOfInc>
                    </ns2:IncomeDtl>
                </ns2:IncomeDtls>
            </ns2:Part1>
            <ns2:Part1>
                <ns2:Basicdtls>
                    <ns2:AssesseeName>SEEMA B KORI</ns2:AssesseeName>
                    <ns2:AssesseePAN>DCWPK3973H</ns2:AssesseePAN>
                    <ns2:Status>1</ns2:Status>
                    <ns2:ResidentialStatus>RES</ns2:ResidentialStatus>
                    <ns2:PreviousYr>2018</ns2:PreviousYr>
                    <ns2:FlatDoorNo>123</ns2:FlatDoorNo>
                    <ns2:PremisesName>ABC</ns2:PremisesName>
                    <ns2:RoadOrStreet>ABC ROAD</ns2:RoadOrStreet>
                    <ns2:LocalityOrArea>Mumbai</ns2:LocalityOrArea>
                    <ns2:CityOrTownOrDistrict>Mumbai</ns2:CityOrTownOrDistrict>
                    <ns2:StateCode>19</ns2:StateCode>
                    <ns2:PinCode>400027</ns2:PinCode>
                    <ns2:EmailAddress>cb2668@canarabank.com</ns2:EmailAddress>
                    <ns2:STDcode></ns2:STDcode>
                    <ns2:PhoneNo></ns2:PhoneNo>
                    <ns2:MobileNo>9917026284</ns2:MobileNo>
                    <ns2:TaxAssessedFlag>N</ns2:TaxAssessedFlag>
                    <ns2:LatestAsstYr></ns2:LatestAsstYr>
                    <ns2:EstimatedInc>12128</ns2:EstimatedInc>
                    <ns2:EstimatedTotalIncPrvYr>12128</ns2:EstimatedTotalIncPrvYr>
                    <ns2:TotalNoOfForm15g>1</ns2:TotalNoOfForm15g>
                    <ns2:AggregateAmtForm15g>12128</ns2:AggregateAmtForm15g>
                    <ns2:UniqueIdNumber>G071818542201819MUMC14758C</ns2:UniqueIdNumber>
                    <ns2:DeclarationDate>2019-03-13</ns2:DeclarationDate>
                    <ns2:AmtOfIncPaid>12128</ns2:AmtOfIncPaid>
                    <ns2:DateIncPaid>2019-03-31</ns2:DateIncPaid>
                    <ns2:RecordType></ns2:RecordType>
                </ns2:Basicdtls>
                <ns2:IncomeDtls>
                    <ns2:IncomeDtl>
                        <ns2:SrlNo>106</ns2:SrlNo>
                        <ns2:IdenficationNum>71818542</ns2:IdenficationNum>
                        <ns2:NatureOfInc>Interest other than Interest on securities</ns2:NatureOfInc>
                        <ns2:DeductSection>194A</ns2:DeductSection>
                        <ns2:AmtOfInc>12128</ns2:AmtOfInc>
                    </ns2:IncomeDtl>
                </ns2:IncomeDtls>
            </ns2:Part1>
            <ns2:Part1>
                <ns2:Basicdtls>
                    <ns2:AssesseeName>KASHMIRA PIYUSH SAIYA</ns2:AssesseeName>
                    <ns2:AssesseePAN>GPOPS6224B</ns2:AssesseePAN>
                    <ns2:Status>1</ns2:Status>
                    <ns2:ResidentialStatus>RES</ns2:ResidentialStatus>
                    <ns2:PreviousYr>2018</ns2:PreviousYr>
                    <ns2:FlatDoorNo>123</ns2:FlatDoorNo>
                    <ns2:PremisesName>ABC</ns2:PremisesName>
                    <ns2:RoadOrStreet>ABC ROAD</ns2:RoadOrStreet>
                    <ns2:LocalityOrArea>Mumbai</ns2:LocalityOrArea>
                    <ns2:CityOrTownOrDistrict>Mumbai</ns2:CityOrTownOrDistrict>
                    <ns2:StateCode>19</ns2:StateCode>
                    <ns2:PinCode>400027</ns2:PinCode>
                    <ns2:EmailAddress>cb2668@canarabank.com</ns2:EmailAddress>
                    <ns2:STDcode></ns2:STDcode>
                    <ns2:PhoneNo></ns2:PhoneNo>
                    <ns2:MobileNo>9917026284</ns2:MobileNo>
                    <ns2:TaxAssessedFlag>N</ns2:TaxAssessedFlag>
                    <ns2:LatestAsstYr></ns2:LatestAsstYr>
                    <ns2:EstimatedInc>37927</ns2:EstimatedInc>
                    <ns2:EstimatedTotalIncPrvYr>37927</ns2:EstimatedTotalIncPrvYr>
                    <ns2:TotalNoOfForm15g>1</ns2:TotalNoOfForm15g>
                    <ns2:AggregateAmtForm15g>37927</ns2:AggregateAmtForm15g>
                    <ns2:UniqueIdNumber>G101549748201819MUMC14758C</ns2:UniqueIdNumber>
                    <ns2:DeclarationDate>2019-03-26</ns2:DeclarationDate>
                    <ns2:AmtOfIncPaid>37927</ns2:AmtOfIncPaid>
                    <ns2:DateIncPaid>2019-03-31</ns2:DateIncPaid>
                    <ns2:RecordType></ns2:RecordType>
                </ns2:Basicdtls>
                <ns2:IncomeDtls>
                    <ns2:IncomeDtl>
                        <ns2:SrlNo>107</ns2:SrlNo>
                        <ns2:IdenficationNum>101549748</ns2:IdenficationNum>
                        <ns2:NatureOfInc>Interest other than Interest on securities</ns2:NatureOfInc>
                        <ns2:DeductSection>194A</ns2:DeductSection>
                        <ns2:AmtOfInc>37927</ns2:AmtOfInc>
                    </ns2:IncomeDtl>
                </ns2:IncomeDtls>
            </ns2:Part1>
            <ns2:Part1>
                <ns2:Basicdtls>
                    <ns2:AssesseeName>RAJKUMARI UMASHANKAR JAISWAL</ns2:AssesseeName>
                    <ns2:AssesseePAN>AVWPJ5953E</ns2:AssesseePAN>
                    <ns2:Status>1</ns2:Status>
                    <ns2:ResidentialStatus>RES</ns2:ResidentialStatus>
                    <ns2:PreviousYr>2018</ns2:PreviousYr>
                    <ns2:FlatDoorNo>123</ns2:FlatDoorNo>
                    <ns2:PremisesName>ABC</ns2:PremisesName>
                    <ns2:RoadOrStreet>ABC ROAD</ns2:RoadOrStreet>
                    <ns2:LocalityOrArea>Mumbai</ns2:LocalityOrArea>
                    <ns2:CityOrTownOrDistrict>Mumbai</ns2:CityOrTownOrDistrict>
                    <ns2:StateCode>19</ns2:StateCode>
                    <ns2:PinCode>400027</ns2:PinCode>
                    <ns2:EmailAddress>cb2668@canarabank.com</ns2:EmailAddress>
                    <ns2:STDcode></ns2:STDcode>
                    <ns2:PhoneNo></ns2:PhoneNo>
                    <ns2:MobileNo>9917026284</ns2:MobileNo>
                    <ns2:TaxAssessedFlag>N</ns2:TaxAssessedFlag>
                    <ns2:LatestAsstYr></ns2:LatestAsstYr>
                    <ns2:EstimatedInc>14112</ns2:EstimatedInc>
                    <ns2:EstimatedTotalIncPrvYr>14112</ns2:EstimatedTotalIncPrvYr>
                    <ns2:TotalNoOfForm15g>1</ns2:TotalNoOfForm15g>
                    <ns2:AggregateAmtForm15g>14112</ns2:AggregateAmtForm15g>
                    <ns2:UniqueIdNumber>G107842063201819MUMC14758C</ns2:UniqueIdNumber>
                    <ns2:DeclarationDate>2019-01-19</ns2:DeclarationDate>
                    <ns2:AmtOfIncPaid>14112</ns2:AmtOfIncPaid>
                    <ns2:DateIncPaid>2019-03-31</ns2:DateIncPaid>
                    <ns2:RecordType></ns2:RecordType>
                </ns2:Basicdtls>
                <ns2:IncomeDtls>
                    <ns2:IncomeDtl>
                        <ns2:SrlNo>108</ns2:SrlNo>
                        <ns2:IdenficationNum>107842063</ns2:IdenficationNum>
                        <ns2:NatureOfInc>Interest other than Interest on securities</ns2:NatureOfInc>
                        <ns2:DeductSection>194A</ns2:DeductSection>
                        <ns2:AmtOfInc>14112</ns2:AmtOfInc>
                    </ns2:IncomeDtl>
                </ns2:IncomeDtls>
            </ns2:Part1>
        </ns2:Part1Dtls>
    </ns2:Form15GDtls>
</ns2:FORM15G>
