{"form_typ":"R4","status_cd":"PE","action":"SAVE","fp":"032019","error_report":{"b2b":[{"inv":[{"val":1781,"itms":[{"num":1,"itm_det":{"samt":95.4,"csamt":0,"rt":12,"txval":1590,"camt":95.4,"iamt":0}}],"inv_typ":"R","flag":"A","pos":"27","idt":"28-02-2019","rchrg":"N","inum":"2"}],"error_msg":"The document is already added by another composite taxpayer in GSTR-4 return","ctin":"27AAFFG1090H1ZJ","error_cd":"RET491131"},{"inv":[{"val":6469,"itms":[{"num":1,"itm_det":{"samt":346.5,"csamt":0,"rt":12,"txval":5775,"camt":346.5,"iamt":0}}],"inv_typ":"R","flag":"A","pos":"27","idt":"25-02-2019","rchrg":"N","inum":"694"}],"error_msg":"The document is already added by another composite taxpayer in GSTR-4 return","ctin":"27AOMPS2235K1ZI","error_cd":"RET491131"}]},"gstin":"27AANHS9154E1ZO"}