{"gstin":"27AANHS9154E1ZO","fp":"032019","b2b":[{"ctin":"27ADCPC1801A1ZM","cfs":"Y","cname":null,"inv":[{"itms":[{"num":1801,"itm_det":{"csamt":0,"samt":798.12,"rt":18,"txval":8867.99,"camt":798.12}}],"val":10464,"samt":798.12,"txval":8867.99,"camt":798.12,"inum":"FTE/1190","iamt":0,"csamt":0,"inv_typ":"R","pos":"27","idt":"05-02-2019","rchrg":"N","chksum":"6936b606a9b5f6e89b8086921bc4cb68df13612f43545e7c731d52df8b05c7e7"}]},{"ctin":"27AABPG7104J1ZY","cfs":"Y","cname":null,"inv":[{"itms":[{"num":1801,"itm_det":{"csamt":0,"samt":155.52,"rt":18,"txval":1728,"camt":155.52}}],"val":2040,"samt":155.52,"txval":1728,"camt":155.52,"inum":"823","iamt":0,"csamt":0,"inv_typ":"R","pos":"27","idt":"14-02-2019","rchrg":"N","chksum":"ada4356e70d6fdde71c51bf2a63c1cbb8e60779c1a1cc361e67ea842fc0a4d9e"},{"itms":[{"num":1801,"itm_det":{"csamt":0,"samt":69.12,"rt":18,"txval":768,"camt":69.12}}],"val":907,"samt":69.12,"txval":768,"camt":69.12,"inum":"852","iamt":0,"csamt":0,"inv_typ":"R","pos":"27","idt":"02-03-2019","rchrg":"N","chksum":"4b89b88db0648a4619b12c525654a6be8827044a4e7df16d4d8bff0e48b87d3e"}]},{"ctin":"27AAACY4371M1ZV","cfs":"Y","cname":null,"inv":[{"itms":[{"num":1,"itm_det":{"csamt":0,"samt":1056.87,"rt":12,"txval":17614.5,"camt":1056.87,"iamt":0}}],"val":19727.99,"samt":1056.87,"txval":17614.5,"camt":1056.87,"inum":"WHOL06339","iamt":0,"csamt":0,"inv_typ":"R","pos":"27","idt":"15-12-2018","rchrg":"N","chksum":"41cfd4ed7b27e5ae5b4fdb3ff731e9bc58134edaa417197c8470910c785cf9d2"},{"itms":[{"num":1,"itm_det":{"csamt":0,"samt":178.74,"rt":12,"txval":2979,"camt":178.74,"iamt":0}}],"val":3336.01,"samt":178.74,"txval":2979,"camt":178.74,"inum":"WHOL06849","iamt":0,"csamt":0,"inv_typ":"R","pos":"27","idt":"31-12-2018","rchrg":"N","chksum":"1d222fa97135de5b0f94fe52f1ffb5588c3ed09e316cc1c0cbe971a61e7dd856"},{"itms":[{"num":1,"itm_det":{"csamt":0,"samt":246.24,"rt":12,"txval":4104,"camt":246.24,"iamt":0}}],"val":4596,"samt":246.24,"txval":4104,"camt":246.24,"inum":"WHOL07549","iamt":0,"csamt":0,"inv_typ":"R","pos":"27","idt":"15-01-2019","rchrg":"N","chksum":"1ed801a66dbd622d5c4aec81438a00ab1fb1af4c3f3506a7fd408a8f73d9b923"},{"itms":[{"num":1,"itm_det":{"csamt":0,"samt":604.75,"rt":12,"txval":10079.1,"camt":604.75,"iamt":0}}],"val":11289,"samt":604.75,"txval":10079.1,"camt":604.75,"inum":"WHOL08330","iamt":0,"csamt":0,"inv_typ":"R","pos":"27","idt":"31-01-2019","rchrg":"N","chksum":"7c570b33a92aa600659b5c7d4dbcc45f7dd8ec1a3f99af838d9700827f86d331"},{"itms":[{"num":1,"itm_det":{"csamt":0,"samt":509.22,"rt":12,"txval":8487,"camt":509.22,"iamt":0}}],"val":9504.99,"samt":509.22,"txval":8487,"camt":509.22,"inum":"WHOL09212","iamt":0,"csamt":0,"inv_typ":"R","pos":"27","idt":"15-02-2019","rchrg":"N","chksum":"49a2cae53581e52cc387e44f85fd3041ef1a25903d9f5f89ac1818e7a4df9834"},{"itms":[{"num":1,"itm_det":{"csamt":0,"samt":77.76,"rt":12,"txval":1296,"camt":77.76,"iamt":0}}],"val":1451,"samt":77.76,"txval":1296,"camt":77.76,"inum":"WHOL09937","iamt":0,"csamt":0,"inv_typ":"R","pos":"27","idt":"28-02-2019","rchrg":"N","chksum":"bee83816f69a6e9c7311acea9b0a7c0c98c913e3975810e6c8a10705111e6fbd"},{"itms":[{"num":1,"itm_det":{"csamt":0,"samt":341.28,"rt":12,"txval":5688,"camt":341.28,"iamt":0}}],"val":6371,"samt":341.28,"txval":5688,"camt":341.28,"inum":"WHOL10760","iamt":0,"csamt":0,"inv_typ":"R","pos":"27","idt":"15-03-2019","rchrg":"N","chksum":"2f6b8e0ceb31df87880a67bbcac209d5c3684d7b717c245a6ae96dcdb32c2545"},{"itms":[{"num":1,"itm_det":{"csamt":0,"samt":393.07,"rt":12,"txval":6551.1,"camt":393.07,"iamt":0}}],"val":7337,"samt":393.07,"txval":6551.1,"camt":393.07,"inum":"WHOL11467","iamt":0,"csamt":0,"inv_typ":"R","pos":"27","idt":"30-03-2019","rchrg":"N","chksum":"9bb9a1d93434d4c320854cdb9bc61fd5bb9008d0609bc9ef02a1c1cda0cef73c"}]},{"ctin":"27AFTPP9820M1ZG","cfs":"Y","cname":null,"inv":[{"itms":[{"num":1201,"itm_det":{"csamt":0,"samt":68.4,"rt":12,"txval":1140,"camt":68.4}}],"val":1277,"samt":68.4,"txval":1140,"camt":68.4,"inum":"1011","iamt":0,"csamt":0,"inv_typ":"R","pos":"27","idt":"26-03-2019","rchrg":"N","chksum":"e372188236d8a716630bed93bb455b7c270b83e7a06299454c81d0f2cc425805"},{"itms":[{"num":1201,"itm_det":{"csamt":0,"samt":786,"rt":12,"txval":13100,"camt":786}}],"val":14672,"samt":786,"txval":13100,"camt":786,"inum":"937","iamt":0,"csamt":0,"inv_typ":"R","pos":"27","idt":"27-02-2019","rchrg":"N","chksum":"faec03feedeae4da570e85672dc9efe8bbe69561791b9aa6b8357035a1c1e5a3"}]},{"ctin":"27AAKFN0456H1Z7","cfs":"Y","cname":null,"inv":[{"itms":[{"num":1,"itm_det":{"csamt":0,"samt":135,"rt":18,"txval":1500,"camt":135,"iamt":0}}],"val":1770,"samt":135,"txval":1500,"camt":135,"inum":"NKK/2018/1059","iamt":0,"csamt":0,"inv_typ":"R","pos":"27","idt":"18-02-2019","rchrg":"N","chksum":"546b18a557702a6639ed5e4d1511fc1d1f527dc0c8a447fc0f7bfc8a5cc8c2a5"}]},{"ctin":"27AAIPS3283P1ZV","cfs":"N","cname":null,"inv":[{"itms":[{"num":1201,"itm_det":{"csamt":0,"samt":1035.9,"rt":12,"txval":17265,"camt":1035.9}}],"val":19337,"samt":1035.9,"txval":17265,"camt":1035.9,"inum":"539","iamt":0,"csamt":0,"inv_typ":"R","pos":"27","idt":"12-11-2018","rchrg":"N","chksum":"57e8edb10818625a1be6dfd9b8aaf21d452aeb9588cadd27234859c7e4e720e3"},{"itms":[{"num":1201,"itm_det":{"csamt":0,"samt":210.6,"rt":12,"txval":3510,"camt":210.6}}],"val":3931,"samt":210.6,"txval":3510,"camt":210.6,"inum":"650","iamt":0,"csamt":0,"inv_typ":"R","pos":"27","idt":"25-12-2018","rchrg":"N","chksum":"e92ed74c66ef4a26065668aa9a34fee686ed9a7f19efdc5a28788d2e35e17fcb"},{"itms":[{"num":1201,"itm_det":{"csamt":0,"samt":339.9,"rt":12,"txval":5665,"camt":339.9}}],"val":6345,"samt":339.9,"txval":5665,"camt":339.9,"inum":"691","iamt":0,"csamt":0,"inv_typ":"R","pos":"27","idt":"03-01-2019","rchrg":"N","chksum":"da108991016f9a58192fba9f845d557df5caeedb785488fa1fd1323b034de9cb"},{"itms":[{"num":1201,"itm_det":{"csamt":0,"samt":396.3,"rt":12,"txval":6605,"camt":396.3}}],"val":7398,"samt":396.3,"txval":6605,"camt":396.3,"inum":"767","iamt":0,"csamt":0,"inv_typ":"R","pos":"27","idt":"05-02-2019","rchrg":"N","chksum":"f80cc6d455782598442c518f006a76090c04e72c05ef8ded9832c495f7631eeb"}]},{"ctin":"27AHXPD7685A1ZY","cfs":"Y","cname":null,"inv":[{"itms":[{"num":1,"itm_det":{"csamt":0,"samt":868.74,"rt":12,"txval":14479,"camt":868.74}}],"val":16216,"samt":868.74,"txval":14479,"camt":868.74,"inum":"1019","iamt":0,"csamt":0,"inv_typ":"R","pos":"27","idt":"17-01-2019","rchrg":"N","chksum":"52232624812113c58c51adfdf053f433630f883c9519e09b2655946b5ab9d6e6"},{"itms":[{"num":1,"itm_det":{"csamt":0,"samt":946.71,"rt":12,"txval":15778.5,"camt":946.71}}],"val":17672,"samt":946.71,"txval":15778.5,"camt":946.71,"inum":"1123","iamt":0,"csamt":0,"inv_typ":"R","pos":"27","idt":"18-02-2019","rchrg":"N","chksum":"3ddcd83b99a0e81a4139086e8811f8917c6d782e13a5a3315b77b155297835a5"},{"itms":[{"num":1,"itm_det":{"csamt":0,"samt":972,"rt":12,"txval":16200,"camt":972}}],"val":18144,"samt":972,"txval":16200,"camt":972,"inum":"1199","iamt":0,"csamt":0,"inv_typ":"R","pos":"27","idt":"23-03-2019","rchrg":"N","chksum":"c6d745188fb154d0a27112ce15dbb43ff32712fe3b92a53713aedc26726e0bb5"},{"itms":[{"num":1,"itm_det":{"csamt":0,"samt":415.8,"rt":12,"txval":6930,"camt":415.8}}],"val":7762,"samt":415.8,"txval":6930,"camt":415.8,"inum":"952","iamt":0,"csamt":0,"inv_typ":"R","pos":"27","idt":"31-12-2018","rchrg":"N","chksum":"b83abf5afc100f26e539e99420c50e56e385173b6cac20df623de13c1dc66ba0"}]},{"ctin":"25AAKCM6694H1ZY","cfs":"N","cname":null,"inv":[{"itms":[{"num":1,"itm_det":{"csamt":0,"samt":0,"rt":12,"txval":9860,"camt":0,"iamt":1183.2}}],"val":11043,"samt":0,"txval":9860,"camt":0,"inum":"DMIFR180500441","iamt":1183.2,"csamt":0,"inv_typ":"R","pos":"27","idt":"29-05-2018","rchrg":"N","chksum":"99efc3f4a6b3246b78f1d0baea9a81eddb7c3e74ea2d65c454970e10d899e6dd"},{"itms":[{"num":1,"itm_det":{"csamt":0,"samt":0,"rt":12,"txval":1380,"camt":0,"iamt":165.6}}],"val":1545.6,"samt":0,"txval":1380,"camt":0,"inum":"DMIFR180600005","iamt":165.6,"csamt":0,"inv_typ":"R","pos":"27","idt":"01-06-2018","rchrg":"N","chksum":"ca9c1b98c6a275575b48c2d5a6625a8a8d085abfe471154734ccad82d73997a0"},{"itms":[{"num":1,"itm_det":{"csamt":0,"samt":0,"rt":12,"txval":780,"camt":0,"iamt":93.6}}],"val":874,"samt":0,"txval":780,"camt":0,"inum":"DMIFR180700209","iamt":93.6,"csamt":0,"inv_typ":"R","pos":"27","idt":"19-07-2018","rchrg":"N","chksum":"a91faa85a9497c617f2a96fff28d763304815b08765017419ecede8d265e0788"},{"itms":[{"num":1,"itm_det":{"csamt":0,"samt":0,"rt":12,"txval":12960,"camt":0,"iamt":1555.2}}],"val":14515,"samt":0,"txval":12960,"camt":0,"inum":"DMIFR180800218","iamt":1555.2,"csamt":0,"inv_typ":"R","pos":"27","idt":"18-08-2018","rchrg":"N","chksum":"358237bd663c07164d2680d1b1c02b019dae0207df099edce592b920cc41b288"},{"itms":[{"num":1,"itm_det":{"csamt":0,"samt":0,"rt":12,"txval":3400,"camt":0,"iamt":408}}],"val":3808,"samt":0,"txval":3400,"camt":0,"inum":"DMIFR181000024","iamt":408,"csamt":0,"inv_typ":"R","pos":"27","idt":"02-10-2018","rchrg":"N","chksum":"e0953b5c98c80c2d70fe2bcfef14e5c1973d43118d57d8396d78def0ac9a1ff9"},{"itms":[{"num":1,"itm_det":{"csamt":0,"samt":0,"rt":12,"txval":3900,"camt":0,"iamt":468}}],"val":4368,"samt":0,"txval":3900,"camt":0,"inum":"DMIFR181000282","iamt":468,"csamt":0,"inv_typ":"R","pos":"27","idt":"22-10-2018","rchrg":"N","chksum":"4eeb36137a94468ef0a6869e1deff7ce72bb1715c9eebbc71a27acf98eeabf37"},{"itms":[{"num":1,"itm_det":{"csamt":0,"samt":0,"rt":12,"txval":5400,"camt":0,"iamt":648}}],"val":6048,"samt":0,"txval":5400,"camt":0,"inum":"DMIFR181000376","iamt":648,"csamt":0,"inv_typ":"R","pos":"27","idt":"27-10-2018","rchrg":"N","chksum":"dbaa195341737a884d482625c26689b5a70cac58e2059297b4adf88096cc3d17"},{"itms":[{"num":1,"itm_det":{"csamt":0,"samt":0,"rt":12,"txval":1380,"camt":0,"iamt":165.6}}],"val":1546,"samt":0,"txval":1380,"camt":0,"inum":"DMIFR181000401","iamt":165.6,"csamt":0,"inv_typ":"R","pos":"27","idt":"27-10-2018","rchrg":"N","chksum":"150f33d83c18736d97931a29df0f5e59dfdd069879a79632be258c586dcad279"}]},{"ctin":"27AAXCS5823M1ZF","cfs":"Y","cname":null,"inv":[{"itms":[{"num":1,"itm_det":{"csamt":0,"samt":50.52,"rt":12,"txval":842,"camt":50.52,"iamt":0}}],"val":943.04,"samt":50.52,"txval":842,"camt":50.52,"inum":"GIFTSIM1801943","iamt":0,"csamt":0,"inv_typ":"R","pos":"27","idt":"31-03-2019","rchrg":"N","chksum":"fe0ab2fbbe5ebff82b11374d368c5d72ea6e800d3bd121ad0b5ea2c52b488ad6"},{"itms":[{"num":1,"itm_det":{"csamt":0,"samt":88.74,"rt":12,"txval":1479,"camt":88.74,"iamt":0}}],"val":1656.48,"samt":88.74,"txval":1479,"camt":88.74,"inum":"GIRTSIM1801166","iamt":0,"csamt":0,"inv_typ":"R","pos":"27","idt":"31-01-2019","rchrg":"N","chksum":"24d72334d306006f2b22224fd5cb4f8a4fe76e10f02d4cfa40e3def6adf81dfe"},{"itms":[{"num":1,"itm_det":{"csamt":0,"samt":874.92,"rt":12,"txval":14582,"camt":874.92,"iamt":0}}],"val":16331.84,"samt":874.92,"txval":14582,"camt":874.92,"inum":"GIRTSIM1801268","iamt":0,"csamt":0,"inv_typ":"R","pos":"27","idt":"31-01-2019","rchrg":"N","chksum":"8d27704ac06e105f06c1c52793859049064dcf188245e61c9ba1285a95e9cf01"},{"itms":[{"num":1,"itm_det":{"csamt":0,"samt":86.16,"rt":12,"txval":1436,"camt":86.16,"iamt":0}}],"val":1608.32,"samt":86.16,"txval":1436,"camt":86.16,"inum":"GIRTSIM1801329","iamt":0,"csamt":0,"inv_typ":"R","pos":"27","idt":"04-02-2019","rchrg":"N","chksum":"85e92097e18e70bf4af40831b45a0dcafc917c4745629862acd8b5cc4308e0a6"},{"itms":[{"num":1,"itm_det":{"csamt":0,"samt":439.38,"rt":12,"txval":7323,"camt":439.38,"iamt":0}}],"val":8201.76,"samt":439.38,"txval":7323,"camt":439.38,"inum":"GIRTSIM1801561","iamt":0,"csamt":0,"inv_typ":"R","pos":"27","idt":"28-02-2019","rchrg":"N","chksum":"625b14c4de4af46f3200ddc2581c7b38e8917cc0c46fcde8303d977778b7a8eb"},{"itms":[{"num":1,"itm_det":{"csamt":0,"samt":777.72,"rt":12,"txval":12962,"camt":777.72,"iamt":0}}],"val":14517.44,"samt":777.72,"txval":12962,"camt":777.72,"inum":"GIRTSIM1801803","iamt":0,"csamt":0,"inv_typ":"R","pos":"27","idt":"31-03-2019","rchrg":"N","chksum":"d383b59f63e86e273f2b13358edf77f15f19452904de713bba47aa1dd3c96ff7"},{"itms":[{"num":1,"itm_det":{"csamt":0,"samt":11.52,"rt":18,"txval":128,"camt":11.52,"iamt":0}}],"val":151.04,"samt":11.52,"txval":128,"camt":11.52,"inum":"GISVSIM1800934","iamt":0,"csamt":0,"inv_typ":"R","pos":"27","idt":"31-03-2019","rchrg":"N","chksum":"66d098800961e8b269342b1932b4f23da323d12c1c9116177c85173f6613e6d6"}]},{"ctin":"27AAAFH3854P1ZY","cfs":"Y","cname":null,"inv":[{"itms":[{"num":1201,"itm_det":{"csamt":0,"samt":99,"rt":12,"txval":1650,"camt":99}}],"val":1848,"samt":99,"txval":1650,"camt":99,"inum":"2182","iamt":0,"csamt":0,"inv_typ":"R","pos":"27","idt":"28-01-2019","rchrg":"N","chksum":"2eac5855e4df9680905b9c5d31a087c041a5f4d5cd9fe3e9e12c79cabf0156f6"}]},{"ctin":"27AANFT3225H1Z1","cfs":"N","cname":null,"inv":[{"itms":[{"num":1801,"itm_det":{"csamt":0,"samt":139.63,"rt":18,"txval":1551.44,"camt":139.63}}],"val":1831,"samt":139.63,"txval":1551.44,"camt":139.63,"inum":"BL/2018-19/1403","iamt":0,"csamt":0,"inv_typ":"R","pos":"27","idt":"17-12-2018","rchrg":"N","chksum":"187bb47347ad03b34c3c1c001f84df8b665e959b4a85de0dc27fb48d8bf3d95d"},{"itms":[{"num":1201,"itm_det":{"csamt":0,"samt":25.71,"rt":12,"txval":428.57,"camt":25.71}}],"val":480,"samt":25.71,"txval":428.57,"camt":25.71,"inum":"BL/2018-19/1436","iamt":0,"csamt":0,"inv_typ":"R","pos":"27","idt":"20-12-2018","rchrg":"N","chksum":"617b291f6f530b2e082bd1417cbcf2f421b82080521ced212b778b6879cb5bf5"},{"itms":[{"num":1801,"itm_det":{"csamt":0,"samt":64.34,"rt":18,"txval":714.9,"camt":64.34}}],"val":844,"samt":64.34,"txval":714.9,"camt":64.34,"inum":"BL/2018-19/1517","iamt":0,"csamt":0,"inv_typ":"R","pos":"27","idt":"26-12-2018","rchrg":"N","chksum":"878bb6522d57862330b1059a585a6402f160456cfecde0a5e9d0c3e36d87edff"},{"itms":[{"num":1,"itm_det":{"csamt":0,"samt":592.2,"rt":12,"txval":9870,"camt":592.2}}],"val":11054,"samt":592.2,"txval":9870,"camt":592.2,"inum":"TV/2018-19/907","iamt":0,"csamt":0,"inv_typ":"R","pos":"27","idt":"17-12-2018","rchrg":"N","chksum":"038a82f2d0746b219432d89e9d592f9f87fff06716c9a481e9d9d70ab9a1ffbb"},{"itms":[{"num":1,"itm_det":{"csamt":0,"samt":226.2,"rt":12,"txval":3770,"camt":226.2}}],"val":4222,"samt":226.2,"txval":3770,"camt":226.2,"inum":"TV/2018-19/957","iamt":0,"csamt":0,"inv_typ":"R","pos":"27","idt":"27-12-2018","rchrg":"N","chksum":"47b1d24a88aef755ad86b9ab40130c5126257d6a83069974c988eed618f40a55"}]},{"ctin":"27AARFR6994D1ZH","cfs":"N","cname":null,"inv":[{"itms":[{"num":1201,"itm_det":{"csamt":0,"samt":661.8,"rt":12,"txval":11030,"camt":661.8}}],"val":12354,"samt":661.8,"txval":11030,"camt":661.8,"inum":"210","iamt":0,"csamt":0,"inv_typ":"R","pos":"27","idt":"14-01-2019","rchrg":"N","chksum":"a2c1dadebca9874d4b29c13a024797de03ddfae68f4607d3b273cbadb328e556"}]},{"ctin":"27AADFG7187R1ZI","cfs":"N","cname":null,"inv":[{"itms":[{"num":1201,"itm_det":{"csamt":0,"samt":240.42,"rt":12,"txval":4007,"camt":240.42}}],"val":4488,"samt":240.42,"txval":4007,"camt":240.42,"inum":"6019","iamt":0,"csamt":0,"inv_typ":"R","pos":"27","idt":"31-01-2019","rchrg":"N","chksum":"f3b0a84e8b544becc161d17585e7f916402b64a716c0ae6fee46559889e4b38a"},{"itms":[{"num":1201,"itm_det":{"csamt":0,"samt":122.22,"rt":12,"txval":2037,"camt":122.22}}],"val":2281.44,"samt":122.22,"txval":2037,"camt":122.22,"inum":"6560","iamt":0,"csamt":0,"inv_typ":"R","pos":"27","idt":"28-02-2019","rchrg":"N","chksum":"cfe37e4d840b7d348bf81cdbf19670b238ce9abd4f180d537ca794b8efcbc4e4"},{"itms":[{"num":1201,"itm_det":{"csamt":0,"samt":115.08,"rt":12,"txval":1918,"camt":115.08}}],"val":2148,"samt":115.08,"txval":1918,"camt":115.08,"inum":"7141","iamt":0,"csamt":0,"inv_typ":"R","pos":"27","idt":"30-03-2019","rchrg":"N","chksum":"77aaccd61d0474674e68c460874125722be2455627454234622d28344abea514"}]},{"ctin":"27AAFFG1090H1ZJ","cfs":"N","cname":null,"inv":[{"itms":[{"num":1201,"itm_det":{"csamt":0,"samt":56.55,"rt":12,"txval":942.5,"camt":56.55}}],"val":1056,"samt":56.55,"txval":942.5,"camt":56.55,"inum":"12492","iamt":0,"csamt":0,"inv_typ":"R","pos":"27","idt":"15-01-2019","rchrg":"N","chksum":"6dce0362a365d0b5b696b399a2cb7a1e4a993e2a3984a1a633a0787439291034"},{"itms":[{"num":1201,"itm_det":{"csamt":0,"samt":104.55,"rt":12,"txval":1742.5,"camt":104.55}}],"val":1952,"samt":104.55,"txval":1742.5,"camt":104.55,"inum":"12493","iamt":0,"csamt":0,"inv_typ":"R","pos":"27","idt":"15-01-2019","rchrg":"N","chksum":"b12470863c909a7daac21064902d5b37689bd4243b90e0abc79d09784b1c25e6"},{"itms":[{"num":1201,"itm_det":{"csamt":0,"samt":36.9,"rt":12,"txval":615,"camt":36.9}}],"val":689,"samt":36.9,"txval":615,"camt":36.9,"inum":"13127","iamt":0,"csamt":0,"inv_typ":"R","pos":"27","idt":"31-01-2019","rchrg":"N","chksum":"e9a13b46f4be7ae4aa743712bfa59f3b87812b40ebc53c3d7a43b151ecca37b9"},{"itms":[{"num":1201,"itm_det":{"csamt":0,"samt":352.8,"rt":12,"txval":5880,"camt":352.8}}],"val":6586,"samt":352.8,"txval":5880,"camt":352.8,"inum":"13128","iamt":0,"csamt":0,"inv_typ":"R","pos":"27","idt":"31-01-2019","rchrg":"N","chksum":"c513e7b77d9fe6c7f2051b1c9f006b30b2719fe3e2180256973069046fe8c193"},{"itms":[{"num":1201,"itm_det":{"csamt":0,"samt":55.35,"rt":12,"txval":922.5,"camt":55.35}}],"val":1033,"samt":55.35,"txval":922.5,"camt":55.35,"inum":"13782","iamt":0,"csamt":0,"inv_typ":"R","pos":"27","idt":"15-02-2019","rchrg":"N","chksum":"8c759882bdc104f145fc775dbc574985822317f7ff5455a6ef498b168abf5a53"},{"itms":[{"num":1201,"itm_det":{"csamt":0,"samt":276.75,"rt":12,"txval":4612.5,"camt":276.75}}],"val":5166,"samt":276.75,"txval":4612.5,"camt":276.75,"inum":"13783","iamt":0,"csamt":0,"inv_typ":"R","pos":"27","idt":"15-02-2019","rchrg":"N","chksum":"3e80729fce2f44304d7f27b077c0368fde271c73d1692c8c31c43ee42885a02a"},{"itms":[{"num":1201,"itm_det":{"csamt":0,"samt":95.4,"rt":12,"txval":1590,"camt":95.4}}],"val":1781,"samt":95.4,"txval":1590,"camt":95.4,"inum":"14277","iamt":0,"csamt":0,"inv_typ":"R","pos":"27","idt":"28-02-2019","rchrg":"N","chksum":"034a55a90ecfcb5d04a4a4b8cde00b81d7c30780acecaf363b369cc25ca96153"},{"itms":[{"num":1201,"itm_det":{"csamt":0,"samt":264.39,"rt":12,"txval":4406.5,"camt":264.39}}],"val":4935,"samt":264.39,"txval":4406.5,"camt":264.39,"inum":"14278","iamt":0,"csamt":0,"inv_typ":"R","pos":"27","idt":"28-02-2019","rchrg":"N","chksum":"f0c51b75f501d586fc1726e37257e8cbb5111537a5b498b40a2828135aeebc67"}]},{"ctin":"27AFNPG7422E1ZI","cfs":"Y","cname":null,"inv":[{"itms":[{"num":1,"itm_det":{"csamt":0,"samt":642,"rt":12,"txval":10693,"camt":642}}],"val":11977,"samt":642,"txval":10693,"camt":642,"inum":"BL00950/19","iamt":0,"csamt":0,"inv_typ":"R","pos":"27","idt":"31-01-2019","rchrg":"N","chksum":"ae6497aed8d9577b4634a369ec86dbf1cf186d1b8e63c2cb2eb28a029e5ccb7c"},{"itms":[{"num":1,"itm_det":{"csamt":0,"samt":580,"rt":12,"txval":9667,"camt":580}}],"val":10827,"samt":580,"txval":9667,"camt":580,"inum":"BL01040/19","iamt":0,"csamt":0,"inv_typ":"R","pos":"27","idt":"28-02-2019","rchrg":"N","chksum":"fc92ef27b92c36e71d583723e5c8a61b4328f1c5a1426d418d028d9840e1e4f6"},{"itms":[{"num":1,"itm_det":{"csamt":0,"samt":570,"rt":12,"txval":9501,"camt":570}}],"val":10641,"samt":570,"txval":9501,"camt":570,"inum":"BL01111/19","iamt":0,"csamt":0,"inv_typ":"R","pos":"27","idt":"30-03-2019","rchrg":"N","chksum":"e8fc1071f9a0754f7c9b3b3f4f1d40dcf30938c94914361f335758d4984d7da2"}]},{"ctin":"27ALJPS1534P1ZH","cfs":"N","cname":null,"inv":[{"itms":[{"num":1,"itm_det":{"csamt":0,"samt":48,"rt":12,"txval":798,"camt":48}}],"val":894,"samt":48,"txval":798,"camt":48,"inum":"S12184","iamt":0,"csamt":0,"inv_typ":"R","pos":"27","idt":"11-12-2018","rchrg":"N","chksum":"62573edc505070ce8f0cd3ab197af7997696aeb4fc55832e1eff99bb686e70c1"}]}],"cdnr":[{"cfs":"N","ctin":"25AAKCM6694H1ZY","nt":[{"itms":[{"num":1,"itm_det":{"csamt":0,"samt":0,"rt":12,"txval":780,"camt":0,"iamt":93.6}}],"val":873.6,"samt":0,"txval":780,"nt_num":"DMCSR180800016","camt":0,"inum":"DM/FS/2031/1718","nt_dt":"04-08-2018","iamt":93.6,"p_gst":"N","csamt":0,"ntty":"C","idt":"01-03-2018","chksum":"705dc2c3608d0049c1014bae957d6376d62f0736c651104a04f5c2f40d4f7e01"}]},{"cfs":"Y","ctin":"27AAXCS5823M1ZF","nt":[{"itms":[{"num":1,"itm_det":{"csamt":0,"samt":88.74,"rt":12,"txval":1479,"camt":88.74,"iamt":0}}],"val":1656.48,"samt":88.74,"txval":1479,"nt_num":"12787","camt":88.74,"inum":"GIRTSIM1801051","nt_dt":"16-01-2019","iamt":0,"p_gst":"N","csamt":0,"ntty":"C","idt":"31-12-2018","chksum":"35c700db5d7fb3d73a70f29da5691dbf24860447526197df640a32a520d494c2"},{"itms":[{"num":1,"itm_det":{"csamt":0,"samt":118.8,"rt":12,"txval":1980,"camt":118.8,"iamt":0}}],"val":2217.6,"samt":118.8,"txval":1980,"nt_num":"12907","camt":118.8,"inum":"GIRTSIM1801051","nt_dt":"31-01-2019","iamt":0,"p_gst":"N","csamt":0,"ntty":"C","idt":"31-12-2018","chksum":"9cb8e10124af3abfe7a696db8bfc71c048dfb5c0304d8bb2034a24e02c18fa2f"},{"itms":[{"num":1,"itm_det":{"csamt":0,"samt":88.74,"rt":12,"txval":1479,"camt":88.74,"iamt":0}}],"val":1656.48,"samt":88.74,"txval":1479,"nt_num":"13549","camt":88.74,"inum":"GIRTSIM1801166","nt_dt":"28-02-2019","iamt":0,"p_gst":"N","csamt":0,"ntty":"C","idt":"31-01-2019","chksum":"fdf9adfb2d0906b790a694cf951bfec556652bfc71f66e990bb4b198c7c98a32"},{"itms":[{"num":1,"itm_det":{"csamt":0,"samt":88.74,"rt":12,"txval":1479,"camt":88.74,"iamt":0}}],"val":1656.48,"samt":88.74,"txval":1479,"nt_num":"13553","camt":88.74,"inum":"GIRTSIM1801166","nt_dt":"28-02-2019","iamt":0,"p_gst":"N","csamt":0,"ntty":"C","idt":"31-01-2019","chksum":"515c830a5e750fa682292f6dc754411739e4b9da266a5b236105745f0250084d"}]},{"cfs":"Y","ctin":"27AAACY4371M1ZV","nt":[{"itms":[{"num":1,"itm_det":{"csamt":0,"samt":21.06,"rt":12,"txval":351,"camt":21.06,"iamt":0}}],"val":393.12,"samt":21.06,"txval":351,"nt_num":"CNWHL01126","camt":21.06,"inum":"WHOL08330","nt_dt":"14-02-2019","iamt":0,"p_gst":"N","csamt":0,"ntty":"C","idt":"31-01-2019","chksum":"3bbe87846626a2ec16d1a32207bc6c8ab2cfe165ea502b18853c7217983176c9"}]}]}