<?xml version="1.0" encoding="UTF-8" standalone="no"?>
<ITRETURN:ITR xmlns:ITRETURN="http://incometaxindiaefiling.gov.in/main" xmlns:ITR2AFORM="http://incometaxindiaefiling.gov.in/ITR2A" xmlns:ITRForm="http://incometaxindiaefiling.gov.in/master" xmlns:xsi="http://www.w3.org/2001/XMLSchema-instance">
<ITR2AFORM:ITR2A>
  <ITRForm:CreationInfo>
    <ITRForm:SWVersionNo name="creationInfo.swVersionNo">R5</ITRForm:SWVersionNo>
    <ITRForm:SWCreatedBy name="creationInfo.swCreatedBy">SW91201617</ITRForm:SWCreatedBy>
    <ITRForm:XMLCreatedBy name="creationInfo.xmlCreatedBy">SW91201617</ITRForm:XMLCreatedBy>
    <ITRForm:XMLCreationDate name="creationInfo.xmlCreationDate">2014-11-19</ITRForm:XMLCreationDate>
    <ITRForm:IntermediaryCity name="creationInfo.intermediaryCity">Delhi</ITRForm:IntermediaryCity>
    <ITRForm:Digest>-</ITRForm:Digest>
  </ITRForm:CreationInfo>
  <ITRForm:Form_ITR2A>
    <ITRForm:FormName name="formITR2.formName">ITR-2A</ITRForm:FormName>
    <ITRForm:Description name="formITR2.description">For Indls and  HUFs not having Income from Business or Profession and CG and who do not hold any Foreign Assets</ITRForm:Description>
    <ITRForm:AssessmentYear name="formITR2.assessmentYear">2016</ITRForm:AssessmentYear>
    <ITRForm:SchemaVer name="formITR2.schemaVer">Ver1.0</ITRForm:SchemaVer>
    <ITRForm:FormVer name="formITR2.formVer">Ver1.1</ITRForm:FormVer>
  </ITRForm:Form_ITR2A>
  <ITRForm:PartA_GEN1>
    <ITRForm:PersonalInfo>
      <ITRForm:AssesseeName>
        <ITRForm:FirstName name="partAGEN1.personalInfo.assesseeName.firstName"/>
        <ITRForm:MiddleName name="partAGEN1.personalInfo.assesseeName.middleName"/>
        <ITRForm:SurNameOrOrgName name="partAGEN1.personalInfo.assesseeName.surNameOrOrgName"/>
      </ITRForm:AssesseeName>
      <ITRForm:PAN name="partAGEN1.personalInfo.pan"/>
      <ITRForm:Address>
        <ITRForm:ResidenceNo name="partAGEN1.personalInfo.address.residenceNo"/>
        <ITRForm:ResidenceName name="partAGEN1.personalInfo.address.residenceName"/>
        <ITRForm:RoadOrStreet name="partAGEN1.personalInfo.address.roadOrStreet"/>
        <ITRForm:LocalityOrArea name="partAGEN1.personalInfo.address.localityOrArea"/>
        <ITRForm:CityOrTownOrDistrict name="partAGEN1.personalInfo.address.cityOrTownOrDistrict"/>
        <ITRForm:StateCode name="partAGEN1.personalInfo.address.stateCode"/>
        <ITRForm:CountryCode name="partAGEN1.personalInfo.address.country"/>
        <ITRForm:PinCode name="partAGEN1.personalInfo.address.pinCode"/>
        <ITRForm:Phone>
          <ITRForm:STDcode name="partAGEN1.personalInfo.address.phone.stDcode"/>
          <ITRForm:PhoneNo name="partAGEN1.personalInfo.address.phone.phoneNo"/>
        </ITRForm:Phone>
        <ITRForm:MobileNo name="partAGEN1.personalInfo.address.mobileNo"/>
        <ITRForm:MobileNoSec name="partAGEN1.personalInfo.address.secMobileNo"/>
        <ITRForm:EmailAddress name="partAGEN1.personalInfo.address.emailAddress"/>
        <ITRForm:EmailAddressSec name="partAGEN1.personalInfo.address.emailAddressSec"/>        
      </ITRForm:Address>
      <ITRForm:DOB name="partAGEN1.personalInfo.dob"/>
      <ITRForm:EmployerCategory name="partAGEN1.personalInfo.employerCategory"/>
      <ITRForm:Gender name="partAGEN1.personalInfo.gender"/>
      <ITRForm:Status name="partAGEN1.personalInfo.status"/>
      <ITRForm:AadhaarCardFlg name="partAGEN1.personalInfo.adharNoOption" />
      <ITRForm:AadhaarCardNo name="partAGEN1.personalInfo.adharNumber" />
      <ITRForm:PassportNo name="partAGEN1.personalInfo.passportNumber"/>
    </ITRForm:PersonalInfo>
    <ITRForm:FilingStatus>
      <ITRForm:DesigOfficerWardorCircle name="partAGEN1.filingStatus.desigOfficerWardorCircle"/>
     <ITRForm:ReturnFileSec name="partAGEN1.filingStatus.returnFileSec"/>
      <ITRForm:NoticeNo name="partAGEN1.filingStatus.noticeNo"/>
      <ITRForm:ReturnType name="partAGEN1.filingStatus.returnType"/>
      <ITRForm:ReceiptNo name="partAGEN1.filingStatus.receiptNo"/>
      <ITRForm:OrigRetFiledDate name="partAGEN1.filingStatus.origRetFiledDate"/>
      <ITRForm:ResidentialStatus name="partAGEN1.filingStatus.residentialStatus"/>
      <ITRForm:AsseseeRepFlg name="partAGEN1.filingStatus.asseseeRepFlg"/>
      <ITRForm:AssesseeRep>
        <ITRForm:RepName name="partAGEN1.filingStatus.assesseeRep.repName"/>
        <ITRForm:RepAddress name="partAGEN1.filingStatus.assesseeRep.repAddress"/>
        <ITRForm:RepPAN name="partAGEN1.filingStatus.assesseeRep.repPAN"/>
      </ITRForm:AssesseeRep>
      <ITRForm:PortugeseCC5A name="partAGEN1.filingStatus.portugeseCC5A"/>
      <ITRForm:NoticeDateUnderSec name="partAGEN1.filingStatus.noticeDateUnderSec"/>
    </ITRForm:FilingStatus>
  </ITRForm:PartA_GEN1>
  <ITRForm:PartB-TI>
    <ITRForm:Salaries name="partBTI.salaries"/>
    <ITRForm:IncomeFromHP name="partBTI.incomeFromHP"/>
    
			<ITRForm:IncFromOS>
				<ITRForm:OtherSrcThanOwnRaceHorse name="partBTI.incFromOS.otherSrcThanOwnRaceHorse"/>
				<ITRForm:IncChargblSplRate name="partBTI.incFromOS.incChargeSplRate"/>
				<ITRForm:FromOwnRaceHorse name="partBTI.incFromOS.fromOwnRaceHorse"/>
				<ITRForm:TotIncFromOS name="partBTI.incFromOS.totIncFromOS"/>
			</ITRForm:IncFromOS>
    <ITRForm:TotalTI name="partBTI.totalTI">0</ITRForm:TotalTI>
    <ITRForm:CurrentYearLoss name="partBTI.currentYearLoss">0</ITRForm:CurrentYearLoss>
    <ITRForm:BalanceAfterSetoffLosses name="partBTI.balanceAfterSetoffLosses">0</ITRForm:BalanceAfterSetoffLosses>
    <ITRForm:BroughtFwdLossesSetoff name="partBTI.broughtFwdLossesSetoff">0</ITRForm:BroughtFwdLossesSetoff>
    <ITRForm:GrossTotalIncome name="partBTI.grossTotalIncome">0</ITRForm:GrossTotalIncome>
	<ITRForm:IncChargeTaxSplRate111A112 name="partBTI.incChargeTaxSplRate111A112">0</ITRForm:IncChargeTaxSplRate111A112>
    <ITRForm:DeductionsUnderScheduleVIA name="partBTI.deductionsUnderScheduleVIA">0</ITRForm:DeductionsUnderScheduleVIA>
	<ITRForm:TotalIncome name="partBTI.totalIncome"/>
	<ITRForm:IncChargeableTaxSplRates name="partBTI.incomeChargeableTotTax">0</ITRForm:IncChargeableTaxSplRates>
    <ITRForm:NetAgricultureIncomeOrOtherIncomeForRate name="partBTI.netAgricultureIncomeOrOtherIncomeForRate">0</ITRForm:NetAgricultureIncomeOrOtherIncomeForRate>
    <ITRForm:AggregateIncome name="partBTI.aggregateIncome">0</ITRForm:AggregateIncome>
    <ITRForm:LossesOfCurrentYearCarriedFwd name="partBTI.lossesOfCurrentYearCarriedFwd">0</ITRForm:LossesOfCurrentYearCarriedFwd>
  </ITRForm:PartB-TI>
  <ITRForm:PartB_TTI>
    <ITRForm:ComputationOfTaxLiability>
      <ITRForm:TaxPayableOnTI>
        <ITRForm:TaxAtNormalRatesOnAggrInc name="partBTTI.computationOfTaxLiability.taxPayableOnTI.taxAtNormalRatesOnAggrInc"/>
        <ITRForm:TaxAtSpecialRates name="partBTTI.computationOfTaxLiability.taxPayableOnTI.taxAtSpecialRates"/>
        <ITRForm:RebateOnAgriInc name="partBTTI.computationOfTaxLiability.taxPayableOnTI.rebateOnAgriInc"/>
        <ITRForm:TaxPayableOnTotInc name="partBTTI.computationOfTaxLiability.taxPayableOnTI.taxPayableOnTotInc"/>
      </ITRForm:TaxPayableOnTI>
      <ITRForm:Rebate87A name="partBTTI.computationOfTaxLiability.taxPayableOnTI.rebate87A"/>
      <ITRForm:TaxPayableOnRebate name="partBTTI.computationOfTaxLiability.taxPayableOnTI.taxPayable"/>
      <ITRForm:SurchargeOnAboveCrore name="partBTTI.computationOfTaxLiability.taxPayableOnTI.surcharge"/>
      <ITRForm:EducationCess name="partBTTI.computationOfTaxLiability.educationCess"/>
      <ITRForm:GrossTaxLiability name="partBTTI.computationOfTaxLiability.grossTaxLiability"/>
      <ITRForm:TaxRelief>
        <ITRForm:Section89 name="partBTTI.computationOfTaxLiability.taxRelief.section89">0</ITRForm:Section89>        
      </ITRForm:TaxRelief>
      <ITRForm:NetTaxLiability name="partBTTI.computationOfTaxLiability.netTaxLiability">0</ITRForm:NetTaxLiability>
      <ITRForm:IntrstPay>
        <ITRForm:IntrstPayUs234A name="partBTTI.computationOfTaxLiability.intrstPay.intrstPayUs234A">0</ITRForm:IntrstPayUs234A>
        <ITRForm:IntrstPayUs234B name="partBTTI.computationOfTaxLiability.intrstPay.intrstPayUs234B">0</ITRForm:IntrstPayUs234B>
        <ITRForm:IntrstPayUs234C name="partBTTI.computationOfTaxLiability.intrstPay.intrstPayUs234C">0</ITRForm:IntrstPayUs234C>
        <ITRForm:TotalIntrstPay name="partBTTI.computationOfTaxLiability.intrstPay.totalIntrstPay">0</ITRForm:TotalIntrstPay>
      </ITRForm:IntrstPay>
      <ITRForm:AggregateTaxInterestLiability name="partBTTI.computationOfTaxLiability.aggregateTaxInterestLiability"/>
    </ITRForm:ComputationOfTaxLiability>
    <ITRForm:TaxPaid>
      <ITRForm:TaxesPaid>
        <ITRForm:AdvanceTax name="partBTTI.taxPaid.taxesPaid.advanceTax"/>
        <ITRForm:TDS name="partBTTI.taxPaid.taxesPaid.tds"/>
        <ITRForm:TCS name="partBTTI.taxPaid.taxesPaid.tcs"/>
        <ITRForm:SelfAssessmentTax name="partBTTI.taxPaid.taxesPaid.selfAssessmentTax"/>
        <ITRForm:TotalTaxesPaid name="partBTTI.taxPaid.taxesPaid.totalTaxesPaid"/>
      </ITRForm:TaxesPaid>
      <ITRForm:BalTaxPayable name="partBTTI.taxPaid.balTaxPayable"/>
    </ITRForm:TaxPaid>
    <ITRForm:Refund>
      <ITRForm:RefundDue name="partBTTI.refundsDue">0</ITRForm:RefundDue>
      <ITRForm:BankAccountDtls>
         <ITRForm:PriBankDetails>
        	<ITRForm:IFSCCode name="partBTTI.bankAccountDtls.priBankDetails.iFSCCode" />
			<ITRForm:BankName name="partBTTI.bankAccountDtls.priBankDetails.bankName" />
			<ITRForm:BankAccountNo name="partBTTI.bankAccountDtls.priBankDetails.bankAccountNumber" />
			<ITRForm:BankAccountType name="partBTTI.bankAccountDtls.priBankDetails.bankAccountType" />
         </ITRForm:PriBankDetails>
         <ITRForm:AddtnlBankDetails>
            <ITRForm:IFSCCode name="partBTTI.bankAccountDtls.otherBankDetails[0].ifscCode" />
			<ITRForm:BankName name="partBTTI.bankAccountDtls.otherBankDetails[0].bankName" />
			<ITRForm:BankAccountNo name="partBTTI.bankAccountDtls.otherBankDetails[0].accNo" />
			<ITRForm:BankAccountType name="partBTTI.bankAccountDtls.otherBankDetails[0].bankAccType" />
         </ITRForm:AddtnlBankDetails>
         <ITRForm:BankAccounts name="partBTTI.bankAccountDtls.noOfBankAcc"></ITRForm:BankAccounts>
      </ITRForm:BankAccountDtls>
    </ITRForm:Refund>
  </ITRForm:PartB_TTI>
  <ITRForm:Verification>
    <ITRForm:Declaration>
      <ITRForm:AssesseeVerName name="verification.declaration.assesseeVerName"/>
      <ITRForm:FatherName name="verification.declaration.fatherName"/>
      <ITRForm:AssesseeVerPAN name="verification.declaration.assesseeVerPAN"/>
    </ITRForm:Declaration>
    <ITRForm:Place name="verification.place"/>
    <ITRForm:Date name="verification.date"/>
  </ITRForm:Verification>
  <ITRForm:TaxReturnPreparer>
    <ITRForm:IdentificationNoOfTRP name="taxReturnPreparer[0].identificationNoOfTRP"/>
    <ITRForm:NameOfTRP name="taxReturnPreparer[0].nameOfTRP"/>
    <ITRForm:ReImbFrmGov name="taxReturnPreparer[0].reImbFrmGov">0</ITRForm:ReImbFrmGov>
  </ITRForm:TaxReturnPreparer>
  <ITRForm:ScheduleS>
    <ITRForm:Salaries>
      <ITRForm:NameOfEmployer name="scheduleS.salaries[0].nameOfEmployer"/>
      <ITRForm:PANofEmployer name="scheduleS.salaries[0].paNofEmployer"/>
      <ITRForm:AddressDetail>
        <ITRForm:AddrDetail name="scheduleS.salaries[0].addressDetail.addrDetail"/>
        <ITRForm:CityOrTownOrDistrict name="scheduleS.salaries[0].addressDetail.cityOrTownOrDistrict"/>
        <ITRForm:StateCode name="scheduleS.salaries[0].addressDetail.stateCode"/>
        <ITRForm:PinCode name="scheduleS.salaries[0].addressDetail.pinCode"/>
      </ITRForm:AddressDetail>
      <ITRForm:Salarys>
        <ITRForm:Salary name="scheduleS.salaries[0].salarys.salary">0</ITRForm:Salary>
		<ITRForm:ExemptUSection10Travel name="scheduleS.salaries[0].salarys.travelConcession">0</ITRForm:ExemptUSection10Travel>
		<ITRForm:ExemptUSection10NonMonetary name="scheduleS.salaries[0].salarys.TaxPaidNonMonetary">0</ITRForm:ExemptUSection10NonMonetary>
		<ITRForm:ExemptUSection10HouseRent name="scheduleS.salaries[0].salarys.allowanceExpHouseRent">0</ITRForm:ExemptUSection10HouseRent>
		<ITRForm:ExemptUSection10Oth name="scheduleS.salaries[0].salarys.otherAllowances">0</ITRForm:ExemptUSection10Oth>
        <ITRForm:AllowancesNotExempt name="scheduleS.salaries[0].salarys.allowancesNotExempt">0</ITRForm:AllowancesNotExempt>
        <ITRForm:ValueOfPerquisites name="scheduleS.salaries[0].salarys.valueOfPerquisites">0</ITRForm:ValueOfPerquisites>
        <ITRForm:ProfitsinLieuOfSalary name="scheduleS.salaries[0].salarys.profitsinLieuOfSalary">0</ITRForm:ProfitsinLieuOfSalary>
        <ITRForm:DeductionUnderSection16 name="scheduleS.salaries[0].salarys.deductionUnderSection16">0</ITRForm:DeductionUnderSection16>
        <ITRForm:IncomeFromSalary name="scheduleS.salaries[0].salarys.incomeFromSalary">0</ITRForm:IncomeFromSalary>
      </ITRForm:Salarys>
    </ITRForm:Salaries>
    <ITRForm:TotIncUnderHeadSalaries name="scheduleS.incomeChargeable"/>
  </ITRForm:ScheduleS>
  <ITRForm:ScheduleHP>
    <ITRForm:PropertyDetails>
      <ITRForm:HPSNo name="scheduleHP.propertyDetails[0].hpSno"/>
      <ITRForm:AddressDetail>
        <ITRForm:AddrDetail name="scheduleHP.propertyDetails[0].addressDetail.addrDetail"/>
        <ITRForm:CityOrTownOrDistrict name="scheduleHP.propertyDetails[0].addressDetail.cityOrTownOrDistrict"/>
        <ITRForm:StateCode name="scheduleHP.propertyDetails[0].addressDetail.stateCode"/>
        <ITRForm:PinCode name="scheduleHP.propertyDetails[0].addressDetail.pinCode"/>
      </ITRForm:AddressDetail>
      <ITRForm:PropCoOwnedFlg name="scheduleHP.propertyDetails[0].propCoOwnedFlg"/>
      <ITRForm:AsseseeShareProperty name="scheduleHP.propertyDetails[0].asseseeShareProperty">0</ITRForm:AsseseeShareProperty>
      <ITRForm:CoOwners>
        <ITRForm:CoOwnersSNo name="scheduleHP.propertyDetails[0].coOwners[0].coOwnersSNo"/>
        <ITRForm:NameCoOwner name="scheduleHP.propertyDetails[0].coOwners[0].nameCoOwner"/>
        <ITRForm:PAN_CoOwner name="scheduleHP.propertyDetails[0].coOwners[0].panCoOwner"/>
        <ITRForm:PercentShareProperty name="scheduleHP.propertyDetails[0].coOwners[0].percentShareProperty"/>
      </ITRForm:CoOwners>
      <ITRForm:ifLetOut name="scheduleHP.propertyDetails[0].ifLetOut"/>
	  <ITRForm:TenantDetails>
	  	<ITRForm:TenantSNo name="scheduleHP.propertyDetails[0].coTenants[0].coTenantsSNo"/>
		<ITRForm:NameofTenant name="scheduleHP.propertyDetails[0].coTenants[0].nameOfTenant" />
		<ITRForm:PANofTenant name="scheduleHP.propertyDetails[0].coTenants[0].panofTenant" />
	 </ITRForm:TenantDetails>
     <ITRForm:Rentdetails>
        <ITRForm:AnnualLetableValue name="scheduleHP.propertyDetails[0].rentdetails.annualLetableValue">0</ITRForm:AnnualLetableValue>
        <ITRForm:RentNotRealized name="scheduleHP.propertyDetails[0].rentdetails.rentNotRealized">0</ITRForm:RentNotRealized>
        <ITRForm:LocalTaxes name="scheduleHP.propertyDetails[0].rentdetails.localTaxes">0</ITRForm:LocalTaxes>
        <ITRForm:TotalUnrealizedAndTax name="scheduleHP.propertyDetails[0].rentdetails.totalUnrealizedAndTax">0</ITRForm:TotalUnrealizedAndTax>
        <ITRForm:BalanceALV name="scheduleHP.propertyDetails[0].rentdetails.balanceALV">0</ITRForm:BalanceALV>
		<ITRForm:AnnualOfPropOwned name ="scheduleHP.propertyDetails[0].rentdetails.incomeChargbleOwnHands">0</ITRForm:AnnualOfPropOwned>
        <ITRForm:ThirtyPercentOfBalance name="scheduleHP.propertyDetails[0].rentdetails.thirtyPercentOfBalance">0</ITRForm:ThirtyPercentOfBalance>
        <ITRForm:IntOnBorwCap name="scheduleHP.propertyDetails[0].rentdetails.intOnBorwCap">0</ITRForm:IntOnBorwCap>
        <ITRForm:TotalDeduct name="scheduleHP.propertyDetails[0].rentdetails.totalDeduct">0</ITRForm:TotalDeduct>
        <ITRForm:IncomeOfHP name="scheduleHP.propertyDetails[0].rentdetails.incomeOfHP">0</ITRForm:IncomeOfHP>
	</ITRForm:Rentdetails>
    </ITRForm:PropertyDetails>
    <ITRForm:RentOfEarlierYrSec25AandAA name="scheduleHP.rentOfEarlierYrSec25AandAA"/>
    <ITRForm:RentArearsSec25BAfter30pcDeduct name="scheduleHP.rentArearsSec25BAfter30PcDeduct"/>
    <ITRForm:TotalIncomeChargeableUnHP name="scheduleHP.totalIncomeChargeableUnHP"/>
  </ITRForm:ScheduleHP>
  <ITRForm:ScheduleOS>
    <ITRForm:IncOthThanOwnRaceHorse>
      <ITRForm:DividendGross name="scheduleOS.incOthThanOwnRaceHorse.dividendGross"/>
      <ITRForm:InterestGross name="scheduleOS.incOthThanOwnRaceHorse.interestGross"/>
      <ITRForm:RentFromMachPlantBldgs name="scheduleOS.incOthThanOwnRaceHorse.rentFromMachPlantBldgs"/>
      <ITRForm:OthersGrossDtls>
        <ITRForm:SourceDescription name="scheduleOS.incOthThanOwnRaceHorse.othersGrossDtls[0].sourceDescription"/>
		<ITRForm:OtherSourceDesc name="scheduleOS.incOthThanOwnRaceHorse.othersGrossDtls[0].otherDesc"/>
        <ITRForm:SourceAmount name="scheduleOS.incOthThanOwnRaceHorse.othersGrossDtls[0].sourceAmount"/>
		</ITRForm:OthersGrossDtls>
      <ITRForm:OthersGross name="scheduleOS.othersGross"/>
      <ITRForm:TotalOSGross name="scheduleOS.totalOSGross"/>
      <ITRForm:IncChargblSplRateOS>
      	<ITRForm:WinningFrmLotteries name="scheduleOS.incChargblSplRateOS.winningFrmLotteries"/>
      	<ITRForm:SecXIIOth name="scheduleOS.incChargblSplRateOS.secXIIOth"/>
		
		<ITRForm:NRIOsDTAA>
			<ITRForm:NRIDTAADtlsSchOS>
				<ITRForm:CountryName name="scheduleOS.incChargblSplRateOS.nriIncTaxDtaa[0].countryName"/>
				<ITRForm:CountryCode name="scheduleOS.incChargblSplRateOS.nriIncTaxDtaa[0].countryCode"/>
				<ITRForm:DTAAarticle name="scheduleOS.incChargblSplRateOS.nriIncTaxDtaa[0].articleDtaa"/>
				<ITRForm:RateUsDTAA name="scheduleOS.incChargblSplRateOS.nriIncTaxDtaa[0].rateOfTax"/>
				<ITRForm:TaxRescertifiedFlag name="scheduleOS.incChargblSplRateOS.nriIncTaxDtaa[0].taxResidCertFlag"/>
				<ITRForm:ItemNoincl name="scheduleOS.incChargblSplRateOS.nriIncTaxDtaa[0].itemIncluded"/>
				<ITRForm:DTAAamt name="scheduleOS.incChargblSplRateOS.nriIncTaxDtaa[0].amount"/>
			</ITRForm:NRIDTAADtlsSchOS>
		</ITRForm:NRIOsDTAA>
		<ITRForm:TotalAmtTaxUsDTAASchOs name="scheduleOS.incChargblSplRateOS.nriIncTaxDtaa.totAmtUnderDtaa"/>
      	<ITRForm:TotalOSGrossChargblSplRate name="scheduleOS.incChargblSplRateOS.totalOSGrossChargblSplRate"/>
      </ITRForm:IncChargblSplRateOS>
      <ITRForm:GrossAmtChargblNormalRate name="scheduleOS.grossAmtChargblNormalRate"/>
      <ITRForm:Deductions>
        <ITRForm:Expenses name="scheduleOS.incOthThanOwnRaceHorse.deductions.expenses"/>
        <ITRForm:Depreciation name="scheduleOS.incOthThanOwnRaceHorse.deductions.depreciation"/>
        <ITRForm:TotDeductions name="scheduleOS.incOthThanOwnRaceHorse.deductions.totDeductions"/>
      </ITRForm:Deductions>
      <ITRForm:BalanceNoRaceHorse name="scheduleOS.balanceNoRaceHorse"/>
    </ITRForm:IncOthThanOwnRaceHorse>
    <ITRForm:TotOthSrcNoRaceHorse name="scheduleOS.totOthSrcNoRaceHorse"/>
    <ITRForm:IncFromOwnHorse>
      <ITRForm:Receipts name="scheduleOS.incFromOwnHorse.receipts"/>
      <ITRForm:DeductSec57 name="scheduleOS.incFromOwnHorse.deductSec57"/>
      <ITRForm:BalanceOwnRaceHorse name="scheduleOS.incFromOwnHorse.balanceOwnRaceHorse"/>
    </ITRForm:IncFromOwnHorse>
    <ITRForm:IncChargeable name="scheduleOS.incChargeable"/>
  </ITRForm:ScheduleOS>
  <ITRForm:ScheduleCYLA>
    <ITRForm:Salary>
      <ITRForm:IncCYLA>
        <ITRForm:IncOfCurYrUnderThatHead name="scheduleCYLA.Salaries.incCYLA.incOfCurYrUnderThatHead"/>
        <ITRForm:HPlossCurYrSetoff name="scheduleCYLA.Salaries.incCYLA.hPlossCurYrSetoff"/>
        <ITRForm:OthSrcLossNoRaceHorseSetoff name="scheduleCYLA.Salaries.incCYLA.othSrcLossNoRaceHorseSetoff"/>
        <ITRForm:IncOfCurYrAfterSetOff name="scheduleCYLA.Salaries.incCYLA.incOfCurYrAfterSetOff"/>
      </ITRForm:IncCYLA>
    </ITRForm:Salary>
    <ITRForm:HP>
      <ITRForm:IncCYLA>
        <ITRForm:IncOfCurYrUnderThatHead name="scheduleCYLA.houseProperty.incCYLA.incOfCurYrUnderThatHead"/>
        <ITRForm:OthSrcLossNoRaceHorseSetoff name="scheduleCYLA.houseProperty.incCYLA.othSrcLossNoRaceHorseSetoff"/>
        <ITRForm:IncOfCurYrAfterSetOff name="scheduleCYLA.houseProperty.incCYLA.incOfCurYrAfterSetOff"/>
      </ITRForm:IncCYLA>
    </ITRForm:HP>
    
    <ITRForm:OthSrcExclRaceHorse>
      <ITRForm:IncCYLA>
        <ITRForm:IncOfCurYrUnderThatHead name="scheduleCYLA.othSrcInclRaceHorse.incCYLA.incOfCurYrUnderThatHead"/>
        <ITRForm:HPlossCurYrSetoff name="scheduleCYLA.othSrcInclRaceHorse.incCYLA.hPlossCurYrSetoff"/>
        <ITRForm:IncOfCurYrAfterSetOff name="scheduleCYLA.othSrcInclRaceHorse.incCYLA.incOfCurYrAfterSetOff"/>
      </ITRForm:IncCYLA>
    </ITRForm:OthSrcExclRaceHorse>
    <ITRForm:OthSrcRaceHorse>
      <ITRForm:IncCYLA>
        <ITRForm:IncOfCurYrUnderThatHead name="scheduleCYLA.profitFrmRaceHorse.incCYLA.incOfCurYrUnderThatHead"/>
        <ITRForm:HPlossCurYrSetoff name="scheduleCYLA.profitFrmRaceHorse.incCYLA.hPlossCurYrSetoff"/>
        <ITRForm:OthSrcLossNoRaceHorseSetoff name="scheduleCYLA.profitFrmRaceHorse.incCYLA.othSrcLossNoRaceHorseSetoff"/>
        <ITRForm:IncOfCurYrAfterSetOff name="scheduleCYLA.profitFrmRaceHorse.incCYLA.incOfCurYrAfterSetOff"/>
      </ITRForm:IncCYLA>
    </ITRForm:OthSrcRaceHorse>
    <ITRForm:TotalCurYr>
      <ITRForm:TotHPlossCurYr name="scheduleCYLA.totalCurYr.totHPlossCurYr"/>
      <ITRForm:TotOthSrcLossNoRaceHorse name="scheduleCYLA.totalCurYr.totOthSrcLossNoRaceHorse"/>
    </ITRForm:TotalCurYr>
    <ITRForm:TotalLossSetOff>
      <ITRForm:TotHPlossCurYrSetoff name="scheduleCYLA.totalLossSetOff.totHPlossCurYrSetoff"/>
      <ITRForm:TotOthSrcLossNoRaceHorseSetoff name="scheduleCYLA.totalLossSetOff.totOthSrcLossNoRaceHorseSetoff"/>
    </ITRForm:TotalLossSetOff>
    <ITRForm:LossRemAftSetOff>
      <ITRForm:BalHPlossCurYrAftSetoff name="scheduleCYLA.lossRemAftSetOff.balHPlossCurYrAftSetoff"/>
      <ITRForm:BalOthSrcLossNoRaceHorseAftSetoff name="scheduleCYLA.lossRemAftSetOff.balOthSrcLossNoRaceHorseAftSetoff"/>
    </ITRForm:LossRemAftSetOff>
  </ITRForm:ScheduleCYLA>
  <ITRForm:ScheduleBFLA>
    <ITRForm:Salary>
	  <ITRForm:IncBFLA>
	    <ITRForm:IncOfCurYrUndHeadFromCYLA name="scheduleBFLA.salary.incBFLA.incOfCurYrUndHeadFromCYLA"/>
	    <ITRForm:IncOfCurYrAfterSetOffBFLosses name="scheduleBFLA.salary.incBFLA.incOfCurYrAfterSetOffBFLosses"/>
	  </ITRForm:IncBFLA>
	</ITRForm:Salary>
    <ITRForm:HP>
      <ITRForm:IncBFLA>
        <ITRForm:IncOfCurYrUndHeadFromCYLA name="scheduleBFLA.hp.incBFLA.incOfCurYrUndHeadFromCYLA"/>
        <ITRForm:BFlossPrevYrUndSameHeadSetoff name="scheduleBFLA.hp.incBFLA.bFlossPrevYrUndSameHeadSetoff"/>
        <ITRForm:IncOfCurYrAfterSetOffBFLosses name="scheduleBFLA.hp.incBFLA.incOfCurYrAfterSetOffBFLosses"/>
      </ITRForm:IncBFLA>
    </ITRForm:HP>
    	
    <ITRForm:OthSrcExclRaceHorse>
      <ITRForm:IncBFLA>
        <ITRForm:IncOfCurYrUndHeadFromCYLA name="scheduleBFLA.othSrcInclRaceHorse.incBFLA.incOfCurYrUndHeadFromCYLA"/>
        <ITRForm:BFlossPrevYrUndSameHeadSetoff name=""/>
        <ITRForm:IncOfCurYrAfterSetOffBFLosses name="scheduleBFLA.othSrcInclRaceHorse.incBFLA.incOfCurYrAfterSetOffBFLosses"/>
      </ITRForm:IncBFLA>
    </ITRForm:OthSrcExclRaceHorse>
    <ITRForm:OthSrcRaceHorse>
      <ITRForm:IncBFLA>
        <ITRForm:IncOfCurYrUndHeadFromCYLA name="scheduleBFLA.profitFrmRaceHorse.incBFLA.incOfCurYrUndHeadFromCYLA"/>
        <ITRForm:BFlossPrevYrUndSameHeadSetoff name="scheduleBFLA.profitFrmRaceHorse.incBFLA.bFlossPrevYrUndSameHeadSetoff"/>
        <ITRForm:IncOfCurYrAfterSetOffBFLosses name="scheduleBFLA.profitFrmRaceHorse.incBFLA.incOfCurYrAfterSetOffBFLosses"/>
      </ITRForm:IncBFLA>
    </ITRForm:OthSrcRaceHorse>
    <ITRForm:TotalBFLossSetOff>
      <ITRForm:TotBFLossSetoff name="scheduleBFLA.totalBFLossSetOff.totBFLossSetoff"/>
    </ITRForm:TotalBFLossSetOff>
    <ITRForm:IncomeOfCurrYrAftCYLABFLA name="scheduleBFLA.incomeOfCurrYrAftCYLABFLA"/>
  </ITRForm:ScheduleBFLA>
  <ITRForm:ScheduleCFL>
    <ITRForm:LossCFFromPrev8thYearFromAY>
      <ITRForm:CarryFwdLossDetail>
        <ITRForm:DateOfFiling name="scheduleCFL.lossCFFromPrev8ThYearFromAY.carryFwdLossDetail.dateOfFiling"/>
        <ITRForm:HPLossCF name="scheduleCFL.lossCFFromPrev8ThYearFromAY.carryFwdLossDetail.hpLossCF"/>
        
      </ITRForm:CarryFwdLossDetail>
    </ITRForm:LossCFFromPrev8thYearFromAY>
    <ITRForm:LossCFFromPrev7thYearFromAY>
      <ITRForm:CarryFwdLossDetail>
        <ITRForm:DateOfFiling name="scheduleCFL.lossCFFromPrev7ThYearFromAY.carryFwdLossDetail.dateOfFiling"/>
        <ITRForm:HPLossCF name="scheduleCFL.lossCFFromPrev7ThYearFromAY.carryFwdLossDetail.hpLossCF"/>
       
      </ITRForm:CarryFwdLossDetail>
    </ITRForm:LossCFFromPrev7thYearFromAY>
    <ITRForm:LossCFFromPrev6thYearFromAY>
      <ITRForm:CarryFwdLossDetail>
        <ITRForm:DateOfFiling name="scheduleCFL.lossCFFromPrev6ThYearFromAY.carryFwdLossDetail.dateOfFiling"/>
        <ITRForm:HPLossCF name="scheduleCFL.lossCFFromPrev6ThYearFromAY.carryFwdLossDetail.hpLossCF"/>
        
      </ITRForm:CarryFwdLossDetail>
    </ITRForm:LossCFFromPrev6thYearFromAY>
    <ITRForm:LossCFFromPrev5thYearFromAY>
      <ITRForm:CarryFwdLossDetail>
        <ITRForm:DateOfFiling name="scheduleCFL.lossCFFromPrev5ThYearFromAY.carryFwdLossDetail.dateOfFiling"/>
        <ITRForm:HPLossCF name="scheduleCFL.lossCFFromPrev5ThYearFromAY.carryFwdLossDetail.hpLossCF"/>
       
      </ITRForm:CarryFwdLossDetail>
    </ITRForm:LossCFFromPrev5thYearFromAY>
    <ITRForm:LossCFFromPrev4thYearFromAY>
      <ITRForm:CarryFwdLossDetail>
        <ITRForm:DateOfFiling name="scheduleCFL.lossCFFromPrev4ThYearFromAY.carryFwdLossDetail.dateOfFiling"/>
        <ITRForm:HPLossCF name="scheduleCFL.lossCFFromPrev4ThYearFromAY.carryFwdLossDetail.hpLossCF"/>
        
        <ITRForm:OthSrcLossRaceHorseCF name="scheduleCFL.lossCFFromPrev4ThYearFromAY.carryFwdLossDetail.othSrcLossRaceHorseCF"/>
      </ITRForm:CarryFwdLossDetail>
    </ITRForm:LossCFFromPrev4thYearFromAY>
    <ITRForm:LossCFFromPrev3rdYearFromAY>
      <ITRForm:CarryFwdLossDetail>
        <ITRForm:DateOfFiling name="scheduleCFL.lossCFFromPrev3RdYearFromAY.carryFwdLossDetail.dateOfFiling"/>
        <ITRForm:HPLossCF name="scheduleCFL.lossCFFromPrev3RdYearFromAY.carryFwdLossDetail.hpLossCF"/>
        
        <ITRForm:OthSrcLossRaceHorseCF name="scheduleCFL.lossCFFromPrev3RdYearFromAY.carryFwdLossDetail.othSrcLossRaceHorseCF"/>
      </ITRForm:CarryFwdLossDetail>
    </ITRForm:LossCFFromPrev3rdYearFromAY>
    <ITRForm:LossCFFromPrev2ndYearFromAY>
      <ITRForm:CarryFwdLossDetail>
        <ITRForm:DateOfFiling name="scheduleCFL.lossCFFromPrev2NdYearFromAY.carryFwdLossDetail.dateOfFiling"/>
        <ITRForm:HPLossCF name="scheduleCFL.lossCFFromPrev2NdYearFromAY.carryFwdLossDetail.hpLossCF"/>
       
        <ITRForm:OthSrcLossRaceHorseCF name="scheduleCFL.lossCFFromPrev2NdYearFromAY.carryFwdLossDetail.othSrcLossRaceHorseCF"/>
      </ITRForm:CarryFwdLossDetail>
    </ITRForm:LossCFFromPrev2ndYearFromAY>
    <ITRForm:LossCFFromPrevYrToAY>
      <ITRForm:CarryFwdLossDetail>
        <ITRForm:DateOfFiling name="scheduleCFL.lossCFFromPrevYrToAY.carryFwdLossDetail.dateOfFiling"/>
        <ITRForm:HPLossCF name="scheduleCFL.lossCFFromPrevYrToAY.carryFwdLossDetail.hpLossCF"/>
        
        <ITRForm:OthSrcLossRaceHorseCF name="scheduleCFL.lossCFFromPrevYrToAY.carryFwdLossDetail.othSrcLossRaceHorseCF"/>
      </ITRForm:CarryFwdLossDetail>
    </ITRForm:LossCFFromPrevYrToAY>
    <ITRForm:TotalOfBFLossesEarlierYrs>
      <ITRForm:LossSummaryDetail>
        <ITRForm:HPLossCF name="scheduleCFL.totalOfBFLossesEarlierYrs.lossSummaryDetail.hpLossCF"/>
       
        <ITRForm:OthSrcLossRaceHorseCF name="scheduleCFL.totalOfBFLossesEarlierYrs.lossSummaryDetail.othSrcLossRaceHorseCF"/>
      </ITRForm:LossSummaryDetail>
    </ITRForm:TotalOfBFLossesEarlierYrs>
    <ITRForm:AdjTotBFLossInBFLA>
      <ITRForm:LossSummaryDetail>
        <ITRForm:HPLossCF name="scheduleCFL.adjTotBFLossInBFLA.lossSummaryDetail.hpLossCF"/>
        
        <ITRForm:OthSrcLossRaceHorseCF name="scheduleCFL.adjTotBFLossInBFLA.lossSummaryDetail.othSrcLossRaceHorseCF"/>
      </ITRForm:LossSummaryDetail>
    </ITRForm:AdjTotBFLossInBFLA>
    <ITRForm:CurrentAYloss>
      <ITRForm:LossSummaryDetail>
        <ITRForm:HPLossCF name="scheduleCFL.currentAYloss.lossSummaryDetail.hpLossCF"/>
        
        <ITRForm:OthSrcLossRaceHorseCF name="scheduleCFL.currentAYloss.lossSummaryDetail.othSrcLossRaceHorseCF"/>
      </ITRForm:LossSummaryDetail>
    </ITRForm:CurrentAYloss>
    <ITRForm:TotalLossCFSummary>
      <ITRForm:LossSummaryDetail>
        <ITRForm:HPLossCF name="scheduleCFL.totalLossCFSummary.lossSummaryDetail.hpLossCF"/>
        
        <ITRForm:OthSrcLossRaceHorseCF name="scheduleCFL.totalLossCFSummary.lossSummaryDetail.othSrcLossRaceHorseCF"/>
      </ITRForm:LossSummaryDetail>
    </ITRForm:TotalLossCFSummary>
  </ITRForm:ScheduleCFL>
  <ITRForm:ScheduleVIA>
    <ITRForm:UsrDeductUndChapVIA>
      <ITRForm:Section80C name="scheduleVIA.usrDeductUndChapVIA.section80C"/>
      <ITRForm:Section80CCC name="scheduleVIA.usrDeductUndChapVIA.section80CCC"/>
      <ITRForm:Section80CCDEmployeeOrSE name="scheduleVIA.usrDeductUndChapVIA.section80CCDi"/>
       <ITRForm:Section80CCD1B name="scheduleVIA.usrDeductUndChapVIA.section80CCD1B"/>
      <ITRForm:Section80CCDEmployer name="scheduleVIA.usrDeductUndChapVIA.section80CCDii"/>
      <ITRForm:Section80D name="scheduleVIA.usrDeductUndChapVIA.section80D"/>
      <ITRForm:Section80DD name="scheduleVIA.usrDeductUndChapVIA.section80DD"/>
      <ITRForm:Section80DDB name="scheduleVIA.usrDeductUndChapVIA.section80DDB"/>
      <ITRForm:Section80E name="scheduleVIA.usrDeductUndChapVIA.section80E"/>
	  
      <ITRForm:Section80G name="scheduleVIA.usrDeductUndChapVIA.section80G"/>
      <ITRForm:Section80GG name="scheduleVIA.usrDeductUndChapVIA.section80GG"/>
      <ITRForm:Section80GGA name="scheduleVIA.usrDeductUndChapVIA.section80GGA"/>
      <ITRForm:Section80GGC name="scheduleVIA.usrDeductUndChapVIA.section80GGC"/>
      <ITRForm:Section80U name="scheduleVIA.usrDeductUndChapVIA.section80U"/>
      <ITRForm:Section80RRB name="scheduleVIA.usrDeductUndChapVIA.section80RRB"/>
      <ITRForm:Section80QQB name="scheduleVIA.usrDeductUndChapVIA.section80QQB"/>
      <ITRForm:Section80CCG name="scheduleVIA.usrDeductUndChapVIA.section80CCG"/>
      <ITRForm:Section80TTA name="scheduleVIA.usrDeductUndChapVIA.section80TTA"/>
      <ITRForm:TotalChapVIADeductions name="scheduleVIA.usrDeductUndChapVIA.totalChapVIADeductions"/>
    </ITRForm:UsrDeductUndChapVIA>
    <ITRForm:DeductUndChapVIA>
      <ITRForm:Section80C name="scheduleVIA.deductUndChapVIA.section80C"/>
      <ITRForm:Section80CCC name="scheduleVIA.deductUndChapVIA.section80CCC"/>
      <ITRForm:Section80CCDEmployeeOrSE name="scheduleVIA.deductUndChapVIA.section80CCDi"/>
      <ITRForm:Section80CCD1B name="scheduleVIA.deductUndChapVIA.section80CCD1B"/>
      <ITRForm:Section80CCDEmployer name="scheduleVIA.deductUndChapVIA.section80CCDii"/>
      <ITRForm:Section80D name="scheduleVIA.deductUndChapVIA.section80D"/>
      <ITRForm:Section80DD name="scheduleVIA.deductUndChapVIA.section80DD"/>
      <ITRForm:Section80DDB name="scheduleVIA.deductUndChapVIA.section80DDB"/>
      <ITRForm:Section80E name="scheduleVIA.deductUndChapVIA.section80E"/>

      <ITRForm:Section80G name="scheduleVIA.deductUndChapVIA.section80G"/>
      <ITRForm:Section80GG name="scheduleVIA.deductUndChapVIA.section80GG"/>
      <ITRForm:Section80GGA name="scheduleVIA.deductUndChapVIA.section80GGA"/>
      <ITRForm:Section80GGC name="scheduleVIA.deductUndChapVIA.section80GGC"/>
      <ITRForm:Section80U name="scheduleVIA.deductUndChapVIA.section80U"/>
      <ITRForm:Section80RRB name="scheduleVIA.deductUndChapVIA.section80RRB"/>
      <ITRForm:Section80QQB name="scheduleVIA.deductUndChapVIA.section80QQB"/>
      <ITRForm:Section80CCG name="scheduleVIA.deductUndChapVIA.section80CCG"/>
      <ITRForm:Section80TTA name="scheduleVIA.deductUndChapVIA.section80TTA"/>
      <ITRForm:TotalChapVIADeductions name="scheduleVIA.deductUndChapVIA.totalChapVIADeductions"/>
    </ITRForm:DeductUndChapVIA>
  </ITRForm:ScheduleVIA>
  <ITRForm:Schedule80G>
    <ITRForm:Don100Percent>
      <ITRForm:DoneeWithPan>
        <ITRForm:DoneeWithPanName name="schedule80G.don100Percent.doneeDetail[0].doneeName"/>
        <ITRForm:DoneePAN name="schedule80G.don100Percent.doneeDetail[0].doneePanNo"/>
        <ITRForm:AddressDetail>
          <ITRForm:AddrDetail name="schedule80G.don100Percent.doneeDetail[0].addressDetail.addrDetail"/>
          <ITRForm:CityOrTownOrDistrict name="schedule80G.don100Percent.doneeDetail[0].addressDetail.cityOrTownOrDistrict"/>
          <ITRForm:StateCode name="schedule80G.don100Percent.doneeDetail[0].addressDetail.stateCode"/>
          <ITRForm:PinCode name="schedule80G.don100Percent.doneeDetail[0].addressDetail.pinCode"/>
        </ITRForm:AddressDetail>
        <ITRForm:DonationAmt name="schedule80G.don100Percent.doneeDetail[0].donationAmt"/>
        <ITRForm:EligibleDonationAmt name="schedule80G.don100Percent.doneeDetail[0].eligibleDonationAmt"/>
      </ITRForm:DoneeWithPan>
      <ITRForm:TotEligibleDon100Percent name="schedule80G.don100Percent.totEligibleDon100Percent"/>
      <ITRForm:TotDon100Percent name="schedule80G.don100Percent.totDon100Percent"/>
    </ITRForm:Don100Percent>
    <ITRForm:Don50PercentNoApprReqd>
      <ITRForm:DoneeWithPan>
        <ITRForm:DoneeWithPanName name="schedule80G.don50PercentNoApprReqd.doneeDetail[0].doneeName"/>
        <ITRForm:DoneePAN name="schedule80G.don50PercentNoApprReqd.doneeDetail[0].doneePanNo"/>
        <ITRForm:AddressDetail>
          <ITRForm:AddrDetail name="schedule80G.don50PercentNoApprReqd.doneeDetail[0].addressDetail.addrDetail"/>
          <ITRForm:CityOrTownOrDistrict name="schedule80G.don50PercentNoApprReqd.doneeDetail[0].addressDetail.cityOrTownOrDistrict"/>
          <ITRForm:StateCode name="schedule80G.don50PercentNoApprReqd.doneeDetail[0].addressDetail.stateCode"/>
          <ITRForm:PinCode name="schedule80G.don50PercentNoApprReqd.doneeDetail[0].addressDetail.pinCode"/>
        </ITRForm:AddressDetail>
        <ITRForm:DonationAmt name="schedule80G.don50PercentNoApprReqd.doneeDetail[0].donationAmt"/>
        <ITRForm:EligibleDonationAmt name="schedule80G.don50PercentNoApprReqd.doneeDetail[0].eligibleDonationAmt"/>
      </ITRForm:DoneeWithPan>
      <ITRForm:TotEligibleDon50Percent name="schedule80G.don50PercentNoApprReqd.totEligibleDon50Percent"/>
      <ITRForm:TotDon50PercentNoApprReqd name="schedule80G.don50PercentNoApprReqd.totDon50PercentNoApprReqd"/>
    </ITRForm:Don50PercentNoApprReqd>
    <ITRForm:Don100PercentApprReqd>
      <ITRForm:DoneeWithPan>
        <ITRForm:DoneeWithPanName name="schedule80G.don100PercentApprReqd.doneeDetail[0].doneeName"/>
        <ITRForm:DoneePAN name="schedule80G.don100PercentApprReqd.doneeDetail[0].doneePanNo"/>
        <ITRForm:AddressDetail>
          <ITRForm:AddrDetail name="schedule80G.don100PercentApprReqd.doneeDetail[0].addressDetail.addrDetail"/>
          <ITRForm:CityOrTownOrDistrict name="schedule80G.don100PercentApprReqd.doneeDetail[0].addressDetail.cityOrTownOrDistrict"/>
          <ITRForm:StateCode name="schedule80G.don100PercentApprReqd.doneeDetail[0].addressDetail.stateCode"/>
          <ITRForm:PinCode name="schedule80G.don100PercentApprReqd.doneeDetail[0].addressDetail.pinCode"/>
        </ITRForm:AddressDetail>
        <ITRForm:DonationAmt name="schedule80G.don100PercentApprReqd.doneeDetail[0].donationAmt"/>
        <ITRForm:EligibleDonationAmt name="schedule80G.don100PercentApprReqd.doneeDetail[0].eligibleDonationAmt"/>
      </ITRForm:DoneeWithPan>
      <ITRForm:TotEligibleDon100PercentApprReqd name="schedule80G.don100PercentApprReqd.totEligibleDon100PercentApprReqd"/>
      <ITRForm:TotDon100PercentApprReqd name="schedule80G.don100PercentApprReqd.totDon100PercentApprReqd"/>
    </ITRForm:Don100PercentApprReqd>
    <ITRForm:Don50PercentApprReqd>
      <ITRForm:DoneeWithPan>
        <ITRForm:DoneeWithPanName name="schedule80G.don50PercentApprReqd.doneeDetail[0].doneeName"/>
        <ITRForm:DoneePAN name="schedule80G.don50PercentApprReqd.doneeDetail[0].doneePanNo"/>
        <ITRForm:AddressDetail>
          <ITRForm:AddrDetail name="schedule80G.don50PercentApprReqd.doneeDetail[0].addressDetail.addrDetail"/>
          <ITRForm:CityOrTownOrDistrict name="schedule80G.don50PercentApprReqd.doneeDetail[0].addressDetail.cityOrTownOrDistrict"/>
          <ITRForm:StateCode name="schedule80G.don50PercentApprReqd.doneeDetail[0].addressDetail.stateCode"/>
          <ITRForm:PinCode name="schedule80G.don50PercentApprReqd.doneeDetail[0].addressDetail.pinCode"/>
        </ITRForm:AddressDetail>
        <ITRForm:DonationAmt name="schedule80G.don50PercentApprReqd.doneeDetail[0].donationAmt"/>
        <ITRForm:EligibleDonationAmt name="schedule80G.don50PercentApprReqd.doneeDetail[0].eligibleDonationAmt"/>
      </ITRForm:DoneeWithPan>
      <ITRForm:TotEligibleDon50PercentApprReqd name="schedule80G.don50PercentApprReqd.totEligibleDon50PercentApprReqd"/>
      <ITRForm:TotDon50PercentApprReqd name="schedule80G.don50PercentApprReqd.totDon50PercentApprReqd"/>
    </ITRForm:Don50PercentApprReqd>
    <ITRForm:TotalEligibleDonationsUs80G name="schedule80G.totalEligibleDonationsUs80G"/>
    <ITRForm:TotalDonationsUs80G name="schedule80G.totalDonationsUs80G"/>
  </ITRForm:Schedule80G>
  <ITRForm:ScheduleSPI>
    <ITRForm:SpecifiedPerson>
      <ITRForm:SpecifiedPersonName name="scheduleSPI.specifiedPerson[0].specifiedPersonName"/>
      <ITRForm:PANofSpecPerson name="scheduleSPI.specifiedPerson[0].paNofSpecPerson"/>
      <ITRForm:ReltnShip name="scheduleSPI.specifiedPerson[0].reltnShip"/>
      <ITRForm:NatureOfInc name="scheduleSPI.specifiedPerson[0].natureOfInc"/>
      <ITRForm:AmtIncluded name="scheduleSPI.specifiedPerson[0].amtIncluded"/>
    </ITRForm:SpecifiedPerson>
  </ITRForm:ScheduleSPI>
  <ITRForm:ScheduleSI>
    <ITRForm:SplCodeRateTax>
      <ITRForm:SecCode name="scheduleSI.splCodeRateTax[0].secCode"/>
      <ITRForm:SplRatePercent name="scheduleSI.splCodeRateTax[0].splRatePercent">1</ITRForm:SplRatePercent>
      <ITRForm:SplRateInc name="scheduleSI.splCodeRateTax[0].splRateInc"/>
      <ITRForm:SplRateIncTax name="scheduleSI.splCodeRateTax[0].splRateIncTax">0</ITRForm:SplRateIncTax>
    </ITRForm:SplCodeRateTax>
    <ITRForm:SplCodeRateTax>
	  <ITRForm:SecCode name="scheduleSI.splCodeRateTax[1].secCode"/>
	  <ITRForm:SplRatePercent name="scheduleSI.splCodeRateTax[1].splRatePercent"/>
	  <ITRForm:SplRateInc name="scheduleSI.splCodeRateTax[1].splRateInc">0</ITRForm:SplRateInc>
	  <ITRForm:SplRateIncTax name="scheduleSI.splCodeRateTax[1].splRateIncTax">0</ITRForm:SplRateIncTax>
    </ITRForm:SplCodeRateTax>
	<ITRForm:SplCodeRateTax>
	  <ITRForm:SecCode name="scheduleSI.splCodeRateTax[2].secCode"/>
	  <ITRForm:SplRatePercent name="scheduleSI.splCodeRateTax[2].splRatePercent"/>
	  <ITRForm:SplRateInc name="scheduleSI.splCodeRateTax[2].splRateInc"/>
	  <ITRForm:SplRateIncTax name="scheduleSI.splCodeRateTax[2].splRateIncTax">0</ITRForm:SplRateIncTax>
	</ITRForm:SplCodeRateTax>
	<ITRForm:SplCodeRateTax>
	  <ITRForm:SecCode name="scheduleSI.splCodeRateTax[3].secCode"/>
	  <ITRForm:SplRatePercent name="scheduleSI.splCodeRateTax[3].splRatePercent"/>
	  <ITRForm:SplRateInc name="scheduleSI.splCodeRateTax[3].splRateInc"/>
	  <ITRForm:SplRateIncTax name="scheduleSI.splCodeRateTax[3].splRateIncTax">0</ITRForm:SplRateIncTax>
	</ITRForm:SplCodeRateTax>
	<ITRForm:TotSplRateIncTax name="scheduleSI.totSplRateIncTax"/>
  </ITRForm:ScheduleSI>
  <ITRForm:ScheduleEI>
    <ITRForm:InterestInc name="scheduleEI.interestInc"/>
    <ITRForm:DividendInc name="scheduleEI.dividendInc"/>
    <ITRForm:LTCGWhereSTTPaid name="scheduleEI.ltcgWhereSTTPaid"/>
    <ITRForm:GrossAgriRecpt name="scheduleEI.grossAgriReceipt7B8" />
    <ITRForm:ExpIncAgri name="scheduleEI.expendAgriculture" />
    <ITRForm:UnabAgriLossPrev8 name="scheduleEI.expendAgricultureUnabsorbed" />
    <ITRForm:NetAgriIncOrOthrIncRule7 name="scheduleEI.netAgriIncOrOthrIncRule7"/>
    <ITRForm:Others name="scheduleEI.others"/>
    <ITRForm:TotalExemptInc name="scheduleEI.totalExemptInc"/>
  </ITRForm:ScheduleEI>
	<ITRForm:SchedulePTI>
		<ITRForm:SchedulePTIDtls>
			<ITRForm:BusinessName name="itrSchedulePTI.schedulePTI[0].businessName" />
			<ITRForm:BusinessPAN name="itrSchedulePTI.schedulePTI[0].pan" />
			<ITRForm:IncFromHP>
					<ITRForm:AmountOfInc name="itrSchedulePTI.schedulePTI[0].incFromHP.amtOfIncm" />
					<ITRForm:TDSAmount 	name="itrSchedulePTI.schedulePTI[0].incFromHP.tdsOnAmt" />
			</ITRForm:IncFromHP>
			<ITRForm:CapitalGainsPTI>
				<ITRForm:ShortTermCG>
						<ITRForm:AmountOfInc name="itrSchedulePTI.schedulePTI[0].incFromCGShortTerm.amtOfIncm" />
						<ITRForm:TDSAmount 	name="itrSchedulePTI.schedulePTI[0].incFromCGShortTerm.tdsOnAmt" />
				</ITRForm:ShortTermCG>
				<ITRForm:LongTermCG>
						<ITRForm:AmountOfInc name="itrSchedulePTI.schedulePTI[0].incFromCGLongTerm.amtOfIncm" />
						<ITRForm:TDSAmount name="itrSchedulePTI.schedulePTI[0].incFromCGLongTerm.tdsOnAmt" />
				</ITRForm:LongTermCG>
			</ITRForm:CapitalGainsPTI>
			
			<ITRForm:IncClmdPTI>
			<ITRForm:Sec23FBB>
					<ITRForm:AmountOfInc name="itrSchedulePTI.schedulePTI[0].incFromExemptSec10_23FBB.amtOfIncm" />
					<ITRForm:TDSAmount 	name="itrSchedulePTI.schedulePTI[0].incFromExemptSec10_23FBB.tdsOnAmt" />
			</ITRForm:Sec23FBB>
			<ITRForm:SecBIncExmptDtl>
					<ITRForm:SectionCode name="itrSchedulePTI.schedulePTI[0].incFromExemptSec10_23FBB1.section"/>
					<ITRForm:SecBCIncExmptDtl>
						<ITRForm:AmountOfInc name="itrSchedulePTI.schedulePTI[0].incFromExemptSec10_23FBB1.amtOfIncm" />
						<ITRForm:TDSAmount  name="itrSchedulePTI.schedulePTI[0].incFromExemptSec10_23FBB1.tdsOnAmt" />
					</ITRForm:SecBCIncExmptDtl>
			</ITRForm:SecBIncExmptDtl>
			<ITRForm:SecCIncExmptDtl>
					<ITRForm:SectionCode name="itrSchedulePTI.schedulePTI[0].incFromExemptSec10_23FBB2.section"/>
					<ITRForm:SecBCIncExmptDtl>
						<ITRForm:AmountOfInc name="itrSchedulePTI.schedulePTI[0].incFromExemptSec10_23FBB2.amtOfIncm" />
					<ITRForm:TDSAmount  name="itrSchedulePTI.schedulePTI[0].incFromExemptSec10_23FBB2.tdsOnAmt" />
					</ITRForm:SecBCIncExmptDtl>			
			</ITRForm:SecCIncExmptDtl>
			</ITRForm:IncClmdPTI>
			<ITRForm:IncOthSrc>
					<ITRForm:AmountOfInc name="itrSchedulePTI.schedulePTI[0].incFromOS.amtOfIncm" />
					<ITRForm:TDSAmount 	name="itrSchedulePTI.schedulePTI[0].incFromOS.tdsOnAmt" />
			</ITRForm:IncOthSrc>
		</ITRForm:SchedulePTIDtls>
	</ITRForm:SchedulePTI>
  <ITRForm:ScheduleIT>
    <ITRForm:TaxPayment>
      <ITRForm:BSRCode name="scheduleIT.taxPayment[0].bsrCode"/>
      <ITRForm:DateDep name="scheduleIT.taxPayment[0].dateDep"/>
      <ITRForm:SrlNoOfChaln name="scheduleIT.taxPayment[0].srlNoOfChaln"/>
      <ITRForm:Amt name="scheduleIT.taxPayment[0].amt"/>
    </ITRForm:TaxPayment>
     <ITRForm:TotalTaxPayments name="scheduleIT.taxPayment.totalTaxPayments"/>
  </ITRForm:ScheduleIT>
  <ITRForm:ScheduleTDS1>
    <ITRForm:TDSonSalary>
      <ITRForm:EmployerOrDeductorOrCollectDetl>
        <ITRForm:TAN name="scheduleTDS1.tdSonOthThanSal[0].employerOrDeductorOrCollectDetl.tan"/>
        <ITRForm:EmployerOrDeductorOrCollecterName name="scheduleTDS1.tdSonOthThanSal[0].employerOrDeductorOrCollectDetl.employerOrDeductorOrCollecterName"/>
      </ITRForm:EmployerOrDeductorOrCollectDetl>
      <ITRForm:IncChrgSal name="scheduleTDS1.tdSonOthThanSal[0].incChrgSal"/>
      <ITRForm:TotalTDSSal name="scheduleTDS1.tdSonOthThanSal[0].totalTDSSal"/>
    </ITRForm:TDSonSalary>
     <ITRForm:TotalTDSonSalaries name="itr2.scheduleTDS1.tdSonOthThanSal.totalTDSonSalaries"/>
  </ITRForm:ScheduleTDS1>
  <ITRForm:ScheduleTDS2>
    <ITRForm:TDSonOthThanSal>
      <ITRForm:EmployerOrDeductorOrCollectDetl>
        <ITRForm:TAN name="scheduleTDS2.tdSonOthThanSal[0].employerOrDeductorOrCollectDetl.tan"/>
        <ITRForm:EmployerOrDeductorOrCollecterName name="scheduleTDS2.tdSonOthThanSal[0].employerOrDeductorOrCollectDetl.employerOrDeductorOrCollecterName"/>
      </ITRForm:EmployerOrDeductorOrCollectDetl>
      <ITRForm:UniqueTDSCerNo name="scheduleTDS2.tdSonOthThanSal[0].uniqueTDSCerNo"/>
      <ITRForm:DeductedYr name="scheduleTDS2.tdSonOthThanSal[0].deductedYr">0000</ITRForm:DeductedYr>
      <ITRForm:BroughtFwdTDSAmt name="scheduleTDS2.tdSonOthThanSal[0].totTDSOnAmtPaid">0</ITRForm:BroughtFwdTDSAmt>
      <ITRForm:TotTDSOnAmtPaidCY name="scheduleTDS2.tdSonOthThanSal[0].totTDSOnAmtPaidCY"/>
    <ITRForm:AmtClaimedOnOwnHands name="scheduleTDS2.tdSonOthThanSal[0].claimOwnHands"/>
    <ITRForm:AmtClaimedBySpouse name="scheduleTDS2.tdSonOthThanSal[0].claimSpouseHands"/>
    <ITRForm:AmtCarriedFwd name="scheduleTDS2.tdSonOthThanSal[0].amntCarryForward"/>
    </ITRForm:TDSonOthThanSal>
    <ITRForm:TotalTDSonOthThanSals name="itr2.scheduleTDS2.tdSonOthThanSal.totalTDSonOthThanSals"/>
  </ITRForm:ScheduleTDS2>
   <ITRForm:ScheduleTCS>
	<ITRForm:TCS>
		<ITRForm:EmployerOrDeductorOrCollectDetl>
			<ITRForm:TAN name="itr2A.scheduleTCS.tcs[0].employerOrDeductorOrCollectDetl.tan"/>
			<ITRForm:EmployerOrDeductorOrCollecterName name="itr2A.scheduleTCS.tcs[0].employerOrDeductorOrCollectDetl.employerOrDeductorOrCollecterName"/>
		</ITRForm:EmployerOrDeductorOrCollectDetl>
		<ITRForm:TotalTCS name="itr2A.scheduleTCS.tcs[0].totalTCS"/>
		<ITRForm:AmtTCSClaimedThisYear name="itr2A.scheduleTCS.tcs[0].amtTCSClaimedThisYear"/>	
		<ITRForm:AmtClaimedBySpouse name="itr2A.scheduleTCS.tcs[0].amtClaimedBySpouse" />
       </ITRForm:TCS>
       <ITRForm:TotalSchTCS name="itr2A.scheduleTCS.totalTcSSalary" />	
</ITRForm:ScheduleTCS> 
  
	<ITRForm:Schedule5A2014>
    <ITRForm:NameOfSpouse name="schedule5a.nameOfSpouse"/>
    <ITRForm:PANOfSpouse name="schedule5a.panOfSpouse"/>
    <ITRForm:HPHeadIncome>
				<ITRForm:IncRecvdUndHead name="schedule5A2014.hPHeadIncome.incRecvdUndHead" >0</ITRForm:IncRecvdUndHead>
				<ITRForm:AmtApprndOfSpouse name="schedule5A2014.hPHeadIncome.amtApprndOfSpouse" >0</ITRForm:AmtApprndOfSpouse>
				<ITRForm:AmtTDSDeducted name="schedule5A2014.hPHeadIncome.amtTDSDeducted" >0</ITRForm:AmtTDSDeducted>
				<ITRForm:TDSApprndOfSpouse name="schedule5A2014.hPHeadIncome.tDSApprndOfSpouse" >0</ITRForm:TDSApprndOfSpouse>
			</ITRForm:HPHeadIncome>
			<ITRForm:OtherSourcesHeadIncome>
				<ITRForm:IncRecvdUndHead name="schedule5A2014.otherSourcesHeadIncome.incRecvdUndHead" >0</ITRForm:IncRecvdUndHead>
				<ITRForm:AmtApprndOfSpouse name="schedule5A2014.otherSourcesHeadIncome.amtApprndOfSpouse" >0</ITRForm:AmtApprndOfSpouse>
				<ITRForm:AmtTDSDeducted name="schedule5A2014.otherSourcesHeadIncome.amtTDSDeducted" >0</ITRForm:AmtTDSDeducted>
				<ITRForm:TDSApprndOfSpouse name="schedule5A2014.otherSourcesHeadIncome.tDSApprndOfSpouse" >0</ITRForm:TDSApprndOfSpouse>
			</ITRForm:OtherSourcesHeadIncome>
			<ITRForm:TotalHeadIncome>
				<ITRForm:IncRecvdUndHead name="schedule5A2014.totalHeadIncome.incRecvdUndHead" >0</ITRForm:IncRecvdUndHead>
				<ITRForm:AmtApprndOfSpouse name="schedule5A2014.totalHeadIncome.amtApprndOfSpouse" >0</ITRForm:AmtApprndOfSpouse>
				<ITRForm:AmtTDSDeducted name="schedule5A2014.totalHeadIncome.amtTDSDeducted" >0</ITRForm:AmtTDSDeducted>
				<ITRForm:TDSApprndOfSpouse name="schedule5A2014.totalHeadIncome.tDSApprndOfSpouse" >0</ITRForm:TDSApprndOfSpouse>
			</ITRForm:TotalHeadIncome>
  </ITRForm:Schedule5A2014>


<ITRForm:ScheduleAL>
    <ITRForm:ImmovableAssetLand name="scheduleAL.immovableAssetLand"/>
    <ITRForm:ImmovableAssetBuilding name="scheduleAL.immovableAssetBuilding"/>
    <ITRForm:MovableAsset>
    
      <ITRForm:CashInHand name="scheduleAL.movableAsset.cashInHand"/>
      <ITRForm:JewelleryBullionEtc name="scheduleAL.movableAsset.jewelleryBullionEtc"/>
      
      <ITRForm:VehiclYachtsBoatsAircrafts name="scheduleAL.movableAsset.vehiclYachtsBoatsAircrafts"/>
      <ITRForm:TotalImmovablMovablAssets name="scheduleAL.movableAsset.totalImmovablMovablAssets"/>
    </ITRForm:MovableAsset>
    <ITRForm:LiabilityInRelatAssets name="scheduleAL.liabilityInRelatAssets"/>
  </ITRForm:ScheduleAL>
 
</ITR2AFORM:ITR2A>
</ITRETURN:ITR>
