<?xml version="1.0" encoding="UTF-8" standalone="yes"?>
<ns2:FORM15H xmlns="http://incometaxindiaefiling.gov.in/common" xmlns:ns2="http://incometaxindiaefiling.gov.in/FORM15H">
    <ns2:FormCreationInfo>
        <CreationInfo>
            <SWVersionNo>1.0</SWVersionNo>
            <SWCreatedBy>ITD_JAVA_UTILITY</SWCreatedBy>
            <XMLCreatedBy>ITD_JAVA_UTILITY</XMLCreatedBy>
            <XMLCreationDate>2019-04-10</XMLCreationDate>
        </CreationInfo>
        <Form_Details>
            <FormName>FORM15H</FormName>
            <AssessmentYear>2016</AssessmentYear>
            <SchemaVer>V1.0</SchemaVer>
            <FormVer>1.0</FormVer>
        </Form_Details>
    </ns2:FormCreationInfo>
    <ns2:Form15HDtls>
        <ns2:TAN>MUMC14758C</ns2:TAN>
        <ns2:Quarter>Q4</ns2:Quarter>
        <ns2:FinancialYr>2018</ns2:FinancialYr>
        <ns2:FilingType>O</ns2:FilingType>
        <ns2:Part1Dtls>
            <ns2:Part1>
                <ns2:Basicdtls>
                    <ns2:AssesseeName>UMASHANKAR BENI JAISWAL</ns2:AssesseeName>
                    <ns2:AssesseePAN>AITPJ0821B</ns2:AssesseePAN>
                    <ns2:AssesseeDOB>1950-01-01</ns2:AssesseeDOB>
                    <ns2:PreviousYr>2018</ns2:PreviousYr>
                    <ns2:FlatDoorNo>123</ns2:FlatDoorNo>
                    <ns2:PremisesName>ABC</ns2:PremisesName>
                    <ns2:RoadOrStreet>ABC</ns2:RoadOrStreet>
                    <ns2:LocalityOrArea>Mumbai</ns2:LocalityOrArea>
                    <ns2:CityOrTownOrDistrict>Mumbai</ns2:CityOrTownOrDistrict>
                    <ns2:StateCode>19</ns2:StateCode>
                    <ns2:PinCode>400012</ns2:PinCode>
                    <ns2:EmailAddress>cb2668@canarabank.com</ns2:EmailAddress>
                    <ns2:STDcode></ns2:STDcode>
                    <ns2:PhoneNo></ns2:PhoneNo>
                    <ns2:MobileNo>9917026824</ns2:MobileNo>
                    <ns2:TaxAssessedFlag>N</ns2:TaxAssessedFlag>
                    <ns2:LatestAsstYr></ns2:LatestAsstYr>
                    <ns2:EstimatedInc>13602</ns2:EstimatedInc>
                    <ns2:EstimatedTotalIncPrvYr>13602</ns2:EstimatedTotalIncPrvYr>
                    <ns2:TotalNoOfForm15H>1</ns2:TotalNoOfForm15H>
                    <ns2:AggregateAmtForm15H>13602</ns2:AggregateAmtForm15H>
                    <ns2:UniqueIdNumber>H003118659201819MUMC14758C</ns2:UniqueIdNumber>
                    <ns2:DeclarationDate>2019-01-19</ns2:DeclarationDate>
                    <ns2:AmtOfIncPaid>13602</ns2:AmtOfIncPaid>
                    <ns2:DateIncPaid>2019-03-31</ns2:DateIncPaid>
                    <ns2:RecordType></ns2:RecordType>
                </ns2:Basicdtls>
                <ns2:IncomeDtls>
                    <ns2:IncomeDtl>
                        <ns2:SrlNo>100</ns2:SrlNo>
                        <ns2:IdenficationNum>3118659</ns2:IdenficationNum>
                        <ns2:NatureOfInc>Interest other than Interest on securities</ns2:NatureOfInc>
                        <ns2:DeductSection>194A</ns2:DeductSection>
                        <ns2:AmtOfInc>13602</ns2:AmtOfInc>
                    </ns2:IncomeDtl>
                </ns2:IncomeDtls>
            </ns2:Part1>
            <ns2:Part1>
                <ns2:Basicdtls>
                    <ns2:AssesseeName>NURUDDIN SARAFALI SAKERWALA</ns2:AssesseeName>
                    <ns2:AssesseePAN>AANPS0796E</ns2:AssesseePAN>
                    <ns2:AssesseeDOB>1950-01-01</ns2:AssesseeDOB>
                    <ns2:PreviousYr>2018</ns2:PreviousYr>
                    <ns2:FlatDoorNo>123</ns2:FlatDoorNo>
                    <ns2:PremisesName>ABC</ns2:PremisesName>
                    <ns2:RoadOrStreet>ABC</ns2:RoadOrStreet>
                    <ns2:LocalityOrArea>Mumbai</ns2:LocalityOrArea>
                    <ns2:CityOrTownOrDistrict>Mumbai</ns2:CityOrTownOrDistrict>
                    <ns2:StateCode>19</ns2:StateCode>
                    <ns2:PinCode>400012</ns2:PinCode>
                    <ns2:EmailAddress>cb2668@canarabank.com</ns2:EmailAddress>
                    <ns2:STDcode></ns2:STDcode>
                    <ns2:PhoneNo></ns2:PhoneNo>
                    <ns2:MobileNo>9917026824</ns2:MobileNo>
                    <ns2:TaxAssessedFlag>N</ns2:TaxAssessedFlag>
                    <ns2:LatestAsstYr></ns2:LatestAsstYr>
                    <ns2:EstimatedInc>16182</ns2:EstimatedInc>
                    <ns2:EstimatedTotalIncPrvYr>16182</ns2:EstimatedTotalIncPrvYr>
                    <ns2:TotalNoOfForm15H>1</ns2:TotalNoOfForm15H>
                    <ns2:AggregateAmtForm15H>16182</ns2:AggregateAmtForm15H>
                    <ns2:UniqueIdNumber>H008639825201819MUMC14758C</ns2:UniqueIdNumber>
                    <ns2:DeclarationDate>2019-03-16</ns2:DeclarationDate>
                    <ns2:AmtOfIncPaid>16182</ns2:AmtOfIncPaid>
                    <ns2:DateIncPaid>2019-03-31</ns2:DateIncPaid>
                    <ns2:RecordType></ns2:RecordType>
                </ns2:Basicdtls>
                <ns2:IncomeDtls>
                    <ns2:IncomeDtl>
                        <ns2:SrlNo>101</ns2:SrlNo>
                        <ns2:IdenficationNum>8639825</ns2:IdenficationNum>
                        <ns2:NatureOfInc>Interest other than Interest on securities</ns2:NatureOfInc>
                        <ns2:DeductSection>194A</ns2:DeductSection>
                        <ns2:AmtOfInc>16182</ns2:AmtOfInc>
                    </ns2:IncomeDtl>
                </ns2:IncomeDtls>
            </ns2:Part1>
            <ns2:Part1>
                <ns2:Basicdtls>
                    <ns2:AssesseeName>MAYA DIGAMBAR JADHAV</ns2:AssesseeName>
                    <ns2:AssesseePAN>ALPPJ8293C</ns2:AssesseePAN>
                    <ns2:AssesseeDOB>1950-01-01</ns2:AssesseeDOB>
                    <ns2:PreviousYr>2018</ns2:PreviousYr>
                    <ns2:FlatDoorNo>123</ns2:FlatDoorNo>
                    <ns2:PremisesName>ABC</ns2:PremisesName>
                    <ns2:RoadOrStreet>ABC</ns2:RoadOrStreet>
                    <ns2:LocalityOrArea>Mumbai</ns2:LocalityOrArea>
                    <ns2:CityOrTownOrDistrict>Mumbai</ns2:CityOrTownOrDistrict>
                    <ns2:StateCode>19</ns2:StateCode>
                    <ns2:PinCode>400012</ns2:PinCode>
                    <ns2:EmailAddress>cb2668@canarabank.com</ns2:EmailAddress>
                    <ns2:STDcode></ns2:STDcode>
                    <ns2:PhoneNo></ns2:PhoneNo>
                    <ns2:MobileNo>9917026824</ns2:MobileNo>
                    <ns2:TaxAssessedFlag>N</ns2:TaxAssessedFlag>
                    <ns2:LatestAsstYr></ns2:LatestAsstYr>
                    <ns2:EstimatedInc>1541</ns2:EstimatedInc>
                    <ns2:EstimatedTotalIncPrvYr>1541</ns2:EstimatedTotalIncPrvYr>
                    <ns2:TotalNoOfForm15H>1</ns2:TotalNoOfForm15H>
                    <ns2:AggregateAmtForm15H>1541</ns2:AggregateAmtForm15H>
                    <ns2:UniqueIdNumber>H009580673201819MUMC14758C</ns2:UniqueIdNumber>
                    <ns2:DeclarationDate>2019-02-26</ns2:DeclarationDate>
                    <ns2:AmtOfIncPaid>1541</ns2:AmtOfIncPaid>
                    <ns2:DateIncPaid>2019-03-31</ns2:DateIncPaid>
                    <ns2:RecordType></ns2:RecordType>
                </ns2:Basicdtls>
                <ns2:IncomeDtls>
                    <ns2:IncomeDtl>
                        <ns2:SrlNo>102</ns2:SrlNo>
                        <ns2:IdenficationNum>9580673</ns2:IdenficationNum>
                        <ns2:NatureOfInc>Interest other than Interest on securities</ns2:NatureOfInc>
                        <ns2:DeductSection>194A</ns2:DeductSection>
                        <ns2:AmtOfInc>1541</ns2:AmtOfInc>
                    </ns2:IncomeDtl>
                </ns2:IncomeDtls>
            </ns2:Part1>
            <ns2:Part1>
                <ns2:Basicdtls>
                    <ns2:AssesseeName>MAHADEO RAMCHANDRA MOHITE</ns2:AssesseeName>
                    <ns2:AssesseePAN>ADNPM3459M</ns2:AssesseePAN>
                    <ns2:AssesseeDOB>1950-01-01</ns2:AssesseeDOB>
                    <ns2:PreviousYr>2018</ns2:PreviousYr>
                    <ns2:FlatDoorNo>123</ns2:FlatDoorNo>
                    <ns2:PremisesName>ABC</ns2:PremisesName>
                    <ns2:RoadOrStreet>ABC</ns2:RoadOrStreet>
                    <ns2:LocalityOrArea>Mumbai</ns2:LocalityOrArea>
                    <ns2:CityOrTownOrDistrict>Mumbai</ns2:CityOrTownOrDistrict>
                    <ns2:StateCode>19</ns2:StateCode>
                    <ns2:PinCode>400012</ns2:PinCode>
                    <ns2:EmailAddress>cb2668@canarabank.com</ns2:EmailAddress>
                    <ns2:STDcode></ns2:STDcode>
                    <ns2:PhoneNo></ns2:PhoneNo>
                    <ns2:MobileNo>9917026824</ns2:MobileNo>
                    <ns2:TaxAssessedFlag>N</ns2:TaxAssessedFlag>
                    <ns2:LatestAsstYr></ns2:LatestAsstYr>
                    <ns2:EstimatedInc>2739</ns2:EstimatedInc>
                    <ns2:EstimatedTotalIncPrvYr>2739</ns2:EstimatedTotalIncPrvYr>
                    <ns2:TotalNoOfForm15H>1</ns2:TotalNoOfForm15H>
                    <ns2:AggregateAmtForm15H>2739</ns2:AggregateAmtForm15H>
                    <ns2:UniqueIdNumber>H009581544201819MUMC14758C</ns2:UniqueIdNumber>
                    <ns2:DeclarationDate>2019-02-18</ns2:DeclarationDate>
                    <ns2:AmtOfIncPaid>2739</ns2:AmtOfIncPaid>
                    <ns2:DateIncPaid>2019-03-31</ns2:DateIncPaid>
                    <ns2:RecordType></ns2:RecordType>
                </ns2:Basicdtls>
                <ns2:IncomeDtls>
                    <ns2:IncomeDtl>
                        <ns2:SrlNo>103</ns2:SrlNo>
                        <ns2:IdenficationNum>9581544</ns2:IdenficationNum>
                        <ns2:NatureOfInc>Interest other than Interest on securities</ns2:NatureOfInc>
                        <ns2:DeductSection>194A</ns2:DeductSection>
                        <ns2:AmtOfInc>2739</ns2:AmtOfInc>
                    </ns2:IncomeDtl>
                </ns2:IncomeDtls>
            </ns2:Part1>
            <ns2:Part1>
                <ns2:Basicdtls>
                    <ns2:AssesseeName>ERIC R.A.RIBEIRO.</ns2:AssesseeName>
                    <ns2:AssesseePAN>APPPR2302L</ns2:AssesseePAN>
                    <ns2:AssesseeDOB>1950-01-01</ns2:AssesseeDOB>
                    <ns2:PreviousYr>2018</ns2:PreviousYr>
                    <ns2:FlatDoorNo>123</ns2:FlatDoorNo>
                    <ns2:PremisesName>ABC</ns2:PremisesName>
                    <ns2:RoadOrStreet>ABC</ns2:RoadOrStreet>
                    <ns2:LocalityOrArea>Mumbai</ns2:LocalityOrArea>
                    <ns2:CityOrTownOrDistrict>Mumbai</ns2:CityOrTownOrDistrict>
                    <ns2:StateCode>19</ns2:StateCode>
                    <ns2:PinCode>400012</ns2:PinCode>
                    <ns2:EmailAddress>cb2668@canarabank.com</ns2:EmailAddress>
                    <ns2:STDcode></ns2:STDcode>
                    <ns2:PhoneNo></ns2:PhoneNo>
                    <ns2:MobileNo>9917026824</ns2:MobileNo>
                    <ns2:TaxAssessedFlag>N</ns2:TaxAssessedFlag>
                    <ns2:LatestAsstYr></ns2:LatestAsstYr>
                    <ns2:EstimatedInc>14749</ns2:EstimatedInc>
                    <ns2:EstimatedTotalIncPrvYr>14749</ns2:EstimatedTotalIncPrvYr>
                    <ns2:TotalNoOfForm15H>1</ns2:TotalNoOfForm15H>
                    <ns2:AggregateAmtForm15H>14749</ns2:AggregateAmtForm15H>
                    <ns2:UniqueIdNumber>H009582521201819MUMC14758C</ns2:UniqueIdNumber>
                    <ns2:DeclarationDate>2019-01-24</ns2:DeclarationDate>
                    <ns2:AmtOfIncPaid>14749</ns2:AmtOfIncPaid>
                    <ns2:DateIncPaid>2019-03-31</ns2:DateIncPaid>
                    <ns2:RecordType></ns2:RecordType>
                </ns2:Basicdtls>
                <ns2:IncomeDtls>
                    <ns2:IncomeDtl>
                        <ns2:SrlNo>104</ns2:SrlNo>
                        <ns2:IdenficationNum>9582521</ns2:IdenficationNum>
                        <ns2:NatureOfInc>Interest other than Interest on securities</ns2:NatureOfInc>
                        <ns2:DeductSection>194A</ns2:DeductSection>
                        <ns2:AmtOfInc>14749</ns2:AmtOfInc>
                    </ns2:IncomeDtl>
                </ns2:IncomeDtls>
            </ns2:Part1>
            <ns2:Part1>
                <ns2:Basicdtls>
                    <ns2:AssesseeName>YASHWANT SHAMRAO BHATLE</ns2:AssesseeName>
                    <ns2:AssesseePAN>AAXPB2267M</ns2:AssesseePAN>
                    <ns2:AssesseeDOB>1950-01-01</ns2:AssesseeDOB>
                    <ns2:PreviousYr>2018</ns2:PreviousYr>
                    <ns2:FlatDoorNo>123</ns2:FlatDoorNo>
                    <ns2:PremisesName>ABC</ns2:PremisesName>
                    <ns2:RoadOrStreet>ABC</ns2:RoadOrStreet>
                    <ns2:LocalityOrArea>Mumbai</ns2:LocalityOrArea>
                    <ns2:CityOrTownOrDistrict>Mumbai</ns2:CityOrTownOrDistrict>
                    <ns2:StateCode>19</ns2:StateCode>
                    <ns2:PinCode>400012</ns2:PinCode>
                    <ns2:EmailAddress>cb2668@canarabank.com</ns2:EmailAddress>
                    <ns2:STDcode></ns2:STDcode>
                    <ns2:PhoneNo></ns2:PhoneNo>
                    <ns2:MobileNo>9917026824</ns2:MobileNo>
                    <ns2:TaxAssessedFlag>N</ns2:TaxAssessedFlag>
                    <ns2:LatestAsstYr></ns2:LatestAsstYr>
                    <ns2:EstimatedInc>21937</ns2:EstimatedInc>
                    <ns2:EstimatedTotalIncPrvYr>21937</ns2:EstimatedTotalIncPrvYr>
                    <ns2:TotalNoOfForm15H>1</ns2:TotalNoOfForm15H>
                    <ns2:AggregateAmtForm15H>21937</ns2:AggregateAmtForm15H>
                    <ns2:UniqueIdNumber>H009583683201819MUMC14758C</ns2:UniqueIdNumber>
                    <ns2:DeclarationDate>2019-03-29</ns2:DeclarationDate>
                    <ns2:AmtOfIncPaid>21937</ns2:AmtOfIncPaid>
                    <ns2:DateIncPaid>2019-03-31</ns2:DateIncPaid>
                    <ns2:RecordType></ns2:RecordType>
                </ns2:Basicdtls>
                <ns2:IncomeDtls>
                    <ns2:IncomeDtl>
                        <ns2:SrlNo>105</ns2:SrlNo>
                        <ns2:IdenficationNum>9583683</ns2:IdenficationNum>
                        <ns2:NatureOfInc>Interest other than Interest on securities</ns2:NatureOfInc>
                        <ns2:DeductSection>194A</ns2:DeductSection>
                        <ns2:AmtOfInc>21937</ns2:AmtOfInc>
                    </ns2:IncomeDtl>
                </ns2:IncomeDtls>
            </ns2:Part1>
            <ns2:Part1>
                <ns2:Basicdtls>
                    <ns2:AssesseeName>ZUBEDA UMER TAYLOR</ns2:AssesseeName>
                    <ns2:AssesseePAN>AHOPT8981E</ns2:AssesseePAN>
                    <ns2:AssesseeDOB>1950-01-01</ns2:AssesseeDOB>
                    <ns2:PreviousYr>2018</ns2:PreviousYr>
                    <ns2:FlatDoorNo>123</ns2:FlatDoorNo>
                    <ns2:PremisesName>ABC</ns2:PremisesName>
                    <ns2:RoadOrStreet>ABC</ns2:RoadOrStreet>
                    <ns2:LocalityOrArea>Mumbai</ns2:LocalityOrArea>
                    <ns2:CityOrTownOrDistrict>Mumbai</ns2:CityOrTownOrDistrict>
                    <ns2:StateCode>19</ns2:StateCode>
                    <ns2:PinCode>400012</ns2:PinCode>
                    <ns2:EmailAddress>cb2668@canarabank.com</ns2:EmailAddress>
                    <ns2:STDcode></ns2:STDcode>
                    <ns2:PhoneNo></ns2:PhoneNo>
                    <ns2:MobileNo>9917026824</ns2:MobileNo>
                    <ns2:TaxAssessedFlag>N</ns2:TaxAssessedFlag>
                    <ns2:LatestAsstYr></ns2:LatestAsstYr>
                    <ns2:EstimatedInc>74263</ns2:EstimatedInc>
                    <ns2:EstimatedTotalIncPrvYr>74263</ns2:EstimatedTotalIncPrvYr>
                    <ns2:TotalNoOfForm15H>1</ns2:TotalNoOfForm15H>
                    <ns2:AggregateAmtForm15H>74263</ns2:AggregateAmtForm15H>
                    <ns2:UniqueIdNumber>H009584391201819MUMC14758C</ns2:UniqueIdNumber>
                    <ns2:DeclarationDate>2019-02-07</ns2:DeclarationDate>
                    <ns2:AmtOfIncPaid>74263</ns2:AmtOfIncPaid>
                    <ns2:DateIncPaid>2019-03-31</ns2:DateIncPaid>
                    <ns2:RecordType></ns2:RecordType>
                </ns2:Basicdtls>
                <ns2:IncomeDtls>
                    <ns2:IncomeDtl>
                        <ns2:SrlNo>106</ns2:SrlNo>
                        <ns2:IdenficationNum>9584391</ns2:IdenficationNum>
                        <ns2:NatureOfInc>Interest other than Interest on securities</ns2:NatureOfInc>
                        <ns2:DeductSection>194A</ns2:DeductSection>
                        <ns2:AmtOfInc>74263</ns2:AmtOfInc>
                    </ns2:IncomeDtl>
                </ns2:IncomeDtls>
            </ns2:Part1>
            <ns2:Part1>
                <ns2:Basicdtls>
                    <ns2:AssesseeName>ARVIND SHRIPAD JOSHI</ns2:AssesseeName>
                    <ns2:AssesseePAN>AIUPJ4357K</ns2:AssesseePAN>
                    <ns2:AssesseeDOB>1950-01-01</ns2:AssesseeDOB>
                    <ns2:PreviousYr>2018</ns2:PreviousYr>
                    <ns2:FlatDoorNo>123</ns2:FlatDoorNo>
                    <ns2:PremisesName>ABC</ns2:PremisesName>
                    <ns2:RoadOrStreet>ABC</ns2:RoadOrStreet>
                    <ns2:LocalityOrArea>Mumbai</ns2:LocalityOrArea>
                    <ns2:CityOrTownOrDistrict>Mumbai</ns2:CityOrTownOrDistrict>
                    <ns2:StateCode>19</ns2:StateCode>
                    <ns2:PinCode>400012</ns2:PinCode>
                    <ns2:EmailAddress>cb2668@canarabank.com</ns2:EmailAddress>
                    <ns2:STDcode></ns2:STDcode>
                    <ns2:PhoneNo></ns2:PhoneNo>
                    <ns2:MobileNo>9917026824</ns2:MobileNo>
                    <ns2:TaxAssessedFlag>N</ns2:TaxAssessedFlag>
                    <ns2:LatestAsstYr></ns2:LatestAsstYr>
                    <ns2:EstimatedInc>3311</ns2:EstimatedInc>
                    <ns2:EstimatedTotalIncPrvYr>3311</ns2:EstimatedTotalIncPrvYr>
                    <ns2:TotalNoOfForm15H>1</ns2:TotalNoOfForm15H>
                    <ns2:AggregateAmtForm15H>3311</ns2:AggregateAmtForm15H>
                    <ns2:UniqueIdNumber>H009585292201819MUMC14758C</ns2:UniqueIdNumber>
                    <ns2:DeclarationDate>2019-03-26</ns2:DeclarationDate>
                    <ns2:AmtOfIncPaid>3311</ns2:AmtOfIncPaid>
                    <ns2:DateIncPaid>2019-03-31</ns2:DateIncPaid>
                    <ns2:RecordType></ns2:RecordType>
                </ns2:Basicdtls>
                <ns2:IncomeDtls>
                    <ns2:IncomeDtl>
                        <ns2:SrlNo>107</ns2:SrlNo>
                        <ns2:IdenficationNum>9585292</ns2:IdenficationNum>
                        <ns2:NatureOfInc>Interest other than Interest on securities</ns2:NatureOfInc>
                        <ns2:DeductSection>194A</ns2:DeductSection>
                        <ns2:AmtOfInc>3311</ns2:AmtOfInc>
                    </ns2:IncomeDtl>
                </ns2:IncomeDtls>
            </ns2:Part1>
            <ns2:Part1>
                <ns2:Basicdtls>
                    <ns2:AssesseeName>RENUKA A JOSHI</ns2:AssesseeName>
                    <ns2:AssesseePAN>AORPJ3629R</ns2:AssesseePAN>
                    <ns2:AssesseeDOB>1950-01-01</ns2:AssesseeDOB>
                    <ns2:PreviousYr>2018</ns2:PreviousYr>
                    <ns2:FlatDoorNo>123</ns2:FlatDoorNo>
                    <ns2:PremisesName>ABC</ns2:PremisesName>
                    <ns2:RoadOrStreet>ABC</ns2:RoadOrStreet>
                    <ns2:LocalityOrArea>Mumbai</ns2:LocalityOrArea>
                    <ns2:CityOrTownOrDistrict>Mumbai</ns2:CityOrTownOrDistrict>
                    <ns2:StateCode>19</ns2:StateCode>
                    <ns2:PinCode>400012</ns2:PinCode>
                    <ns2:EmailAddress>cb2668@canarabank.com</ns2:EmailAddress>
                    <ns2:STDcode></ns2:STDcode>
                    <ns2:PhoneNo></ns2:PhoneNo>
                    <ns2:MobileNo>9917026824</ns2:MobileNo>
                    <ns2:TaxAssessedFlag>N</ns2:TaxAssessedFlag>
                    <ns2:LatestAsstYr></ns2:LatestAsstYr>
                    <ns2:EstimatedInc>3466</ns2:EstimatedInc>
                    <ns2:EstimatedTotalIncPrvYr>3466</ns2:EstimatedTotalIncPrvYr>
                    <ns2:TotalNoOfForm15H>1</ns2:TotalNoOfForm15H>
                    <ns2:AggregateAmtForm15H>3466</ns2:AggregateAmtForm15H>
                    <ns2:UniqueIdNumber>H009585293201819MUMC14758C</ns2:UniqueIdNumber>
                    <ns2:DeclarationDate>2019-03-25</ns2:DeclarationDate>
                    <ns2:AmtOfIncPaid>3466</ns2:AmtOfIncPaid>
                    <ns2:DateIncPaid>2019-03-31</ns2:DateIncPaid>
                    <ns2:RecordType></ns2:RecordType>
                </ns2:Basicdtls>
                <ns2:IncomeDtls>
                    <ns2:IncomeDtl>
                        <ns2:SrlNo>108</ns2:SrlNo>
                        <ns2:IdenficationNum>9585293</ns2:IdenficationNum>
                        <ns2:NatureOfInc>Interest other than Interest on securities</ns2:NatureOfInc>
                        <ns2:DeductSection>194A</ns2:DeductSection>
                        <ns2:AmtOfInc>3466</ns2:AmtOfInc>
                    </ns2:IncomeDtl>
                </ns2:IncomeDtls>
            </ns2:Part1>
            <ns2:Part1>
                <ns2:Basicdtls>
                    <ns2:AssesseeName>LAXMICHAND KANMALJI BOKARIA</ns2:AssesseeName>
                    <ns2:AssesseePAN>AAAPB9317R</ns2:AssesseePAN>
                    <ns2:AssesseeDOB>1950-01-01</ns2:AssesseeDOB>
                    <ns2:PreviousYr>2018</ns2:PreviousYr>
                    <ns2:FlatDoorNo>123</ns2:FlatDoorNo>
                    <ns2:PremisesName>ABC</ns2:PremisesName>
                    <ns2:RoadOrStreet>ABC</ns2:RoadOrStreet>
                    <ns2:LocalityOrArea>Mumbai</ns2:LocalityOrArea>
                    <ns2:CityOrTownOrDistrict>Mumbai</ns2:CityOrTownOrDistrict>
                    <ns2:StateCode>19</ns2:StateCode>
                    <ns2:PinCode>400012</ns2:PinCode>
                    <ns2:EmailAddress>cb2668@canarabank.com</ns2:EmailAddress>
                    <ns2:STDcode></ns2:STDcode>
                    <ns2:PhoneNo></ns2:PhoneNo>
                    <ns2:MobileNo>9917026824</ns2:MobileNo>
                    <ns2:TaxAssessedFlag>N</ns2:TaxAssessedFlag>
                    <ns2:LatestAsstYr></ns2:LatestAsstYr>
                    <ns2:EstimatedInc>9143</ns2:EstimatedInc>
                    <ns2:EstimatedTotalIncPrvYr>9143</ns2:EstimatedTotalIncPrvYr>
                    <ns2:TotalNoOfForm15H>1</ns2:TotalNoOfForm15H>
                    <ns2:AggregateAmtForm15H>9143</ns2:AggregateAmtForm15H>
                    <ns2:UniqueIdNumber>H009586942201819MUMC14758C</ns2:UniqueIdNumber>
                    <ns2:DeclarationDate>2019-01-05</ns2:DeclarationDate>
                    <ns2:AmtOfIncPaid>9143</ns2:AmtOfIncPaid>
                    <ns2:DateIncPaid>2019-03-31</ns2:DateIncPaid>
                    <ns2:RecordType></ns2:RecordType>
                </ns2:Basicdtls>
                <ns2:IncomeDtls>
                    <ns2:IncomeDtl>
                        <ns2:SrlNo>109</ns2:SrlNo>
                        <ns2:IdenficationNum>9586942</ns2:IdenficationNum>
                        <ns2:NatureOfInc>Interest other than Interest on securities</ns2:NatureOfInc>
                        <ns2:DeductSection>194A</ns2:DeductSection>
                        <ns2:AmtOfInc>9143</ns2:AmtOfInc>
                    </ns2:IncomeDtl>
                </ns2:IncomeDtls>
            </ns2:Part1>
            <ns2:Part1>
                <ns2:Basicdtls>
                    <ns2:AssesseeName>CHANDRAKANT ATMARAM SAWANT</ns2:AssesseeName>
                    <ns2:AssesseePAN>AMKPS7845P</ns2:AssesseePAN>
                    <ns2:AssesseeDOB>1950-01-01</ns2:AssesseeDOB>
                    <ns2:PreviousYr>2018</ns2:PreviousYr>
                    <ns2:FlatDoorNo>123</ns2:FlatDoorNo>
                    <ns2:PremisesName>ABC</ns2:PremisesName>
                    <ns2:RoadOrStreet>ABC</ns2:RoadOrStreet>
                    <ns2:LocalityOrArea>Mumbai</ns2:LocalityOrArea>
                    <ns2:CityOrTownOrDistrict>Mumbai</ns2:CityOrTownOrDistrict>
                    <ns2:StateCode>19</ns2:StateCode>
                    <ns2:PinCode>400012</ns2:PinCode>
                    <ns2:EmailAddress>cb2668@canarabank.com</ns2:EmailAddress>
                    <ns2:STDcode></ns2:STDcode>
                    <ns2:PhoneNo></ns2:PhoneNo>
                    <ns2:MobileNo>9917026824</ns2:MobileNo>
                    <ns2:TaxAssessedFlag>N</ns2:TaxAssessedFlag>
                    <ns2:LatestAsstYr></ns2:LatestAsstYr>
                    <ns2:EstimatedInc>8333</ns2:EstimatedInc>
                    <ns2:EstimatedTotalIncPrvYr>8333</ns2:EstimatedTotalIncPrvYr>
                    <ns2:TotalNoOfForm15H>1</ns2:TotalNoOfForm15H>
                    <ns2:AggregateAmtForm15H>8333</ns2:AggregateAmtForm15H>
                    <ns2:UniqueIdNumber>H009587199201819MUMC14758C</ns2:UniqueIdNumber>
                    <ns2:DeclarationDate>2019-02-21</ns2:DeclarationDate>
                    <ns2:AmtOfIncPaid>8333</ns2:AmtOfIncPaid>
                    <ns2:DateIncPaid>2019-03-31</ns2:DateIncPaid>
                    <ns2:RecordType></ns2:RecordType>
                </ns2:Basicdtls>
                <ns2:IncomeDtls>
                    <ns2:IncomeDtl>
                        <ns2:SrlNo>110</ns2:SrlNo>
                        <ns2:IdenficationNum>9587199</ns2:IdenficationNum>
                        <ns2:NatureOfInc>Interest other than Interest on securities</ns2:NatureOfInc>
                        <ns2:DeductSection>194A</ns2:DeductSection>
                        <ns2:AmtOfInc>8333</ns2:AmtOfInc>
                    </ns2:IncomeDtl>
                </ns2:IncomeDtls>
            </ns2:Part1>
            <ns2:Part1>
                <ns2:Basicdtls>
                    <ns2:AssesseeName>TARA CHANDRAKANT DURGE</ns2:AssesseeName>
                    <ns2:AssesseePAN>BUXPD1121M</ns2:AssesseePAN>
                    <ns2:AssesseeDOB>1950-01-01</ns2:AssesseeDOB>
                    <ns2:PreviousYr>2018</ns2:PreviousYr>
                    <ns2:FlatDoorNo>123</ns2:FlatDoorNo>
                    <ns2:PremisesName>ABC</ns2:PremisesName>
                    <ns2:RoadOrStreet>ABC</ns2:RoadOrStreet>
                    <ns2:LocalityOrArea>Mumbai</ns2:LocalityOrArea>
                    <ns2:CityOrTownOrDistrict>Mumbai</ns2:CityOrTownOrDistrict>
                    <ns2:StateCode>19</ns2:StateCode>
                    <ns2:PinCode>400012</ns2:PinCode>
                    <ns2:EmailAddress>cb2668@canarabank.com</ns2:EmailAddress>
                    <ns2:STDcode></ns2:STDcode>
                    <ns2:PhoneNo></ns2:PhoneNo>
                    <ns2:MobileNo>9917026824</ns2:MobileNo>
                    <ns2:TaxAssessedFlag>N</ns2:TaxAssessedFlag>
                    <ns2:LatestAsstYr></ns2:LatestAsstYr>
                    <ns2:EstimatedInc>1042</ns2:EstimatedInc>
                    <ns2:EstimatedTotalIncPrvYr>1042</ns2:EstimatedTotalIncPrvYr>
                    <ns2:TotalNoOfForm15H>1</ns2:TotalNoOfForm15H>
                    <ns2:AggregateAmtForm15H>1042</ns2:AggregateAmtForm15H>
                    <ns2:UniqueIdNumber>H009589764201819MUMC14758C</ns2:UniqueIdNumber>
                    <ns2:DeclarationDate>2019-03-16</ns2:DeclarationDate>
                    <ns2:AmtOfIncPaid>1042</ns2:AmtOfIncPaid>
                    <ns2:DateIncPaid>2019-03-31</ns2:DateIncPaid>
                    <ns2:RecordType></ns2:RecordType>
                </ns2:Basicdtls>
                <ns2:IncomeDtls>
                    <ns2:IncomeDtl>
                        <ns2:SrlNo>111</ns2:SrlNo>
                        <ns2:IdenficationNum>9589764</ns2:IdenficationNum>
                        <ns2:NatureOfInc>Interest other than Interest on securities</ns2:NatureOfInc>
                        <ns2:DeductSection>194A</ns2:DeductSection>
                        <ns2:AmtOfInc>1042</ns2:AmtOfInc>
                    </ns2:IncomeDtl>
                </ns2:IncomeDtls>
            </ns2:Part1>
            <ns2:Part1>
                <ns2:Basicdtls>
                    <ns2:AssesseeName>YASHWANT SHAMRAO BHATLE VANITA Y BHAT</ns2:AssesseeName>
                    <ns2:AssesseePAN>AAXPB2267M</ns2:AssesseePAN>
                    <ns2:AssesseeDOB>1950-01-01</ns2:AssesseeDOB>
                    <ns2:PreviousYr>2018</ns2:PreviousYr>
                    <ns2:FlatDoorNo>123</ns2:FlatDoorNo>
                    <ns2:PremisesName>ABC</ns2:PremisesName>
                    <ns2:RoadOrStreet>ABC</ns2:RoadOrStreet>
                    <ns2:LocalityOrArea>Mumbai</ns2:LocalityOrArea>
                    <ns2:CityOrTownOrDistrict>Mumbai</ns2:CityOrTownOrDistrict>
                    <ns2:StateCode>19</ns2:StateCode>
                    <ns2:PinCode>400012</ns2:PinCode>
                    <ns2:EmailAddress>cb2668@canarabank.com</ns2:EmailAddress>
                    <ns2:STDcode></ns2:STDcode>
                    <ns2:PhoneNo></ns2:PhoneNo>
                    <ns2:MobileNo>9917026824</ns2:MobileNo>
                    <ns2:TaxAssessedFlag>N</ns2:TaxAssessedFlag>
                    <ns2:LatestAsstYr></ns2:LatestAsstYr>
                    <ns2:EstimatedInc>0</ns2:EstimatedInc>
                    <ns2:EstimatedTotalIncPrvYr>0</ns2:EstimatedTotalIncPrvYr>
                    <ns2:TotalNoOfForm15H>1</ns2:TotalNoOfForm15H>
                    <ns2:AggregateAmtForm15H>0</ns2:AggregateAmtForm15H>
                    <ns2:UniqueIdNumber>H009593305201819MUMC14758C</ns2:UniqueIdNumber>
                    <ns2:DeclarationDate>2019-03-29</ns2:DeclarationDate>
                    <ns2:AmtOfIncPaid>0</ns2:AmtOfIncPaid>
                    <ns2:DateIncPaid>2019-03-31</ns2:DateIncPaid>
                    <ns2:RecordType></ns2:RecordType>
                </ns2:Basicdtls>
                <ns2:IncomeDtls>
                    <ns2:IncomeDtl>
                        <ns2:SrlNo>112</ns2:SrlNo>
                        <ns2:IdenficationNum>9593305</ns2:IdenficationNum>
                        <ns2:NatureOfInc>Interest other than Interest on securities</ns2:NatureOfInc>
                        <ns2:DeductSection>194A</ns2:DeductSection>
                        <ns2:AmtOfInc>0</ns2:AmtOfInc>
                    </ns2:IncomeDtl>
                </ns2:IncomeDtls>
            </ns2:Part1>
            <ns2:Part1>
                <ns2:Basicdtls>
                    <ns2:AssesseeName>GRACE CABRAL</ns2:AssesseeName>
                    <ns2:AssesseePAN>ABLPC8695F</ns2:AssesseePAN>
                    <ns2:AssesseeDOB>1950-01-01</ns2:AssesseeDOB>
                    <ns2:PreviousYr>2018</ns2:PreviousYr>
                    <ns2:FlatDoorNo>123</ns2:FlatDoorNo>
                    <ns2:PremisesName>ABC</ns2:PremisesName>
                    <ns2:RoadOrStreet>ABC</ns2:RoadOrStreet>
                    <ns2:LocalityOrArea>Mumbai</ns2:LocalityOrArea>
                    <ns2:CityOrTownOrDistrict>Mumbai</ns2:CityOrTownOrDistrict>
                    <ns2:StateCode>19</ns2:StateCode>
                    <ns2:PinCode>400012</ns2:PinCode>
                    <ns2:EmailAddress>cb2668@canarabank.com</ns2:EmailAddress>
                    <ns2:STDcode></ns2:STDcode>
                    <ns2:PhoneNo></ns2:PhoneNo>
                    <ns2:MobileNo>9917026824</ns2:MobileNo>
                    <ns2:TaxAssessedFlag>N</ns2:TaxAssessedFlag>
                    <ns2:LatestAsstYr></ns2:LatestAsstYr>
                    <ns2:EstimatedInc>4438</ns2:EstimatedInc>
                    <ns2:EstimatedTotalIncPrvYr>4438</ns2:EstimatedTotalIncPrvYr>
                    <ns2:TotalNoOfForm15H>1</ns2:TotalNoOfForm15H>
                    <ns2:AggregateAmtForm15H>4438</ns2:AggregateAmtForm15H>
                    <ns2:UniqueIdNumber>H009601439201819MUMC14758C</ns2:UniqueIdNumber>
                    <ns2:DeclarationDate>2019-03-18</ns2:DeclarationDate>
                    <ns2:AmtOfIncPaid>4438</ns2:AmtOfIncPaid>
                    <ns2:DateIncPaid>2019-03-31</ns2:DateIncPaid>
                    <ns2:RecordType></ns2:RecordType>
                </ns2:Basicdtls>
                <ns2:IncomeDtls>
                    <ns2:IncomeDtl>
                        <ns2:SrlNo>113</ns2:SrlNo>
                        <ns2:IdenficationNum>9601439</ns2:IdenficationNum>
                        <ns2:NatureOfInc>Interest other than Interest on securities</ns2:NatureOfInc>
                        <ns2:DeductSection>194A</ns2:DeductSection>
                        <ns2:AmtOfInc>4438</ns2:AmtOfInc>
                    </ns2:IncomeDtl>
                </ns2:IncomeDtls>
            </ns2:Part1>
            <ns2:Part1>
                <ns2:Basicdtls>
                    <ns2:AssesseeName>DARRYL I CABRAL</ns2:AssesseeName>
                    <ns2:AssesseePAN>ADDPC3021F</ns2:AssesseePAN>
                    <ns2:AssesseeDOB>1950-01-01</ns2:AssesseeDOB>
                    <ns2:PreviousYr>2018</ns2:PreviousYr>
                    <ns2:FlatDoorNo>123</ns2:FlatDoorNo>
                    <ns2:PremisesName>ABC</ns2:PremisesName>
                    <ns2:RoadOrStreet>ABC</ns2:RoadOrStreet>
                    <ns2:LocalityOrArea>Mumbai</ns2:LocalityOrArea>
                    <ns2:CityOrTownOrDistrict>Mumbai</ns2:CityOrTownOrDistrict>
                    <ns2:StateCode>19</ns2:StateCode>
                    <ns2:PinCode>400012</ns2:PinCode>
                    <ns2:EmailAddress>cb2668@canarabank.com</ns2:EmailAddress>
                    <ns2:STDcode></ns2:STDcode>
                    <ns2:PhoneNo></ns2:PhoneNo>
                    <ns2:MobileNo>9917026824</ns2:MobileNo>
                    <ns2:TaxAssessedFlag>N</ns2:TaxAssessedFlag>
                    <ns2:LatestAsstYr></ns2:LatestAsstYr>
                    <ns2:EstimatedInc>220278</ns2:EstimatedInc>
                    <ns2:EstimatedTotalIncPrvYr>220278</ns2:EstimatedTotalIncPrvYr>
                    <ns2:TotalNoOfForm15H>1</ns2:TotalNoOfForm15H>
                    <ns2:AggregateAmtForm15H>220278</ns2:AggregateAmtForm15H>
                    <ns2:UniqueIdNumber>H009601440201819MUMC14758C</ns2:UniqueIdNumber>
                    <ns2:DeclarationDate>2019-03-18</ns2:DeclarationDate>
                    <ns2:AmtOfIncPaid>220278</ns2:AmtOfIncPaid>
                    <ns2:DateIncPaid>2019-03-31</ns2:DateIncPaid>
                    <ns2:RecordType></ns2:RecordType>
                </ns2:Basicdtls>
                <ns2:IncomeDtls>
                    <ns2:IncomeDtl>
                        <ns2:SrlNo>114</ns2:SrlNo>
                        <ns2:IdenficationNum>9601440</ns2:IdenficationNum>
                        <ns2:NatureOfInc>Interest other than Interest on securities</ns2:NatureOfInc>
                        <ns2:DeductSection>194A</ns2:DeductSection>
                        <ns2:AmtOfInc>220278</ns2:AmtOfInc>
                    </ns2:IncomeDtl>
                </ns2:IncomeDtls>
            </ns2:Part1>
            <ns2:Part1>
                <ns2:Basicdtls>
                    <ns2:AssesseeName>ROHINI SURYAKANT DOLAS</ns2:AssesseeName>
                    <ns2:AssesseePAN>BWXPD8612B</ns2:AssesseePAN>
                    <ns2:AssesseeDOB>1950-01-01</ns2:AssesseeDOB>
                    <ns2:PreviousYr>2018</ns2:PreviousYr>
                    <ns2:FlatDoorNo>123</ns2:FlatDoorNo>
                    <ns2:PremisesName>ABC</ns2:PremisesName>
                    <ns2:RoadOrStreet>ABC</ns2:RoadOrStreet>
                    <ns2:LocalityOrArea>Mumbai</ns2:LocalityOrArea>
                    <ns2:CityOrTownOrDistrict>Mumbai</ns2:CityOrTownOrDistrict>
                    <ns2:StateCode>19</ns2:StateCode>
                    <ns2:PinCode>400012</ns2:PinCode>
                    <ns2:EmailAddress>cb2668@canarabank.com</ns2:EmailAddress>
                    <ns2:STDcode></ns2:STDcode>
                    <ns2:PhoneNo></ns2:PhoneNo>
                    <ns2:MobileNo>9917026824</ns2:MobileNo>
                    <ns2:TaxAssessedFlag>N</ns2:TaxAssessedFlag>
                    <ns2:LatestAsstYr></ns2:LatestAsstYr>
                    <ns2:EstimatedInc>22461</ns2:EstimatedInc>
                    <ns2:EstimatedTotalIncPrvYr>22461</ns2:EstimatedTotalIncPrvYr>
                    <ns2:TotalNoOfForm15H>1</ns2:TotalNoOfForm15H>
                    <ns2:AggregateAmtForm15H>22461</ns2:AggregateAmtForm15H>
                    <ns2:UniqueIdNumber>H009604615201819MUMC14758C</ns2:UniqueIdNumber>
                    <ns2:DeclarationDate>2019-03-02</ns2:DeclarationDate>
                    <ns2:AmtOfIncPaid>22461</ns2:AmtOfIncPaid>
                    <ns2:DateIncPaid>2019-03-31</ns2:DateIncPaid>
                    <ns2:RecordType></ns2:RecordType>
                </ns2:Basicdtls>
                <ns2:IncomeDtls>
                    <ns2:IncomeDtl>
                        <ns2:SrlNo>115</ns2:SrlNo>
                        <ns2:IdenficationNum>9604615</ns2:IdenficationNum>
                        <ns2:NatureOfInc>Interest other than Interest on securities</ns2:NatureOfInc>
                        <ns2:DeductSection>194A</ns2:DeductSection>
                        <ns2:AmtOfInc>22461</ns2:AmtOfInc>
                    </ns2:IncomeDtl>
                </ns2:IncomeDtls>
            </ns2:Part1>
            <ns2:Part1>
                <ns2:Basicdtls>
                    <ns2:AssesseeName>ABDUL MUNAF ABDUL GAFUR THAKUR</ns2:AssesseeName>
                    <ns2:AssesseePAN>AGDPT1760B</ns2:AssesseePAN>
                    <ns2:AssesseeDOB>1950-01-01</ns2:AssesseeDOB>
                    <ns2:PreviousYr>2018</ns2:PreviousYr>
                    <ns2:FlatDoorNo>123</ns2:FlatDoorNo>
                    <ns2:PremisesName>ABC</ns2:PremisesName>
                    <ns2:RoadOrStreet>ABC</ns2:RoadOrStreet>
                    <ns2:LocalityOrArea>Mumbai</ns2:LocalityOrArea>
                    <ns2:CityOrTownOrDistrict>Mumbai</ns2:CityOrTownOrDistrict>
                    <ns2:StateCode>19</ns2:StateCode>
                    <ns2:PinCode>400012</ns2:PinCode>
                    <ns2:EmailAddress>cb2668@canarabank.com</ns2:EmailAddress>
                    <ns2:STDcode></ns2:STDcode>
                    <ns2:PhoneNo></ns2:PhoneNo>
                    <ns2:MobileNo>9917026824</ns2:MobileNo>
                    <ns2:TaxAssessedFlag>N</ns2:TaxAssessedFlag>
                    <ns2:LatestAsstYr></ns2:LatestAsstYr>
                    <ns2:EstimatedInc>1020</ns2:EstimatedInc>
                    <ns2:EstimatedTotalIncPrvYr>1020</ns2:EstimatedTotalIncPrvYr>
                    <ns2:TotalNoOfForm15H>1</ns2:TotalNoOfForm15H>
                    <ns2:AggregateAmtForm15H>1020</ns2:AggregateAmtForm15H>
                    <ns2:UniqueIdNumber>H009607017201819MUMC14758C</ns2:UniqueIdNumber>
                    <ns2:DeclarationDate>2019-03-16</ns2:DeclarationDate>
                    <ns2:AmtOfIncPaid>1020</ns2:AmtOfIncPaid>
                    <ns2:DateIncPaid>2019-03-31</ns2:DateIncPaid>
                    <ns2:RecordType></ns2:RecordType>
                </ns2:Basicdtls>
                <ns2:IncomeDtls>
                    <ns2:IncomeDtl>
                        <ns2:SrlNo>116</ns2:SrlNo>
                        <ns2:IdenficationNum>9607017</ns2:IdenficationNum>
                        <ns2:NatureOfInc>Interest other than Interest on securities</ns2:NatureOfInc>
                        <ns2:DeductSection>194A</ns2:DeductSection>
                        <ns2:AmtOfInc>1020</ns2:AmtOfInc>
                    </ns2:IncomeDtl>
                </ns2:IncomeDtls>
            </ns2:Part1>
            <ns2:Part1>
                <ns2:Basicdtls>
                    <ns2:AssesseeName>SAEEDA SHAHABUDDIN KAZI</ns2:AssesseeName>
                    <ns2:AssesseePAN>BYLPK5951Q</ns2:AssesseePAN>
                    <ns2:AssesseeDOB>1950-01-01</ns2:AssesseeDOB>
                    <ns2:PreviousYr>2018</ns2:PreviousYr>
                    <ns2:FlatDoorNo>123</ns2:FlatDoorNo>
                    <ns2:PremisesName>ABC</ns2:PremisesName>
                    <ns2:RoadOrStreet>ABC</ns2:RoadOrStreet>
                    <ns2:LocalityOrArea>Mumbai</ns2:LocalityOrArea>
                    <ns2:CityOrTownOrDistrict>Mumbai</ns2:CityOrTownOrDistrict>
                    <ns2:StateCode>19</ns2:StateCode>
                    <ns2:PinCode>400012</ns2:PinCode>
                    <ns2:EmailAddress>cb2668@canarabank.com</ns2:EmailAddress>
                    <ns2:STDcode></ns2:STDcode>
                    <ns2:PhoneNo></ns2:PhoneNo>
                    <ns2:MobileNo>9917026824</ns2:MobileNo>
                    <ns2:TaxAssessedFlag>N</ns2:TaxAssessedFlag>
                    <ns2:LatestAsstYr></ns2:LatestAsstYr>
                    <ns2:EstimatedInc>24466</ns2:EstimatedInc>
                    <ns2:EstimatedTotalIncPrvYr>24466</ns2:EstimatedTotalIncPrvYr>
                    <ns2:TotalNoOfForm15H>1</ns2:TotalNoOfForm15H>
                    <ns2:AggregateAmtForm15H>24466</ns2:AggregateAmtForm15H>
                    <ns2:UniqueIdNumber>H016112991201819MUMC14758C</ns2:UniqueIdNumber>
                    <ns2:DeclarationDate>2019-01-10</ns2:DeclarationDate>
                    <ns2:AmtOfIncPaid>24466</ns2:AmtOfIncPaid>
                    <ns2:DateIncPaid>2019-03-31</ns2:DateIncPaid>
                    <ns2:RecordType></ns2:RecordType>
                </ns2:Basicdtls>
                <ns2:IncomeDtls>
                    <ns2:IncomeDtl>
                        <ns2:SrlNo>117</ns2:SrlNo>
                        <ns2:IdenficationNum>16112991</ns2:IdenficationNum>
                        <ns2:NatureOfInc>Interest other than Interest on securities</ns2:NatureOfInc>
                        <ns2:DeductSection>194A</ns2:DeductSection>
                        <ns2:AmtOfInc>24466</ns2:AmtOfInc>
                    </ns2:IncomeDtl>
                </ns2:IncomeDtls>
            </ns2:Part1>
            <ns2:Part1>
                <ns2:Basicdtls>
                    <ns2:AssesseeName>PARAMSUKH KABILAS CHAUHAN</ns2:AssesseeName>
                    <ns2:AssesseePAN>ADYPC5211A</ns2:AssesseePAN>
                    <ns2:AssesseeDOB>1950-01-01</ns2:AssesseeDOB>
                    <ns2:PreviousYr>2018</ns2:PreviousYr>
                    <ns2:FlatDoorNo>123</ns2:FlatDoorNo>
                    <ns2:PremisesName>ABC</ns2:PremisesName>
                    <ns2:RoadOrStreet>ABC</ns2:RoadOrStreet>
                    <ns2:LocalityOrArea>Mumbai</ns2:LocalityOrArea>
                    <ns2:CityOrTownOrDistrict>Mumbai</ns2:CityOrTownOrDistrict>
                    <ns2:StateCode>19</ns2:StateCode>
                    <ns2:PinCode>400012</ns2:PinCode>
                    <ns2:EmailAddress>cb2668@canarabank.com</ns2:EmailAddress>
                    <ns2:STDcode></ns2:STDcode>
                    <ns2:PhoneNo></ns2:PhoneNo>
                    <ns2:MobileNo>9917026824</ns2:MobileNo>
                    <ns2:TaxAssessedFlag>N</ns2:TaxAssessedFlag>
                    <ns2:LatestAsstYr></ns2:LatestAsstYr>
                    <ns2:EstimatedInc>15220</ns2:EstimatedInc>
                    <ns2:EstimatedTotalIncPrvYr>15220</ns2:EstimatedTotalIncPrvYr>
                    <ns2:TotalNoOfForm15H>1</ns2:TotalNoOfForm15H>
                    <ns2:AggregateAmtForm15H>15220</ns2:AggregateAmtForm15H>
                    <ns2:UniqueIdNumber>H041945032201819MUMC14758C</ns2:UniqueIdNumber>
                    <ns2:DeclarationDate>2019-01-31</ns2:DeclarationDate>
                    <ns2:AmtOfIncPaid>15220</ns2:AmtOfIncPaid>
                    <ns2:DateIncPaid>2019-03-31</ns2:DateIncPaid>
                    <ns2:RecordType></ns2:RecordType>
                </ns2:Basicdtls>
                <ns2:IncomeDtls>
                    <ns2:IncomeDtl>
                        <ns2:SrlNo>118</ns2:SrlNo>
                        <ns2:IdenficationNum>41945032</ns2:IdenficationNum>
                        <ns2:NatureOfInc>Interest other than Interest on securities</ns2:NatureOfInc>
                        <ns2:DeductSection>194A</ns2:DeductSection>
                        <ns2:AmtOfInc>15220</ns2:AmtOfInc>
                    </ns2:IncomeDtl>
                </ns2:IncomeDtls>
            </ns2:Part1>
            <ns2:Part1>
                <ns2:Basicdtls>
                    <ns2:AssesseeName>SHIRIN J MOTWANI</ns2:AssesseeName>
                    <ns2:AssesseePAN>AGNPM1847L</ns2:AssesseePAN>
                    <ns2:AssesseeDOB>1950-01-01</ns2:AssesseeDOB>
                    <ns2:PreviousYr>2018</ns2:PreviousYr>
                    <ns2:FlatDoorNo>123</ns2:FlatDoorNo>
                    <ns2:PremisesName>ABC</ns2:PremisesName>
                    <ns2:RoadOrStreet>ABC</ns2:RoadOrStreet>
                    <ns2:LocalityOrArea>Mumbai</ns2:LocalityOrArea>
                    <ns2:CityOrTownOrDistrict>Mumbai</ns2:CityOrTownOrDistrict>
                    <ns2:StateCode>19</ns2:StateCode>
                    <ns2:PinCode>400012</ns2:PinCode>
                    <ns2:EmailAddress>cb2668@canarabank.com</ns2:EmailAddress>
                    <ns2:STDcode></ns2:STDcode>
                    <ns2:PhoneNo></ns2:PhoneNo>
                    <ns2:MobileNo>9917026824</ns2:MobileNo>
                    <ns2:TaxAssessedFlag>N</ns2:TaxAssessedFlag>
                    <ns2:LatestAsstYr></ns2:LatestAsstYr>
                    <ns2:EstimatedInc>590</ns2:EstimatedInc>
                    <ns2:EstimatedTotalIncPrvYr>590</ns2:EstimatedTotalIncPrvYr>
                    <ns2:TotalNoOfForm15H>1</ns2:TotalNoOfForm15H>
                    <ns2:AggregateAmtForm15H>590</ns2:AggregateAmtForm15H>
                    <ns2:UniqueIdNumber>H070606576201819MUMC14758C</ns2:UniqueIdNumber>
                    <ns2:DeclarationDate>2019-02-27</ns2:DeclarationDate>
                    <ns2:AmtOfIncPaid>590</ns2:AmtOfIncPaid>
                    <ns2:DateIncPaid>2019-03-31</ns2:DateIncPaid>
                    <ns2:RecordType></ns2:RecordType>
                </ns2:Basicdtls>
                <ns2:IncomeDtls>
                    <ns2:IncomeDtl>
                        <ns2:SrlNo>119</ns2:SrlNo>
                        <ns2:IdenficationNum>70606576</ns2:IdenficationNum>
                        <ns2:NatureOfInc>Interest other than Interest on securities</ns2:NatureOfInc>
                        <ns2:DeductSection>194A</ns2:DeductSection>
                        <ns2:AmtOfInc>590</ns2:AmtOfInc>
                    </ns2:IncomeDtl>
                </ns2:IncomeDtls>
            </ns2:Part1>
        </ns2:Part1Dtls>
    </ns2:Form15HDtls>
</ns2:FORM15H>
