<?xml version="1.0" encoding="UTF-8" standalone="yes"?>
<ns2:FORM15H xmlns="http://incometaxindiaefiling.gov.in/common" xmlns:ns2="http://incometaxindiaefiling.gov.in/FORM15H">
    <ns2:FormCreationInfo>
        <CreationInfo>
            <SWVersionNo>1.0</SWVersionNo>
            <SWCreatedBy>ITD_JAVA_UTILITY</SWCreatedBy>
            <XMLCreatedBy>ITD_JAVA_UTILITY</XMLCreatedBy>
            <XMLCreationDate>2018-01-17</XMLCreationDate>
        </CreationInfo>
        <Form_Details>
            <FormName>FORM15H</FormName>
            <AssessmentYear>2016</AssessmentYear>
            <SchemaVer>V1.0</SchemaVer>
            <FormVer>1.0</FormVer>
        </Form_Details>
    </ns2:FormCreationInfo>
    <ns2:Form15HDtls>
        <ns2:TAN>MUMC10753B</ns2:TAN>
        <ns2:Quarter>Q3</ns2:Quarter>
        <ns2:FinancialYr>2017</ns2:FinancialYr>
        <ns2:FilingType>O</ns2:FilingType>
        <ns2:Part1Dtls>
            <ns2:Part1>
                <ns2:Basicdtls>
                    <ns2:AssesseeName>REHANA H MITHAGRI</ns2:AssesseeName>
                    <ns2:AssesseePAN>BDIPM0086L</ns2:AssesseePAN>
                    <ns2:AssesseeDOB>1950-01-01</ns2:AssesseeDOB>
                    <ns2:PreviousYr>2017</ns2:PreviousYr>
                    <ns2:FlatDoorNo>295</ns2:FlatDoorNo>
                    <ns2:PremisesName>ABC</ns2:PremisesName>
                    <ns2:RoadOrStreet>ABC</ns2:RoadOrStreet>
                    <ns2:LocalityOrArea>Mumbai</ns2:LocalityOrArea>
                    <ns2:CityOrTownOrDistrict>Mumbai</ns2:CityOrTownOrDistrict>
                    <ns2:StateCode>19</ns2:StateCode>
                    <ns2:PinCode>400012</ns2:PinCode>
                    <ns2:EmailAddress>MANAGERCB0104@canarabank.com</ns2:EmailAddress>
                    <ns2:STDcode></ns2:STDcode>
                    <ns2:PhoneNo></ns2:PhoneNo>
                    <ns2:MobileNo>7738350276</ns2:MobileNo>
                    <ns2:TaxAssessedFlag>N</ns2:TaxAssessedFlag>
                    <ns2:LatestAsstYr></ns2:LatestAsstYr>
                    <ns2:EstimatedInc>17721</ns2:EstimatedInc>
                    <ns2:EstimatedTotalIncPrvYr>17721</ns2:EstimatedTotalIncPrvYr>
                    <ns2:TotalNoOfForm15H>1</ns2:TotalNoOfForm15H>
                    <ns2:AggregateAmtForm15H>17721</ns2:AggregateAmtForm15H>
                    <ns2:UniqueIdNumber>H008103598201718MUMC10753B</ns2:UniqueIdNumber>
                    <ns2:DeclarationDate>2017-12-08</ns2:DeclarationDate>
                    <ns2:AmtOfIncPaid>17721</ns2:AmtOfIncPaid>
                    <ns2:DateIncPaid>2017-12-31</ns2:DateIncPaid>
                    <ns2:RecordType></ns2:RecordType>
                </ns2:Basicdtls>
                <ns2:IncomeDtls>
                    <ns2:IncomeDtl>
                        <ns2:SrlNo>100</ns2:SrlNo>
                        <ns2:IdenficationNum>81035982</ns2:IdenficationNum>
                        <ns2:NatureOfInc>Interest other than Interest on securities</ns2:NatureOfInc>
                        <ns2:DeductSection>194A</ns2:DeductSection>
                        <ns2:AmtOfInc>17721</ns2:AmtOfInc>
                    </ns2:IncomeDtl>
                </ns2:IncomeDtls>
            </ns2:Part1>
            <ns2:Part1>
                <ns2:Basicdtls>
                    <ns2:AssesseeName>JADHAV ANAND DINKAR</ns2:AssesseeName>
                    <ns2:AssesseePAN>ANJPJ9018K</ns2:AssesseePAN>
                    <ns2:AssesseeDOB>1950-01-01</ns2:AssesseeDOB>
                    <ns2:PreviousYr>2017</ns2:PreviousYr>
                    <ns2:FlatDoorNo>123</ns2:FlatDoorNo>
                    <ns2:PremisesName>ABC</ns2:PremisesName>
                    <ns2:RoadOrStreet>ABC</ns2:RoadOrStreet>
                    <ns2:LocalityOrArea>Mumbai</ns2:LocalityOrArea>
                    <ns2:CityOrTownOrDistrict>Mumbai</ns2:CityOrTownOrDistrict>
                    <ns2:StateCode>19</ns2:StateCode>
                    <ns2:PinCode>400012</ns2:PinCode>
                    <ns2:EmailAddress>MANAGERCB0104@canarabank.com</ns2:EmailAddress>
                    <ns2:STDcode></ns2:STDcode>
                    <ns2:PhoneNo></ns2:PhoneNo>
                    <ns2:MobileNo>7738350104</ns2:MobileNo>
                    <ns2:TaxAssessedFlag>N</ns2:TaxAssessedFlag>
                    <ns2:LatestAsstYr></ns2:LatestAsstYr>
                    <ns2:EstimatedInc>5894</ns2:EstimatedInc>
                    <ns2:EstimatedTotalIncPrvYr>5894</ns2:EstimatedTotalIncPrvYr>
                    <ns2:TotalNoOfForm15H>1</ns2:TotalNoOfForm15H>
                    <ns2:AggregateAmtForm15H>5894</ns2:AggregateAmtForm15H>
                    <ns2:UniqueIdNumber>H012206704201718MUMC10753B</ns2:UniqueIdNumber>
                    <ns2:DeclarationDate>2017-10-11</ns2:DeclarationDate>
                    <ns2:AmtOfIncPaid>5894</ns2:AmtOfIncPaid>
                    <ns2:DateIncPaid>2017-12-31</ns2:DateIncPaid>
                    <ns2:RecordType></ns2:RecordType>
                </ns2:Basicdtls>
                <ns2:IncomeDtls>
                    <ns2:IncomeDtl>
                        <ns2:SrlNo>101</ns2:SrlNo>
                        <ns2:IdenficationNum>122067042</ns2:IdenficationNum>
                        <ns2:NatureOfInc>Interest other than Interest on securities</ns2:NatureOfInc>
                        <ns2:DeductSection>194A</ns2:DeductSection>
                        <ns2:AmtOfInc>5894</ns2:AmtOfInc>
                    </ns2:IncomeDtl>
                </ns2:IncomeDtls>
            </ns2:Part1>
            <ns2:Part1>
                <ns2:Basicdtls>
                    <ns2:AssesseeName>RAMSHANKAR AYODHYA PRASAD</ns2:AssesseeName>
                    <ns2:AssesseePAN>AJZPP1065E</ns2:AssesseePAN>
                    <ns2:AssesseeDOB>1950-01-01</ns2:AssesseeDOB>
                    <ns2:PreviousYr>2017</ns2:PreviousYr>
                    <ns2:FlatDoorNo>123</ns2:FlatDoorNo>
                    <ns2:PremisesName>ABC</ns2:PremisesName>
                    <ns2:RoadOrStreet>ABC</ns2:RoadOrStreet>
                    <ns2:LocalityOrArea>Mumbai</ns2:LocalityOrArea>
                    <ns2:CityOrTownOrDistrict>Mumbai</ns2:CityOrTownOrDistrict>
                    <ns2:StateCode>19</ns2:StateCode>
                    <ns2:PinCode>400012</ns2:PinCode>
                    <ns2:EmailAddress>MANAGERCB0104@canarabank.com</ns2:EmailAddress>
                    <ns2:STDcode></ns2:STDcode>
                    <ns2:PhoneNo></ns2:PhoneNo>
                    <ns2:MobileNo>7738350104</ns2:MobileNo>
                    <ns2:TaxAssessedFlag>N</ns2:TaxAssessedFlag>
                    <ns2:LatestAsstYr></ns2:LatestAsstYr>
                    <ns2:EstimatedInc>9024</ns2:EstimatedInc>
                    <ns2:EstimatedTotalIncPrvYr>9024</ns2:EstimatedTotalIncPrvYr>
                    <ns2:TotalNoOfForm15H>1</ns2:TotalNoOfForm15H>
                    <ns2:AggregateAmtForm15H>9024</ns2:AggregateAmtForm15H>
                    <ns2:UniqueIdNumber>H012210095201718MUMC10753B</ns2:UniqueIdNumber>
                    <ns2:DeclarationDate>2017-11-13</ns2:DeclarationDate>
                    <ns2:AmtOfIncPaid>9024</ns2:AmtOfIncPaid>
                    <ns2:DateIncPaid>2017-12-31</ns2:DateIncPaid>
                    <ns2:RecordType></ns2:RecordType>
                </ns2:Basicdtls>
                <ns2:IncomeDtls>
                    <ns2:IncomeDtl>
                        <ns2:SrlNo>102</ns2:SrlNo>
                        <ns2:IdenficationNum>122100952</ns2:IdenficationNum>
                        <ns2:NatureOfInc>Interest other than Interest on securities</ns2:NatureOfInc>
                        <ns2:DeductSection>194A</ns2:DeductSection>
                        <ns2:AmtOfInc>9024</ns2:AmtOfInc>
                    </ns2:IncomeDtl>
                </ns2:IncomeDtls>
            </ns2:Part1>
            <ns2:Part1>
                <ns2:Basicdtls>
                    <ns2:AssesseeName>JACKLINE ZACHARY BARRETTO</ns2:AssesseeName>
                    <ns2:AssesseePAN>ASTPB4054A</ns2:AssesseePAN>
                    <ns2:AssesseeDOB>1950-01-01</ns2:AssesseeDOB>
                    <ns2:PreviousYr>2017</ns2:PreviousYr>
                    <ns2:FlatDoorNo>209</ns2:FlatDoorNo>
                    <ns2:PremisesName>ABC</ns2:PremisesName>
                    <ns2:RoadOrStreet>ABC</ns2:RoadOrStreet>
                    <ns2:LocalityOrArea>Mumbai</ns2:LocalityOrArea>
                    <ns2:CityOrTownOrDistrict>Mumbai</ns2:CityOrTownOrDistrict>
                    <ns2:StateCode>19</ns2:StateCode>
                    <ns2:PinCode>400012</ns2:PinCode>
                    <ns2:EmailAddress>MANAGERCB0104@canarabank.com</ns2:EmailAddress>
                    <ns2:STDcode></ns2:STDcode>
                    <ns2:PhoneNo></ns2:PhoneNo>
                    <ns2:MobileNo>7738350190</ns2:MobileNo>
                    <ns2:TaxAssessedFlag>N</ns2:TaxAssessedFlag>
                    <ns2:LatestAsstYr></ns2:LatestAsstYr>
                    <ns2:EstimatedInc>25576</ns2:EstimatedInc>
                    <ns2:EstimatedTotalIncPrvYr>25576</ns2:EstimatedTotalIncPrvYr>
                    <ns2:TotalNoOfForm15H>1</ns2:TotalNoOfForm15H>
                    <ns2:AggregateAmtForm15H>25576</ns2:AggregateAmtForm15H>
                    <ns2:UniqueIdNumber>H012211596201718MUMC10753B</ns2:UniqueIdNumber>
                    <ns2:DeclarationDate>2017-12-27</ns2:DeclarationDate>
                    <ns2:AmtOfIncPaid>25576</ns2:AmtOfIncPaid>
                    <ns2:DateIncPaid>2017-12-31</ns2:DateIncPaid>
                    <ns2:RecordType></ns2:RecordType>
                </ns2:Basicdtls>
                <ns2:IncomeDtls>
                    <ns2:IncomeDtl>
                        <ns2:SrlNo>103</ns2:SrlNo>
                        <ns2:IdenficationNum>122115962</ns2:IdenficationNum>
                        <ns2:NatureOfInc>Interest other than Interest on securities</ns2:NatureOfInc>
                        <ns2:DeductSection>194A</ns2:DeductSection>
                        <ns2:AmtOfInc>25576</ns2:AmtOfInc>
                    </ns2:IncomeDtl>
                </ns2:IncomeDtls>
            </ns2:Part1>
        </ns2:Part1Dtls>
    </ns2:Form15HDtls>
</ns2:FORM15H>
