<?xml version="1.0" encoding="UTF-8" standalone="yes"?>
<ns2:FORM15H xmlns="http://incometaxindiaefiling.gov.in/common" xmlns:ns2="http://incometaxindiaefiling.gov.in/FORM15H">
    <ns2:FormCreationInfo>
        <CreationInfo>
            <SWVersionNo>1.0</SWVersionNo>
            <SWCreatedBy>ITD_JAVA_UTILITY</SWCreatedBy>
            <XMLCreatedBy>ITD_JAVA_UTILITY</XMLCreatedBy>
            <XMLCreationDate>2019-01-28</XMLCreationDate>
        </CreationInfo>
        <Form_Details>
            <FormName>FORM15H</FormName>
            <AssessmentYear>2016</AssessmentYear>
            <SchemaVer>V1.0</SchemaVer>
            <FormVer>1.0</FormVer>
        </Form_Details>
    </ns2:FormCreationInfo>
    <ns2:Form15HDtls>
        <ns2:TAN>MUMC14758C</ns2:TAN>
        <ns2:Quarter>Q3</ns2:Quarter>
        <ns2:FinancialYr>2018</ns2:FinancialYr>
        <ns2:FilingType>O</ns2:FilingType>
        <ns2:Part1Dtls>
            <ns2:Part1>
                <ns2:Basicdtls>
                    <ns2:AssesseeName>LAXMAN HIRAJI MHATRE</ns2:AssesseeName>
                    <ns2:AssesseePAN>AHRPM4865H</ns2:AssesseePAN>
                    <ns2:AssesseeDOB>1950-01-01</ns2:AssesseeDOB>
                    <ns2:PreviousYr>2018</ns2:PreviousYr>
                    <ns2:FlatDoorNo>123</ns2:FlatDoorNo>
                    <ns2:PremisesName>ABC</ns2:PremisesName>
                    <ns2:RoadOrStreet>ABC</ns2:RoadOrStreet>
                    <ns2:LocalityOrArea>Mumbai</ns2:LocalityOrArea>
                    <ns2:CityOrTownOrDistrict>Mumbai</ns2:CityOrTownOrDistrict>
                    <ns2:StateCode>19</ns2:StateCode>
                    <ns2:PinCode>400012</ns2:PinCode>
                    <ns2:EmailAddress>cb2668@canarabank.com</ns2:EmailAddress>
                    <ns2:STDcode></ns2:STDcode>
                    <ns2:PhoneNo></ns2:PhoneNo>
                    <ns2:MobileNo>9917026824</ns2:MobileNo>
                    <ns2:TaxAssessedFlag>N</ns2:TaxAssessedFlag>
                    <ns2:LatestAsstYr></ns2:LatestAsstYr>
                    <ns2:EstimatedInc>66578</ns2:EstimatedInc>
                    <ns2:EstimatedTotalIncPrvYr>66578</ns2:EstimatedTotalIncPrvYr>
                    <ns2:TotalNoOfForm15H>1</ns2:TotalNoOfForm15H>
                    <ns2:AggregateAmtForm15H>66578</ns2:AggregateAmtForm15H>
                    <ns2:UniqueIdNumber>H380000001201819MUMC14758C</ns2:UniqueIdNumber>
                    <ns2:DeclarationDate>2018-11-12</ns2:DeclarationDate>
                    <ns2:AmtOfIncPaid>66578</ns2:AmtOfIncPaid>
                    <ns2:DateIncPaid>2018-12-31</ns2:DateIncPaid>
                    <ns2:RecordType></ns2:RecordType>
                </ns2:Basicdtls>
                <ns2:IncomeDtls>
                    <ns2:IncomeDtl>
                        <ns2:SrlNo>100</ns2:SrlNo>
                        <ns2:IdenficationNum>3118087</ns2:IdenficationNum>
                        <ns2:NatureOfInc>Interest other than Interest on securities</ns2:NatureOfInc>
                        <ns2:DeductSection>194A</ns2:DeductSection>
                        <ns2:AmtOfInc>66578</ns2:AmtOfInc>
                    </ns2:IncomeDtl>
                </ns2:IncomeDtls>
            </ns2:Part1>
            <ns2:Part1>
                <ns2:Basicdtls>
                    <ns2:AssesseeName>PHILOMENA J.DISOUZA</ns2:AssesseeName>
                    <ns2:AssesseePAN>AJKPD6447P</ns2:AssesseePAN>
                    <ns2:AssesseeDOB>1950-01-01</ns2:AssesseeDOB>
                    <ns2:PreviousYr>2018</ns2:PreviousYr>
                    <ns2:FlatDoorNo>123</ns2:FlatDoorNo>
                    <ns2:PremisesName>ABC</ns2:PremisesName>
                    <ns2:RoadOrStreet>ABC</ns2:RoadOrStreet>
                    <ns2:LocalityOrArea>Mumbai</ns2:LocalityOrArea>
                    <ns2:CityOrTownOrDistrict>Mumbai</ns2:CityOrTownOrDistrict>
                    <ns2:StateCode>19</ns2:StateCode>
                    <ns2:PinCode>400012</ns2:PinCode>
                    <ns2:EmailAddress>cb2668@canarabank.com</ns2:EmailAddress>
                    <ns2:STDcode></ns2:STDcode>
                    <ns2:PhoneNo></ns2:PhoneNo>
                    <ns2:MobileNo>9917026824</ns2:MobileNo>
                    <ns2:TaxAssessedFlag>N</ns2:TaxAssessedFlag>
                    <ns2:LatestAsstYr></ns2:LatestAsstYr>
                    <ns2:EstimatedInc>19786</ns2:EstimatedInc>
                    <ns2:EstimatedTotalIncPrvYr>19786</ns2:EstimatedTotalIncPrvYr>
                    <ns2:TotalNoOfForm15H>1</ns2:TotalNoOfForm15H>
                    <ns2:AggregateAmtForm15H>19786</ns2:AggregateAmtForm15H>
                    <ns2:UniqueIdNumber>H404001377201819MUMC14758C</ns2:UniqueIdNumber>
                    <ns2:DeclarationDate>2018-12-10</ns2:DeclarationDate>
                    <ns2:AmtOfIncPaid>19786</ns2:AmtOfIncPaid>
                    <ns2:DateIncPaid>2018-12-31</ns2:DateIncPaid>
                    <ns2:RecordType></ns2:RecordType>
                </ns2:Basicdtls>
                <ns2:IncomeDtls>
                    <ns2:IncomeDtl>
                        <ns2:SrlNo>101</ns2:SrlNo>
                        <ns2:IdenficationNum>9580376</ns2:IdenficationNum>
                        <ns2:NatureOfInc>Interest other than Interest on securities</ns2:NatureOfInc>
                        <ns2:DeductSection>194A</ns2:DeductSection>
                        <ns2:AmtOfInc>19786</ns2:AmtOfInc>
                    </ns2:IncomeDtl>
                </ns2:IncomeDtls>
            </ns2:Part1>
            <ns2:Part1>
                <ns2:Basicdtls>
                    <ns2:AssesseeName>CHANDRAPRABHA MARUTI MORE</ns2:AssesseeName>
                    <ns2:AssesseePAN>BISPM4544A</ns2:AssesseePAN>
                    <ns2:AssesseeDOB>1950-01-01</ns2:AssesseeDOB>
                    <ns2:PreviousYr>2018</ns2:PreviousYr>
                    <ns2:FlatDoorNo>123</ns2:FlatDoorNo>
                    <ns2:PremisesName>ABC</ns2:PremisesName>
                    <ns2:RoadOrStreet>ABC</ns2:RoadOrStreet>
                    <ns2:LocalityOrArea>Mumbai</ns2:LocalityOrArea>
                    <ns2:CityOrTownOrDistrict>Mumbai</ns2:CityOrTownOrDistrict>
                    <ns2:StateCode>19</ns2:StateCode>
                    <ns2:PinCode>400012</ns2:PinCode>
                    <ns2:EmailAddress>cb2668@canarabank.com</ns2:EmailAddress>
                    <ns2:STDcode></ns2:STDcode>
                    <ns2:PhoneNo></ns2:PhoneNo>
                    <ns2:MobileNo>9917026824</ns2:MobileNo>
                    <ns2:TaxAssessedFlag>N</ns2:TaxAssessedFlag>
                    <ns2:LatestAsstYr></ns2:LatestAsstYr>
                    <ns2:EstimatedInc>11992</ns2:EstimatedInc>
                    <ns2:EstimatedTotalIncPrvYr>11992</ns2:EstimatedTotalIncPrvYr>
                    <ns2:TotalNoOfForm15H>1</ns2:TotalNoOfForm15H>
                    <ns2:AggregateAmtForm15H>11992</ns2:AggregateAmtForm15H>
                    <ns2:UniqueIdNumber>H404001828201819MUMC14758C</ns2:UniqueIdNumber>
                    <ns2:DeclarationDate>2018-10-11</ns2:DeclarationDate>
                    <ns2:AmtOfIncPaid>11992</ns2:AmtOfIncPaid>
                    <ns2:DateIncPaid>2018-12-31</ns2:DateIncPaid>
                    <ns2:RecordType></ns2:RecordType>
                </ns2:Basicdtls>
                <ns2:IncomeDtls>
                    <ns2:IncomeDtl>
                        <ns2:SrlNo>102</ns2:SrlNo>
                        <ns2:IdenficationNum>9580668</ns2:IdenficationNum>
                        <ns2:NatureOfInc>Interest other than Interest on securities</ns2:NatureOfInc>
                        <ns2:DeductSection>194A</ns2:DeductSection>
                        <ns2:AmtOfInc>11992</ns2:AmtOfInc>
                    </ns2:IncomeDtl>
                </ns2:IncomeDtls>
            </ns2:Part1>
            <ns2:Part1>
                <ns2:Basicdtls>
                    <ns2:AssesseeName>ZEFERINO A ALPHONSO</ns2:AssesseeName>
                    <ns2:AssesseePAN>AAZPA3714C</ns2:AssesseePAN>
                    <ns2:AssesseeDOB>1950-01-01</ns2:AssesseeDOB>
                    <ns2:PreviousYr>2018</ns2:PreviousYr>
                    <ns2:FlatDoorNo>123</ns2:FlatDoorNo>
                    <ns2:PremisesName>ABC</ns2:PremisesName>
                    <ns2:RoadOrStreet>ABC</ns2:RoadOrStreet>
                    <ns2:LocalityOrArea>Mumbai</ns2:LocalityOrArea>
                    <ns2:CityOrTownOrDistrict>Mumbai</ns2:CityOrTownOrDistrict>
                    <ns2:StateCode>19</ns2:StateCode>
                    <ns2:PinCode>400012</ns2:PinCode>
                    <ns2:EmailAddress>cb2668@canarabank.com</ns2:EmailAddress>
                    <ns2:STDcode></ns2:STDcode>
                    <ns2:PhoneNo></ns2:PhoneNo>
                    <ns2:MobileNo>9917026824</ns2:MobileNo>
                    <ns2:TaxAssessedFlag>N</ns2:TaxAssessedFlag>
                    <ns2:LatestAsstYr></ns2:LatestAsstYr>
                    <ns2:EstimatedInc>11125</ns2:EstimatedInc>
                    <ns2:EstimatedTotalIncPrvYr>11125</ns2:EstimatedTotalIncPrvYr>
                    <ns2:TotalNoOfForm15H>1</ns2:TotalNoOfForm15H>
                    <ns2:AggregateAmtForm15H>11125</ns2:AggregateAmtForm15H>
                    <ns2:UniqueIdNumber>H404001951201819MUMC14758C</ns2:UniqueIdNumber>
                    <ns2:DeclarationDate>2018-11-26</ns2:DeclarationDate>
                    <ns2:AmtOfIncPaid>11125</ns2:AmtOfIncPaid>
                    <ns2:DateIncPaid>2018-12-31</ns2:DateIncPaid>
                    <ns2:RecordType></ns2:RecordType>
                </ns2:Basicdtls>
                <ns2:IncomeDtls>
                    <ns2:IncomeDtl>
                        <ns2:SrlNo>103</ns2:SrlNo>
                        <ns2:IdenficationNum>9581793</ns2:IdenficationNum>
                        <ns2:NatureOfInc>Interest other than Interest on securities</ns2:NatureOfInc>
                        <ns2:DeductSection>194A</ns2:DeductSection>
                        <ns2:AmtOfInc>11125</ns2:AmtOfInc>
                    </ns2:IncomeDtl>
                </ns2:IncomeDtls>
            </ns2:Part1>
            <ns2:Part1>
                <ns2:Basicdtls>
                    <ns2:AssesseeName>JUDE D`SOUZA;</ns2:AssesseeName>
                    <ns2:AssesseePAN>ALGPD5400L</ns2:AssesseePAN>
                    <ns2:AssesseeDOB>1950-01-01</ns2:AssesseeDOB>
                    <ns2:PreviousYr>2018</ns2:PreviousYr>
                    <ns2:FlatDoorNo>123</ns2:FlatDoorNo>
                    <ns2:PremisesName>ABC</ns2:PremisesName>
                    <ns2:RoadOrStreet>ABC</ns2:RoadOrStreet>
                    <ns2:LocalityOrArea>Mumbai</ns2:LocalityOrArea>
                    <ns2:CityOrTownOrDistrict>Mumbai</ns2:CityOrTownOrDistrict>
                    <ns2:StateCode>19</ns2:StateCode>
                    <ns2:PinCode>400012</ns2:PinCode>
                    <ns2:EmailAddress>cb2668@canarabank.com</ns2:EmailAddress>
                    <ns2:STDcode></ns2:STDcode>
                    <ns2:PhoneNo></ns2:PhoneNo>
                    <ns2:MobileNo>9917026824</ns2:MobileNo>
                    <ns2:TaxAssessedFlag>N</ns2:TaxAssessedFlag>
                    <ns2:LatestAsstYr></ns2:LatestAsstYr>
                    <ns2:EstimatedInc>2252</ns2:EstimatedInc>
                    <ns2:EstimatedTotalIncPrvYr>2252</ns2:EstimatedTotalIncPrvYr>
                    <ns2:TotalNoOfForm15H>1</ns2:TotalNoOfForm15H>
                    <ns2:AggregateAmtForm15H>2252</ns2:AggregateAmtForm15H>
                    <ns2:UniqueIdNumber>H415000158201819MUMC14758C</ns2:UniqueIdNumber>
                    <ns2:DeclarationDate>2018-11-17</ns2:DeclarationDate>
                    <ns2:AmtOfIncPaid>2252</ns2:AmtOfIncPaid>
                    <ns2:DateIncPaid>2018-12-31</ns2:DateIncPaid>
                    <ns2:RecordType></ns2:RecordType>
                </ns2:Basicdtls>
                <ns2:IncomeDtls>
                    <ns2:IncomeDtl>
                        <ns2:SrlNo>104</ns2:SrlNo>
                        <ns2:IdenficationNum>9582280</ns2:IdenficationNum>
                        <ns2:NatureOfInc>Interest other than Interest on securities</ns2:NatureOfInc>
                        <ns2:DeductSection>194A</ns2:DeductSection>
                        <ns2:AmtOfInc>2252</ns2:AmtOfInc>
                    </ns2:IncomeDtl>
                </ns2:IncomeDtls>
            </ns2:Part1>
            <ns2:Part1>
                <ns2:Basicdtls>
                    <ns2:AssesseeName>SAFIA ALIMIYA KATGE</ns2:AssesseeName>
                    <ns2:AssesseePAN>BQUPK5010R</ns2:AssesseePAN>
                    <ns2:AssesseeDOB>1950-01-01</ns2:AssesseeDOB>
                    <ns2:PreviousYr>2018</ns2:PreviousYr>
                    <ns2:FlatDoorNo>123</ns2:FlatDoorNo>
                    <ns2:PremisesName>ABC</ns2:PremisesName>
                    <ns2:RoadOrStreet>ABC</ns2:RoadOrStreet>
                    <ns2:LocalityOrArea>Mumbai</ns2:LocalityOrArea>
                    <ns2:CityOrTownOrDistrict>Mumbai</ns2:CityOrTownOrDistrict>
                    <ns2:StateCode>19</ns2:StateCode>
                    <ns2:PinCode>400012</ns2:PinCode>
                    <ns2:EmailAddress>cb2668@canarabank.com</ns2:EmailAddress>
                    <ns2:STDcode></ns2:STDcode>
                    <ns2:PhoneNo></ns2:PhoneNo>
                    <ns2:MobileNo>9917026824</ns2:MobileNo>
                    <ns2:TaxAssessedFlag>N</ns2:TaxAssessedFlag>
                    <ns2:LatestAsstYr></ns2:LatestAsstYr>
                    <ns2:EstimatedInc>65707</ns2:EstimatedInc>
                    <ns2:EstimatedTotalIncPrvYr>65707</ns2:EstimatedTotalIncPrvYr>
                    <ns2:TotalNoOfForm15H>1</ns2:TotalNoOfForm15H>
                    <ns2:AggregateAmtForm15H>65707</ns2:AggregateAmtForm15H>
                    <ns2:UniqueIdNumber>H404001840201819MUMC14758C</ns2:UniqueIdNumber>
                    <ns2:DeclarationDate>2018-11-01</ns2:DeclarationDate>
                    <ns2:AmtOfIncPaid>65707</ns2:AmtOfIncPaid>
                    <ns2:DateIncPaid>2018-12-31</ns2:DateIncPaid>
                    <ns2:RecordType></ns2:RecordType>
                </ns2:Basicdtls>
                <ns2:IncomeDtls>
                    <ns2:IncomeDtl>
                        <ns2:SrlNo>105</ns2:SrlNo>
                        <ns2:IdenficationNum>9582357</ns2:IdenficationNum>
                        <ns2:NatureOfInc>Interest other than Interest on securities</ns2:NatureOfInc>
                        <ns2:DeductSection>194A</ns2:DeductSection>
                        <ns2:AmtOfInc>65707</ns2:AmtOfInc>
                    </ns2:IncomeDtl>
                </ns2:IncomeDtls>
            </ns2:Part1>
            <ns2:Part1>
                <ns2:Basicdtls>
                    <ns2:AssesseeName>SHIV PRASAD SHUKLA</ns2:AssesseeName>
                    <ns2:AssesseePAN>BFSPS3772M</ns2:AssesseePAN>
                    <ns2:AssesseeDOB>1950-01-01</ns2:AssesseeDOB>
                    <ns2:PreviousYr>2018</ns2:PreviousYr>
                    <ns2:FlatDoorNo>123</ns2:FlatDoorNo>
                    <ns2:PremisesName>ABC</ns2:PremisesName>
                    <ns2:RoadOrStreet>ABC</ns2:RoadOrStreet>
                    <ns2:LocalityOrArea>Mumbai</ns2:LocalityOrArea>
                    <ns2:CityOrTownOrDistrict>Mumbai</ns2:CityOrTownOrDistrict>
                    <ns2:StateCode>19</ns2:StateCode>
                    <ns2:PinCode>400012</ns2:PinCode>
                    <ns2:EmailAddress>cb2668@canarabank.com</ns2:EmailAddress>
                    <ns2:STDcode></ns2:STDcode>
                    <ns2:PhoneNo></ns2:PhoneNo>
                    <ns2:MobileNo>9917026824</ns2:MobileNo>
                    <ns2:TaxAssessedFlag>N</ns2:TaxAssessedFlag>
                    <ns2:LatestAsstYr></ns2:LatestAsstYr>
                    <ns2:EstimatedInc>800</ns2:EstimatedInc>
                    <ns2:EstimatedTotalIncPrvYr>800</ns2:EstimatedTotalIncPrvYr>
                    <ns2:TotalNoOfForm15H>1</ns2:TotalNoOfForm15H>
                    <ns2:AggregateAmtForm15H>800</ns2:AggregateAmtForm15H>
                    <ns2:UniqueIdNumber>H404002465201819MUMC14758C</ns2:UniqueIdNumber>
                    <ns2:DeclarationDate>2018-10-24</ns2:DeclarationDate>
                    <ns2:AmtOfIncPaid>800</ns2:AmtOfIncPaid>
                    <ns2:DateIncPaid>2018-12-31</ns2:DateIncPaid>
                    <ns2:RecordType></ns2:RecordType>
                </ns2:Basicdtls>
                <ns2:IncomeDtls>
                    <ns2:IncomeDtl>
                        <ns2:SrlNo>106</ns2:SrlNo>
                        <ns2:IdenficationNum>9583126</ns2:IdenficationNum>
                        <ns2:NatureOfInc>Interest other than Interest on securities</ns2:NatureOfInc>
                        <ns2:DeductSection>194A</ns2:DeductSection>
                        <ns2:AmtOfInc>800</ns2:AmtOfInc>
                    </ns2:IncomeDtl>
                </ns2:IncomeDtls>
            </ns2:Part1>
            <ns2:Part1>
                <ns2:Basicdtls>
                    <ns2:AssesseeName>MONTHI M.NAZARETH</ns2:AssesseeName>
                    <ns2:AssesseePAN>AKOPN2583R</ns2:AssesseePAN>
                    <ns2:AssesseeDOB>1950-01-01</ns2:AssesseeDOB>
                    <ns2:PreviousYr>2018</ns2:PreviousYr>
                    <ns2:FlatDoorNo>123</ns2:FlatDoorNo>
                    <ns2:PremisesName>ABC</ns2:PremisesName>
                    <ns2:RoadOrStreet>ABC</ns2:RoadOrStreet>
                    <ns2:LocalityOrArea>Mumbai</ns2:LocalityOrArea>
                    <ns2:CityOrTownOrDistrict>Mumbai</ns2:CityOrTownOrDistrict>
                    <ns2:StateCode>19</ns2:StateCode>
                    <ns2:PinCode>400012</ns2:PinCode>
                    <ns2:EmailAddress>cb2668@canarabank.com</ns2:EmailAddress>
                    <ns2:STDcode></ns2:STDcode>
                    <ns2:PhoneNo></ns2:PhoneNo>
                    <ns2:MobileNo>9917026824</ns2:MobileNo>
                    <ns2:TaxAssessedFlag>N</ns2:TaxAssessedFlag>
                    <ns2:LatestAsstYr></ns2:LatestAsstYr>
                    <ns2:EstimatedInc>17160</ns2:EstimatedInc>
                    <ns2:EstimatedTotalIncPrvYr>17160</ns2:EstimatedTotalIncPrvYr>
                    <ns2:TotalNoOfForm15H>1</ns2:TotalNoOfForm15H>
                    <ns2:AggregateAmtForm15H>17160</ns2:AggregateAmtForm15H>
                    <ns2:UniqueIdNumber>H333000422201819MUMC14758C</ns2:UniqueIdNumber>
                    <ns2:DeclarationDate>2018-11-26</ns2:DeclarationDate>
                    <ns2:AmtOfIncPaid>17160</ns2:AmtOfIncPaid>
                    <ns2:DateIncPaid>2018-12-31</ns2:DateIncPaid>
                    <ns2:RecordType></ns2:RecordType>
                </ns2:Basicdtls>
                <ns2:IncomeDtls>
                    <ns2:IncomeDtl>
                        <ns2:SrlNo>107</ns2:SrlNo>
                        <ns2:IdenficationNum>9583386</ns2:IdenficationNum>
                        <ns2:NatureOfInc>Interest other than Interest on securities</ns2:NatureOfInc>
                        <ns2:DeductSection>194A</ns2:DeductSection>
                        <ns2:AmtOfInc>17160</ns2:AmtOfInc>
                    </ns2:IncomeDtl>
                </ns2:IncomeDtls>
            </ns2:Part1>
            <ns2:Part1>
                <ns2:Basicdtls>
                    <ns2:AssesseeName>LOURDINE ANGELA CARDOZ</ns2:AssesseeName>
                    <ns2:AssesseePAN>ATJPC1180D</ns2:AssesseePAN>
                    <ns2:AssesseeDOB>1950-01-01</ns2:AssesseeDOB>
                    <ns2:PreviousYr>2018</ns2:PreviousYr>
                    <ns2:FlatDoorNo>123</ns2:FlatDoorNo>
                    <ns2:PremisesName>ABC</ns2:PremisesName>
                    <ns2:RoadOrStreet>ABC</ns2:RoadOrStreet>
                    <ns2:LocalityOrArea>Mumbai</ns2:LocalityOrArea>
                    <ns2:CityOrTownOrDistrict>Mumbai</ns2:CityOrTownOrDistrict>
                    <ns2:StateCode>19</ns2:StateCode>
                    <ns2:PinCode>400012</ns2:PinCode>
                    <ns2:EmailAddress>cb2668@canarabank.com</ns2:EmailAddress>
                    <ns2:STDcode></ns2:STDcode>
                    <ns2:PhoneNo></ns2:PhoneNo>
                    <ns2:MobileNo>9917026824</ns2:MobileNo>
                    <ns2:TaxAssessedFlag>N</ns2:TaxAssessedFlag>
                    <ns2:LatestAsstYr></ns2:LatestAsstYr>
                    <ns2:EstimatedInc>4870</ns2:EstimatedInc>
                    <ns2:EstimatedTotalIncPrvYr>4870</ns2:EstimatedTotalIncPrvYr>
                    <ns2:TotalNoOfForm15H>1</ns2:TotalNoOfForm15H>
                    <ns2:AggregateAmtForm15H>4870</ns2:AggregateAmtForm15H>
                    <ns2:UniqueIdNumber>H415000154201819MUMC14758C</ns2:UniqueIdNumber>
                    <ns2:DeclarationDate>2018-10-30</ns2:DeclarationDate>
                    <ns2:AmtOfIncPaid>4870</ns2:AmtOfIncPaid>
                    <ns2:DateIncPaid>2018-12-31</ns2:DateIncPaid>
                    <ns2:RecordType></ns2:RecordType>
                </ns2:Basicdtls>
                <ns2:IncomeDtls>
                    <ns2:IncomeDtl>
                        <ns2:SrlNo>108</ns2:SrlNo>
                        <ns2:IdenficationNum>9583545</ns2:IdenficationNum>
                        <ns2:NatureOfInc>Interest other than Interest on securities</ns2:NatureOfInc>
                        <ns2:DeductSection>194A</ns2:DeductSection>
                        <ns2:AmtOfInc>4870</ns2:AmtOfInc>
                    </ns2:IncomeDtl>
                </ns2:IncomeDtls>
            </ns2:Part1>
            <ns2:Part1>
                <ns2:Basicdtls>
                    <ns2:AssesseeName>A H TOLE</ns2:AssesseeName>
                    <ns2:AssesseePAN>AVQPT2556H</ns2:AssesseePAN>
                    <ns2:AssesseeDOB>1950-01-01</ns2:AssesseeDOB>
                    <ns2:PreviousYr>2018</ns2:PreviousYr>
                    <ns2:FlatDoorNo>123</ns2:FlatDoorNo>
                    <ns2:PremisesName>ABC</ns2:PremisesName>
                    <ns2:RoadOrStreet>ABC</ns2:RoadOrStreet>
                    <ns2:LocalityOrArea>Mumbai</ns2:LocalityOrArea>
                    <ns2:CityOrTownOrDistrict>Mumbai</ns2:CityOrTownOrDistrict>
                    <ns2:StateCode>19</ns2:StateCode>
                    <ns2:PinCode>400012</ns2:PinCode>
                    <ns2:EmailAddress>cb2668@canarabank.com</ns2:EmailAddress>
                    <ns2:STDcode></ns2:STDcode>
                    <ns2:PhoneNo></ns2:PhoneNo>
                    <ns2:MobileNo>9917026824</ns2:MobileNo>
                    <ns2:TaxAssessedFlag>N</ns2:TaxAssessedFlag>
                    <ns2:LatestAsstYr></ns2:LatestAsstYr>
                    <ns2:EstimatedInc>13001</ns2:EstimatedInc>
                    <ns2:EstimatedTotalIncPrvYr>13001</ns2:EstimatedTotalIncPrvYr>
                    <ns2:TotalNoOfForm15H>1</ns2:TotalNoOfForm15H>
                    <ns2:AggregateAmtForm15H>13001</ns2:AggregateAmtForm15H>
                    <ns2:UniqueIdNumber>H404001456201819MUMC14758C</ns2:UniqueIdNumber>
                    <ns2:DeclarationDate>2018-10-01</ns2:DeclarationDate>
                    <ns2:AmtOfIncPaid>13001</ns2:AmtOfIncPaid>
                    <ns2:DateIncPaid>2018-12-31</ns2:DateIncPaid>
                    <ns2:RecordType></ns2:RecordType>
                </ns2:Basicdtls>
                <ns2:IncomeDtls>
                    <ns2:IncomeDtl>
                        <ns2:SrlNo>109</ns2:SrlNo>
                        <ns2:IdenficationNum>9584387</ns2:IdenficationNum>
                        <ns2:NatureOfInc>Interest other than Interest on securities</ns2:NatureOfInc>
                        <ns2:DeductSection>194A</ns2:DeductSection>
                        <ns2:AmtOfInc>13001</ns2:AmtOfInc>
                    </ns2:IncomeDtl>
                </ns2:IncomeDtls>
            </ns2:Part1>
            <ns2:Part1>
                <ns2:Basicdtls>
                    <ns2:AssesseeName>A B OVAL</ns2:AssesseeName>
                    <ns2:AssesseePAN>AABPO7878F</ns2:AssesseePAN>
                    <ns2:AssesseeDOB>1950-01-01</ns2:AssesseeDOB>
                    <ns2:PreviousYr>2018</ns2:PreviousYr>
                    <ns2:FlatDoorNo>123</ns2:FlatDoorNo>
                    <ns2:PremisesName>ABC</ns2:PremisesName>
                    <ns2:RoadOrStreet>ABC</ns2:RoadOrStreet>
                    <ns2:LocalityOrArea>Mumbai</ns2:LocalityOrArea>
                    <ns2:CityOrTownOrDistrict>Mumbai</ns2:CityOrTownOrDistrict>
                    <ns2:StateCode>19</ns2:StateCode>
                    <ns2:PinCode>400012</ns2:PinCode>
                    <ns2:EmailAddress>cb2668@canarabank.com</ns2:EmailAddress>
                    <ns2:STDcode></ns2:STDcode>
                    <ns2:PhoneNo></ns2:PhoneNo>
                    <ns2:MobileNo>9917026824</ns2:MobileNo>
                    <ns2:TaxAssessedFlag>N</ns2:TaxAssessedFlag>
                    <ns2:LatestAsstYr></ns2:LatestAsstYr>
                    <ns2:EstimatedInc>80280</ns2:EstimatedInc>
                    <ns2:EstimatedTotalIncPrvYr>80280</ns2:EstimatedTotalIncPrvYr>
                    <ns2:TotalNoOfForm15H>1</ns2:TotalNoOfForm15H>
                    <ns2:AggregateAmtForm15H>80280</ns2:AggregateAmtForm15H>
                    <ns2:UniqueIdNumber>H380000009201819MUMC14758C</ns2:UniqueIdNumber>
                    <ns2:DeclarationDate>2018-11-01</ns2:DeclarationDate>
                    <ns2:AmtOfIncPaid>80280</ns2:AmtOfIncPaid>
                    <ns2:DateIncPaid>2018-12-31</ns2:DateIncPaid>
                    <ns2:RecordType></ns2:RecordType>
                </ns2:Basicdtls>
                <ns2:IncomeDtls>
                    <ns2:IncomeDtl>
                        <ns2:SrlNo>110</ns2:SrlNo>
                        <ns2:IdenficationNum>9584587</ns2:IdenficationNum>
                        <ns2:NatureOfInc>Interest other than Interest on securities</ns2:NatureOfInc>
                        <ns2:DeductSection>194A</ns2:DeductSection>
                        <ns2:AmtOfInc>80280</ns2:AmtOfInc>
                    </ns2:IncomeDtl>
                </ns2:IncomeDtls>
            </ns2:Part1>
            <ns2:Part1>
                <ns2:Basicdtls>
                    <ns2:AssesseeName>ARVIND SHRIPAD JOSHI</ns2:AssesseeName>
                    <ns2:AssesseePAN>AIUPJ4357K</ns2:AssesseePAN>
                    <ns2:AssesseeDOB>1950-01-01</ns2:AssesseeDOB>
                    <ns2:PreviousYr>2018</ns2:PreviousYr>
                    <ns2:FlatDoorNo>123</ns2:FlatDoorNo>
                    <ns2:PremisesName>ABC</ns2:PremisesName>
                    <ns2:RoadOrStreet>ABC</ns2:RoadOrStreet>
                    <ns2:LocalityOrArea>Mumbai</ns2:LocalityOrArea>
                    <ns2:CityOrTownOrDistrict>Mumbai</ns2:CityOrTownOrDistrict>
                    <ns2:StateCode>19</ns2:StateCode>
                    <ns2:PinCode>400012</ns2:PinCode>
                    <ns2:EmailAddress>cb2668@canarabank.com</ns2:EmailAddress>
                    <ns2:STDcode></ns2:STDcode>
                    <ns2:PhoneNo></ns2:PhoneNo>
                    <ns2:MobileNo>9917026824</ns2:MobileNo>
                    <ns2:TaxAssessedFlag>N</ns2:TaxAssessedFlag>
                    <ns2:LatestAsstYr></ns2:LatestAsstYr>
                    <ns2:EstimatedInc>6214</ns2:EstimatedInc>
                    <ns2:EstimatedTotalIncPrvYr>6214</ns2:EstimatedTotalIncPrvYr>
                    <ns2:TotalNoOfForm15H>1</ns2:TotalNoOfForm15H>
                    <ns2:AggregateAmtForm15H>6214</ns2:AggregateAmtForm15H>
                    <ns2:UniqueIdNumber>H415000150201819MUMC14758C</ns2:UniqueIdNumber>
                    <ns2:DeclarationDate>2018-10-24</ns2:DeclarationDate>
                    <ns2:AmtOfIncPaid>6214</ns2:AmtOfIncPaid>
                    <ns2:DateIncPaid>2018-12-31</ns2:DateIncPaid>
                    <ns2:RecordType></ns2:RecordType>
                </ns2:Basicdtls>
                <ns2:IncomeDtls>
                    <ns2:IncomeDtl>
                        <ns2:SrlNo>111</ns2:SrlNo>
                        <ns2:IdenficationNum>9585292</ns2:IdenficationNum>
                        <ns2:NatureOfInc>Interest other than Interest on securities</ns2:NatureOfInc>
                        <ns2:DeductSection>194A</ns2:DeductSection>
                        <ns2:AmtOfInc>6214</ns2:AmtOfInc>
                    </ns2:IncomeDtl>
                </ns2:IncomeDtls>
            </ns2:Part1>
            <ns2:Part1>
                <ns2:Basicdtls>
                    <ns2:AssesseeName>MERCY F.</ns2:AssesseeName>
                    <ns2:AssesseePAN>AADPF1130F</ns2:AssesseePAN>
                    <ns2:AssesseeDOB>1950-01-01</ns2:AssesseeDOB>
                    <ns2:PreviousYr>2018</ns2:PreviousYr>
                    <ns2:FlatDoorNo>123</ns2:FlatDoorNo>
                    <ns2:PremisesName>ABC</ns2:PremisesName>
                    <ns2:RoadOrStreet>ABC</ns2:RoadOrStreet>
                    <ns2:LocalityOrArea>Mumbai</ns2:LocalityOrArea>
                    <ns2:CityOrTownOrDistrict>Mumbai</ns2:CityOrTownOrDistrict>
                    <ns2:StateCode>19</ns2:StateCode>
                    <ns2:PinCode>400012</ns2:PinCode>
                    <ns2:EmailAddress>cb2668@canarabank.com</ns2:EmailAddress>
                    <ns2:STDcode></ns2:STDcode>
                    <ns2:PhoneNo></ns2:PhoneNo>
                    <ns2:MobileNo>9917026824</ns2:MobileNo>
                    <ns2:TaxAssessedFlag>N</ns2:TaxAssessedFlag>
                    <ns2:LatestAsstYr></ns2:LatestAsstYr>
                    <ns2:EstimatedInc>74585</ns2:EstimatedInc>
                    <ns2:EstimatedTotalIncPrvYr>74585</ns2:EstimatedTotalIncPrvYr>
                    <ns2:TotalNoOfForm15H>1</ns2:TotalNoOfForm15H>
                    <ns2:AggregateAmtForm15H>74585</ns2:AggregateAmtForm15H>
                    <ns2:UniqueIdNumber>H381000043201819MUMC14758C</ns2:UniqueIdNumber>
                    <ns2:DeclarationDate>2018-10-25</ns2:DeclarationDate>
                    <ns2:AmtOfIncPaid>74585</ns2:AmtOfIncPaid>
                    <ns2:DateIncPaid>2018-12-31</ns2:DateIncPaid>
                    <ns2:RecordType></ns2:RecordType>
                </ns2:Basicdtls>
                <ns2:IncomeDtls>
                    <ns2:IncomeDtl>
                        <ns2:SrlNo>112</ns2:SrlNo>
                        <ns2:IdenficationNum>9588252</ns2:IdenficationNum>
                        <ns2:NatureOfInc>Interest other than Interest on securities</ns2:NatureOfInc>
                        <ns2:DeductSection>194A</ns2:DeductSection>
                        <ns2:AmtOfInc>74585</ns2:AmtOfInc>
                    </ns2:IncomeDtl>
                </ns2:IncomeDtls>
            </ns2:Part1>
            <ns2:Part1>
                <ns2:Basicdtls>
                    <ns2:AssesseeName>SYLVIA MARIA DSOUZA</ns2:AssesseeName>
                    <ns2:AssesseePAN>AANPD0666L</ns2:AssesseePAN>
                    <ns2:AssesseeDOB>1950-01-01</ns2:AssesseeDOB>
                    <ns2:PreviousYr>2018</ns2:PreviousYr>
                    <ns2:FlatDoorNo>123</ns2:FlatDoorNo>
                    <ns2:PremisesName>ABC</ns2:PremisesName>
                    <ns2:RoadOrStreet>ABC</ns2:RoadOrStreet>
                    <ns2:LocalityOrArea>Mumbai</ns2:LocalityOrArea>
                    <ns2:CityOrTownOrDistrict>Mumbai</ns2:CityOrTownOrDistrict>
                    <ns2:StateCode>19</ns2:StateCode>
                    <ns2:PinCode>400012</ns2:PinCode>
                    <ns2:EmailAddress>cb2668@canarabank.com</ns2:EmailAddress>
                    <ns2:STDcode></ns2:STDcode>
                    <ns2:PhoneNo></ns2:PhoneNo>
                    <ns2:MobileNo>9917026824</ns2:MobileNo>
                    <ns2:TaxAssessedFlag>N</ns2:TaxAssessedFlag>
                    <ns2:LatestAsstYr></ns2:LatestAsstYr>
                    <ns2:EstimatedInc>16094</ns2:EstimatedInc>
                    <ns2:EstimatedTotalIncPrvYr>16094</ns2:EstimatedTotalIncPrvYr>
                    <ns2:TotalNoOfForm15H>1</ns2:TotalNoOfForm15H>
                    <ns2:AggregateAmtForm15H>16094</ns2:AggregateAmtForm15H>
                    <ns2:UniqueIdNumber>H331000050201819MUMC14758C</ns2:UniqueIdNumber>
                    <ns2:DeclarationDate>2018-10-19</ns2:DeclarationDate>
                    <ns2:AmtOfIncPaid>16094</ns2:AmtOfIncPaid>
                    <ns2:DateIncPaid>2018-12-31</ns2:DateIncPaid>
                    <ns2:RecordType></ns2:RecordType>
                </ns2:Basicdtls>
                <ns2:IncomeDtls>
                    <ns2:IncomeDtl>
                        <ns2:SrlNo>113</ns2:SrlNo>
                        <ns2:IdenficationNum>9588667</ns2:IdenficationNum>
                        <ns2:NatureOfInc>Interest other than Interest on securities</ns2:NatureOfInc>
                        <ns2:DeductSection>194A</ns2:DeductSection>
                        <ns2:AmtOfInc>16094</ns2:AmtOfInc>
                    </ns2:IncomeDtl>
                </ns2:IncomeDtls>
            </ns2:Part1>
            <ns2:Part1>
                <ns2:Basicdtls>
                    <ns2:AssesseeName>RUMALDINA SALVADOR RAMOS</ns2:AssesseeName>
                    <ns2:AssesseePAN>AVDPR1000R</ns2:AssesseePAN>
                    <ns2:AssesseeDOB>1950-01-01</ns2:AssesseeDOB>
                    <ns2:PreviousYr>2018</ns2:PreviousYr>
                    <ns2:FlatDoorNo>123</ns2:FlatDoorNo>
                    <ns2:PremisesName>ABC</ns2:PremisesName>
                    <ns2:RoadOrStreet>ABC</ns2:RoadOrStreet>
                    <ns2:LocalityOrArea>Mumbai</ns2:LocalityOrArea>
                    <ns2:CityOrTownOrDistrict>Mumbai</ns2:CityOrTownOrDistrict>
                    <ns2:StateCode>19</ns2:StateCode>
                    <ns2:PinCode>400012</ns2:PinCode>
                    <ns2:EmailAddress>cb2668@canarabank.com</ns2:EmailAddress>
                    <ns2:STDcode></ns2:STDcode>
                    <ns2:PhoneNo></ns2:PhoneNo>
                    <ns2:MobileNo>9917026824</ns2:MobileNo>
                    <ns2:TaxAssessedFlag>N</ns2:TaxAssessedFlag>
                    <ns2:LatestAsstYr></ns2:LatestAsstYr>
                    <ns2:EstimatedInc>1857</ns2:EstimatedInc>
                    <ns2:EstimatedTotalIncPrvYr>1857</ns2:EstimatedTotalIncPrvYr>
                    <ns2:TotalNoOfForm15H>1</ns2:TotalNoOfForm15H>
                    <ns2:AggregateAmtForm15H>1857</ns2:AggregateAmtForm15H>
                    <ns2:UniqueIdNumber>H404002587201819MUMC14758C</ns2:UniqueIdNumber>
                    <ns2:DeclarationDate>2018-12-13</ns2:DeclarationDate>
                    <ns2:AmtOfIncPaid>1857</ns2:AmtOfIncPaid>
                    <ns2:DateIncPaid>2018-12-31</ns2:DateIncPaid>
                    <ns2:RecordType></ns2:RecordType>
                </ns2:Basicdtls>
                <ns2:IncomeDtls>
                    <ns2:IncomeDtl>
                        <ns2:SrlNo>114</ns2:SrlNo>
                        <ns2:IdenficationNum>9590090</ns2:IdenficationNum>
                        <ns2:NatureOfInc>Interest other than Interest on securities</ns2:NatureOfInc>
                        <ns2:DeductSection>194A</ns2:DeductSection>
                        <ns2:AmtOfInc>1857</ns2:AmtOfInc>
                    </ns2:IncomeDtl>
                </ns2:IncomeDtls>
            </ns2:Part1>
            <ns2:Part1>
                <ns2:Basicdtls>
                    <ns2:AssesseeName>MOHINDDIN H.KHAN</ns2:AssesseeName>
                    <ns2:AssesseePAN>ACFPK4898P</ns2:AssesseePAN>
                    <ns2:AssesseeDOB>1950-01-01</ns2:AssesseeDOB>
                    <ns2:PreviousYr>2018</ns2:PreviousYr>
                    <ns2:FlatDoorNo>123</ns2:FlatDoorNo>
                    <ns2:PremisesName>ABC</ns2:PremisesName>
                    <ns2:RoadOrStreet>ABC</ns2:RoadOrStreet>
                    <ns2:LocalityOrArea>Mumbai</ns2:LocalityOrArea>
                    <ns2:CityOrTownOrDistrict>Mumbai</ns2:CityOrTownOrDistrict>
                    <ns2:StateCode>19</ns2:StateCode>
                    <ns2:PinCode>400012</ns2:PinCode>
                    <ns2:EmailAddress>cb2668@canarabank.com</ns2:EmailAddress>
                    <ns2:STDcode></ns2:STDcode>
                    <ns2:PhoneNo></ns2:PhoneNo>
                    <ns2:MobileNo>9917026824</ns2:MobileNo>
                    <ns2:TaxAssessedFlag>N</ns2:TaxAssessedFlag>
                    <ns2:LatestAsstYr></ns2:LatestAsstYr>
                    <ns2:EstimatedInc>125372</ns2:EstimatedInc>
                    <ns2:EstimatedTotalIncPrvYr>125372</ns2:EstimatedTotalIncPrvYr>
                    <ns2:TotalNoOfForm15H>1</ns2:TotalNoOfForm15H>
                    <ns2:AggregateAmtForm15H>125372</ns2:AggregateAmtForm15H>
                    <ns2:UniqueIdNumber>H302000208201819MUMC14758C</ns2:UniqueIdNumber>
                    <ns2:DeclarationDate>2018-11-20</ns2:DeclarationDate>
                    <ns2:AmtOfIncPaid>125372</ns2:AmtOfIncPaid>
                    <ns2:DateIncPaid>2018-12-31</ns2:DateIncPaid>
                    <ns2:RecordType></ns2:RecordType>
                </ns2:Basicdtls>
                <ns2:IncomeDtls>
                    <ns2:IncomeDtl>
                        <ns2:SrlNo>115</ns2:SrlNo>
                        <ns2:IdenficationNum>9590754</ns2:IdenficationNum>
                        <ns2:NatureOfInc>Interest other than Interest on securities</ns2:NatureOfInc>
                        <ns2:DeductSection>194A</ns2:DeductSection>
                        <ns2:AmtOfInc>125372</ns2:AmtOfInc>
                    </ns2:IncomeDtl>
                </ns2:IncomeDtls>
            </ns2:Part1>
            <ns2:Part1>
                <ns2:Basicdtls>
                    <ns2:AssesseeName>SADANAND G PEERU</ns2:AssesseeName>
                    <ns2:AssesseePAN>AGVPP0279K</ns2:AssesseePAN>
                    <ns2:AssesseeDOB>1950-01-01</ns2:AssesseeDOB>
                    <ns2:PreviousYr>2018</ns2:PreviousYr>
                    <ns2:FlatDoorNo>123</ns2:FlatDoorNo>
                    <ns2:PremisesName>ABC</ns2:PremisesName>
                    <ns2:RoadOrStreet>ABC</ns2:RoadOrStreet>
                    <ns2:LocalityOrArea>Mumbai</ns2:LocalityOrArea>
                    <ns2:CityOrTownOrDistrict>Mumbai</ns2:CityOrTownOrDistrict>
                    <ns2:StateCode>19</ns2:StateCode>
                    <ns2:PinCode>400012</ns2:PinCode>
                    <ns2:EmailAddress>cb2668@canarabank.com</ns2:EmailAddress>
                    <ns2:STDcode></ns2:STDcode>
                    <ns2:PhoneNo></ns2:PhoneNo>
                    <ns2:MobileNo>9917026824</ns2:MobileNo>
                    <ns2:TaxAssessedFlag>N</ns2:TaxAssessedFlag>
                    <ns2:LatestAsstYr></ns2:LatestAsstYr>
                    <ns2:EstimatedInc>7288</ns2:EstimatedInc>
                    <ns2:EstimatedTotalIncPrvYr>7288</ns2:EstimatedTotalIncPrvYr>
                    <ns2:TotalNoOfForm15H>1</ns2:TotalNoOfForm15H>
                    <ns2:AggregateAmtForm15H>7288</ns2:AggregateAmtForm15H>
                    <ns2:UniqueIdNumber>H404002392201819MUMC14758C</ns2:UniqueIdNumber>
                    <ns2:DeclarationDate>2018-11-02</ns2:DeclarationDate>
                    <ns2:AmtOfIncPaid>7288</ns2:AmtOfIncPaid>
                    <ns2:DateIncPaid>2018-12-31</ns2:DateIncPaid>
                    <ns2:RecordType></ns2:RecordType>
                </ns2:Basicdtls>
                <ns2:IncomeDtls>
                    <ns2:IncomeDtl>
                        <ns2:SrlNo>116</ns2:SrlNo>
                        <ns2:IdenficationNum>9594507</ns2:IdenficationNum>
                        <ns2:NatureOfInc>Interest other than Interest on securities</ns2:NatureOfInc>
                        <ns2:DeductSection>194A</ns2:DeductSection>
                        <ns2:AmtOfInc>7288</ns2:AmtOfInc>
                    </ns2:IncomeDtl>
                </ns2:IncomeDtls>
            </ns2:Part1>
            <ns2:Part1>
                <ns2:Basicdtls>
                    <ns2:AssesseeName>NANDAKISOR NARAYAN TANDEL</ns2:AssesseeName>
                    <ns2:AssesseePAN>ABGPT1688Q</ns2:AssesseePAN>
                    <ns2:AssesseeDOB>1950-01-01</ns2:AssesseeDOB>
                    <ns2:PreviousYr>2018</ns2:PreviousYr>
                    <ns2:FlatDoorNo>123</ns2:FlatDoorNo>
                    <ns2:PremisesName>ABC</ns2:PremisesName>
                    <ns2:RoadOrStreet>ABC</ns2:RoadOrStreet>
                    <ns2:LocalityOrArea>Mumbai</ns2:LocalityOrArea>
                    <ns2:CityOrTownOrDistrict>Mumbai</ns2:CityOrTownOrDistrict>
                    <ns2:StateCode>19</ns2:StateCode>
                    <ns2:PinCode>400012</ns2:PinCode>
                    <ns2:EmailAddress>cb2668@canarabank.com</ns2:EmailAddress>
                    <ns2:STDcode></ns2:STDcode>
                    <ns2:PhoneNo></ns2:PhoneNo>
                    <ns2:MobileNo>9917026824</ns2:MobileNo>
                    <ns2:TaxAssessedFlag>N</ns2:TaxAssessedFlag>
                    <ns2:LatestAsstYr></ns2:LatestAsstYr>
                    <ns2:EstimatedInc>51570</ns2:EstimatedInc>
                    <ns2:EstimatedTotalIncPrvYr>51570</ns2:EstimatedTotalIncPrvYr>
                    <ns2:TotalNoOfForm15H>1</ns2:TotalNoOfForm15H>
                    <ns2:AggregateAmtForm15H>51570</ns2:AggregateAmtForm15H>
                    <ns2:UniqueIdNumber>H332000165201819MUMC14758C</ns2:UniqueIdNumber>
                    <ns2:DeclarationDate>2018-11-14</ns2:DeclarationDate>
                    <ns2:AmtOfIncPaid>51570</ns2:AmtOfIncPaid>
                    <ns2:DateIncPaid>2018-12-31</ns2:DateIncPaid>
                    <ns2:RecordType></ns2:RecordType>
                </ns2:Basicdtls>
                <ns2:IncomeDtls>
                    <ns2:IncomeDtl>
                        <ns2:SrlNo>117</ns2:SrlNo>
                        <ns2:IdenficationNum>9604995</ns2:IdenficationNum>
                        <ns2:NatureOfInc>Interest other than Interest on securities</ns2:NatureOfInc>
                        <ns2:DeductSection>194A</ns2:DeductSection>
                        <ns2:AmtOfInc>51570</ns2:AmtOfInc>
                    </ns2:IncomeDtl>
                </ns2:IncomeDtls>
            </ns2:Part1>
            <ns2:Part1>
                <ns2:Basicdtls>
                    <ns2:AssesseeName>SUMAN SAHEBRAO PATIL</ns2:AssesseeName>
                    <ns2:AssesseePAN>DITPP1928Q</ns2:AssesseePAN>
                    <ns2:AssesseeDOB>1950-01-01</ns2:AssesseeDOB>
                    <ns2:PreviousYr>2018</ns2:PreviousYr>
                    <ns2:FlatDoorNo>123</ns2:FlatDoorNo>
                    <ns2:PremisesName>ABC</ns2:PremisesName>
                    <ns2:RoadOrStreet>ABC</ns2:RoadOrStreet>
                    <ns2:LocalityOrArea>Mumbai</ns2:LocalityOrArea>
                    <ns2:CityOrTownOrDistrict>Mumbai</ns2:CityOrTownOrDistrict>
                    <ns2:StateCode>19</ns2:StateCode>
                    <ns2:PinCode>400012</ns2:PinCode>
                    <ns2:EmailAddress>cb2668@canarabank.com</ns2:EmailAddress>
                    <ns2:STDcode></ns2:STDcode>
                    <ns2:PhoneNo></ns2:PhoneNo>
                    <ns2:MobileNo>9917026824</ns2:MobileNo>
                    <ns2:TaxAssessedFlag>N</ns2:TaxAssessedFlag>
                    <ns2:LatestAsstYr></ns2:LatestAsstYr>
                    <ns2:EstimatedInc>25998</ns2:EstimatedInc>
                    <ns2:EstimatedTotalIncPrvYr>25998</ns2:EstimatedTotalIncPrvYr>
                    <ns2:TotalNoOfForm15H>1</ns2:TotalNoOfForm15H>
                    <ns2:AggregateAmtForm15H>25998</ns2:AggregateAmtForm15H>
                    <ns2:UniqueIdNumber>H404002402201819MUMC14758C</ns2:UniqueIdNumber>
                    <ns2:DeclarationDate>2018-11-16</ns2:DeclarationDate>
                    <ns2:AmtOfIncPaid>25998</ns2:AmtOfIncPaid>
                    <ns2:DateIncPaid>2018-12-31</ns2:DateIncPaid>
                    <ns2:RecordType></ns2:RecordType>
                </ns2:Basicdtls>
                <ns2:IncomeDtls>
                    <ns2:IncomeDtl>
                        <ns2:SrlNo>118</ns2:SrlNo>
                        <ns2:IdenficationNum>9607160</ns2:IdenficationNum>
                        <ns2:NatureOfInc>Interest other than Interest on securities</ns2:NatureOfInc>
                        <ns2:DeductSection>194A</ns2:DeductSection>
                        <ns2:AmtOfInc>25998</ns2:AmtOfInc>
                    </ns2:IncomeDtl>
                </ns2:IncomeDtls>
            </ns2:Part1>
            <ns2:Part1>
                <ns2:Basicdtls>
                    <ns2:AssesseeName>IVAN D`SOUZA</ns2:AssesseeName>
                    <ns2:AssesseePAN>AIFPD0012Q</ns2:AssesseePAN>
                    <ns2:AssesseeDOB>1950-01-01</ns2:AssesseeDOB>
                    <ns2:PreviousYr>2018</ns2:PreviousYr>
                    <ns2:FlatDoorNo>123</ns2:FlatDoorNo>
                    <ns2:PremisesName>ABC</ns2:PremisesName>
                    <ns2:RoadOrStreet>ABC</ns2:RoadOrStreet>
                    <ns2:LocalityOrArea>Mumbai</ns2:LocalityOrArea>
                    <ns2:CityOrTownOrDistrict>Mumbai</ns2:CityOrTownOrDistrict>
                    <ns2:StateCode>19</ns2:StateCode>
                    <ns2:PinCode>400012</ns2:PinCode>
                    <ns2:EmailAddress>cb2668@canarabank.com</ns2:EmailAddress>
                    <ns2:STDcode></ns2:STDcode>
                    <ns2:PhoneNo></ns2:PhoneNo>
                    <ns2:MobileNo>9917026824</ns2:MobileNo>
                    <ns2:TaxAssessedFlag>N</ns2:TaxAssessedFlag>
                    <ns2:LatestAsstYr></ns2:LatestAsstYr>
                    <ns2:EstimatedInc>72298</ns2:EstimatedInc>
                    <ns2:EstimatedTotalIncPrvYr>72298</ns2:EstimatedTotalIncPrvYr>
                    <ns2:TotalNoOfForm15H>1</ns2:TotalNoOfForm15H>
                    <ns2:AggregateAmtForm15H>72298</ns2:AggregateAmtForm15H>
                    <ns2:UniqueIdNumber>H333000489201819MUMC14758C</ns2:UniqueIdNumber>
                    <ns2:DeclarationDate>2018-11-06</ns2:DeclarationDate>
                    <ns2:AmtOfIncPaid>72298</ns2:AmtOfIncPaid>
                    <ns2:DateIncPaid>2018-12-31</ns2:DateIncPaid>
                    <ns2:RecordType></ns2:RecordType>
                </ns2:Basicdtls>
                <ns2:IncomeDtls>
                    <ns2:IncomeDtl>
                        <ns2:SrlNo>119</ns2:SrlNo>
                        <ns2:IdenficationNum>9607667</ns2:IdenficationNum>
                        <ns2:NatureOfInc>Interest other than Interest on securities</ns2:NatureOfInc>
                        <ns2:DeductSection>194A</ns2:DeductSection>
                        <ns2:AmtOfInc>72298</ns2:AmtOfInc>
                    </ns2:IncomeDtl>
                </ns2:IncomeDtls>
            </ns2:Part1>
            <ns2:Part1>
                <ns2:Basicdtls>
                    <ns2:AssesseeName>ACHCHHELAL R VISHWAKARMA PREMADEVI A V</ns2:AssesseeName>
                    <ns2:AssesseePAN>ABZPV9227G</ns2:AssesseePAN>
                    <ns2:AssesseeDOB>1950-01-01</ns2:AssesseeDOB>
                    <ns2:PreviousYr>2018</ns2:PreviousYr>
                    <ns2:FlatDoorNo>123</ns2:FlatDoorNo>
                    <ns2:PremisesName>ABC</ns2:PremisesName>
                    <ns2:RoadOrStreet>ABC</ns2:RoadOrStreet>
                    <ns2:LocalityOrArea>Mumbai</ns2:LocalityOrArea>
                    <ns2:CityOrTownOrDistrict>Mumbai</ns2:CityOrTownOrDistrict>
                    <ns2:StateCode>19</ns2:StateCode>
                    <ns2:PinCode>400012</ns2:PinCode>
                    <ns2:EmailAddress>cb2668@canarabank.com</ns2:EmailAddress>
                    <ns2:STDcode></ns2:STDcode>
                    <ns2:PhoneNo></ns2:PhoneNo>
                    <ns2:MobileNo>9917026824</ns2:MobileNo>
                    <ns2:TaxAssessedFlag>N</ns2:TaxAssessedFlag>
                    <ns2:LatestAsstYr></ns2:LatestAsstYr>
                    <ns2:EstimatedInc>23219</ns2:EstimatedInc>
                    <ns2:EstimatedTotalIncPrvYr>23219</ns2:EstimatedTotalIncPrvYr>
                    <ns2:TotalNoOfForm15H>1</ns2:TotalNoOfForm15H>
                    <ns2:AggregateAmtForm15H>23219</ns2:AggregateAmtForm15H>
                    <ns2:UniqueIdNumber>H404002574201819MUMC14758C</ns2:UniqueIdNumber>
                    <ns2:DeclarationDate>2018-11-20</ns2:DeclarationDate>
                    <ns2:AmtOfIncPaid>23219</ns2:AmtOfIncPaid>
                    <ns2:DateIncPaid>2018-12-31</ns2:DateIncPaid>
                    <ns2:RecordType></ns2:RecordType>
                </ns2:Basicdtls>
                <ns2:IncomeDtls>
                    <ns2:IncomeDtl>
                        <ns2:SrlNo>120</ns2:SrlNo>
                        <ns2:IdenficationNum>9610222</ns2:IdenficationNum>
                        <ns2:NatureOfInc>Interest other than Interest on securities</ns2:NatureOfInc>
                        <ns2:DeductSection>194A</ns2:DeductSection>
                        <ns2:AmtOfInc>23219</ns2:AmtOfInc>
                    </ns2:IncomeDtl>
                </ns2:IncomeDtls>
            </ns2:Part1>
            <ns2:Part1>
                <ns2:Basicdtls>
                    <ns2:AssesseeName>SHASHIKANT SAKHARAM SAWANT</ns2:AssesseeName>
                    <ns2:AssesseePAN>ACWPS5447H</ns2:AssesseePAN>
                    <ns2:AssesseeDOB>1950-01-01</ns2:AssesseeDOB>
                    <ns2:PreviousYr>2018</ns2:PreviousYr>
                    <ns2:FlatDoorNo>123</ns2:FlatDoorNo>
                    <ns2:PremisesName>ABC</ns2:PremisesName>
                    <ns2:RoadOrStreet>ABC</ns2:RoadOrStreet>
                    <ns2:LocalityOrArea>Mumbai</ns2:LocalityOrArea>
                    <ns2:CityOrTownOrDistrict>Mumbai</ns2:CityOrTownOrDistrict>
                    <ns2:StateCode>19</ns2:StateCode>
                    <ns2:PinCode>400012</ns2:PinCode>
                    <ns2:EmailAddress>cb2668@canarabank.com</ns2:EmailAddress>
                    <ns2:STDcode></ns2:STDcode>
                    <ns2:PhoneNo></ns2:PhoneNo>
                    <ns2:MobileNo>9917026824</ns2:MobileNo>
                    <ns2:TaxAssessedFlag>N</ns2:TaxAssessedFlag>
                    <ns2:LatestAsstYr></ns2:LatestAsstYr>
                    <ns2:EstimatedInc>71667</ns2:EstimatedInc>
                    <ns2:EstimatedTotalIncPrvYr>71667</ns2:EstimatedTotalIncPrvYr>
                    <ns2:TotalNoOfForm15H>1</ns2:TotalNoOfForm15H>
                    <ns2:AggregateAmtForm15H>71667</ns2:AggregateAmtForm15H>
                    <ns2:UniqueIdNumber>H333000496201819MUMC14758C</ns2:UniqueIdNumber>
                    <ns2:DeclarationDate>2018-10-22</ns2:DeclarationDate>
                    <ns2:AmtOfIncPaid>71667</ns2:AmtOfIncPaid>
                    <ns2:DateIncPaid>2018-12-31</ns2:DateIncPaid>
                    <ns2:RecordType></ns2:RecordType>
                </ns2:Basicdtls>
                <ns2:IncomeDtls>
                    <ns2:IncomeDtl>
                        <ns2:SrlNo>121</ns2:SrlNo>
                        <ns2:IdenficationNum>9610228</ns2:IdenficationNum>
                        <ns2:NatureOfInc>Interest other than Interest on securities</ns2:NatureOfInc>
                        <ns2:DeductSection>194A</ns2:DeductSection>
                        <ns2:AmtOfInc>71667</ns2:AmtOfInc>
                    </ns2:IncomeDtl>
                </ns2:IncomeDtls>
            </ns2:Part1>
            <ns2:Part1>
                <ns2:Basicdtls>
                    <ns2:AssesseeName>ANANT HASHA CHUNEKAR</ns2:AssesseeName>
                    <ns2:AssesseePAN>ABDPC7639R</ns2:AssesseePAN>
                    <ns2:AssesseeDOB>1950-01-01</ns2:AssesseeDOB>
                    <ns2:PreviousYr>2018</ns2:PreviousYr>
                    <ns2:FlatDoorNo>123</ns2:FlatDoorNo>
                    <ns2:PremisesName>ABC</ns2:PremisesName>
                    <ns2:RoadOrStreet>ABC</ns2:RoadOrStreet>
                    <ns2:LocalityOrArea>Mumbai</ns2:LocalityOrArea>
                    <ns2:CityOrTownOrDistrict>Mumbai</ns2:CityOrTownOrDistrict>
                    <ns2:StateCode>19</ns2:StateCode>
                    <ns2:PinCode>400012</ns2:PinCode>
                    <ns2:EmailAddress>cb2668@canarabank.com</ns2:EmailAddress>
                    <ns2:STDcode></ns2:STDcode>
                    <ns2:PhoneNo></ns2:PhoneNo>
                    <ns2:MobileNo>9917026824</ns2:MobileNo>
                    <ns2:TaxAssessedFlag>N</ns2:TaxAssessedFlag>
                    <ns2:LatestAsstYr></ns2:LatestAsstYr>
                    <ns2:EstimatedInc>145963</ns2:EstimatedInc>
                    <ns2:EstimatedTotalIncPrvYr>145963</ns2:EstimatedTotalIncPrvYr>
                    <ns2:TotalNoOfForm15H>1</ns2:TotalNoOfForm15H>
                    <ns2:AggregateAmtForm15H>145963</ns2:AggregateAmtForm15H>
                    <ns2:UniqueIdNumber>H401006639201819MUMC14758C</ns2:UniqueIdNumber>
                    <ns2:DeclarationDate>2018-11-27</ns2:DeclarationDate>
                    <ns2:AmtOfIncPaid>145963</ns2:AmtOfIncPaid>
                    <ns2:DateIncPaid>2018-12-31</ns2:DateIncPaid>
                    <ns2:RecordType></ns2:RecordType>
                </ns2:Basicdtls>
                <ns2:IncomeDtls>
                    <ns2:IncomeDtl>
                        <ns2:SrlNo>122</ns2:SrlNo>
                        <ns2:IdenficationNum>9611536</ns2:IdenficationNum>
                        <ns2:NatureOfInc>Interest other than Interest on securities</ns2:NatureOfInc>
                        <ns2:DeductSection>194A</ns2:DeductSection>
                        <ns2:AmtOfInc>145963</ns2:AmtOfInc>
                    </ns2:IncomeDtl>
                </ns2:IncomeDtls>
            </ns2:Part1>
            <ns2:Part1>
                <ns2:Basicdtls>
                    <ns2:AssesseeName>MEWALAL KANTA KALWAR</ns2:AssesseeName>
                    <ns2:AssesseePAN>AHBPK2239F</ns2:AssesseePAN>
                    <ns2:AssesseeDOB>1950-01-01</ns2:AssesseeDOB>
                    <ns2:PreviousYr>2018</ns2:PreviousYr>
                    <ns2:FlatDoorNo>123</ns2:FlatDoorNo>
                    <ns2:PremisesName>ABC</ns2:PremisesName>
                    <ns2:RoadOrStreet>ABC</ns2:RoadOrStreet>
                    <ns2:LocalityOrArea>Mumbai</ns2:LocalityOrArea>
                    <ns2:CityOrTownOrDistrict>Mumbai</ns2:CityOrTownOrDistrict>
                    <ns2:StateCode>19</ns2:StateCode>
                    <ns2:PinCode>400012</ns2:PinCode>
                    <ns2:EmailAddress>cb2668@canarabank.com</ns2:EmailAddress>
                    <ns2:STDcode></ns2:STDcode>
                    <ns2:PhoneNo></ns2:PhoneNo>
                    <ns2:MobileNo>9917026824</ns2:MobileNo>
                    <ns2:TaxAssessedFlag>N</ns2:TaxAssessedFlag>
                    <ns2:LatestAsstYr></ns2:LatestAsstYr>
                    <ns2:EstimatedInc>72029</ns2:EstimatedInc>
                    <ns2:EstimatedTotalIncPrvYr>72029</ns2:EstimatedTotalIncPrvYr>
                    <ns2:TotalNoOfForm15H>1</ns2:TotalNoOfForm15H>
                    <ns2:AggregateAmtForm15H>72029</ns2:AggregateAmtForm15H>
                    <ns2:UniqueIdNumber>H404002558201819MUMC14758C</ns2:UniqueIdNumber>
                    <ns2:DeclarationDate>2018-11-05</ns2:DeclarationDate>
                    <ns2:AmtOfIncPaid>72029</ns2:AmtOfIncPaid>
                    <ns2:DateIncPaid>2018-12-31</ns2:DateIncPaid>
                    <ns2:RecordType></ns2:RecordType>
                </ns2:Basicdtls>
                <ns2:IncomeDtls>
                    <ns2:IncomeDtl>
                        <ns2:SrlNo>123</ns2:SrlNo>
                        <ns2:IdenficationNum>9613898</ns2:IdenficationNum>
                        <ns2:NatureOfInc>Interest other than Interest on securities</ns2:NatureOfInc>
                        <ns2:DeductSection>194A</ns2:DeductSection>
                        <ns2:AmtOfInc>72029</ns2:AmtOfInc>
                    </ns2:IncomeDtl>
                </ns2:IncomeDtls>
            </ns2:Part1>
            <ns2:Part1>
                <ns2:Basicdtls>
                    <ns2:AssesseeName>HUSAINA SAIFUDDIN KANOREWALA</ns2:AssesseeName>
                    <ns2:AssesseePAN>AAMPK1423B</ns2:AssesseePAN>
                    <ns2:AssesseeDOB>1950-01-01</ns2:AssesseeDOB>
                    <ns2:PreviousYr>2018</ns2:PreviousYr>
                    <ns2:FlatDoorNo>123</ns2:FlatDoorNo>
                    <ns2:PremisesName>ABC</ns2:PremisesName>
                    <ns2:RoadOrStreet>ABC</ns2:RoadOrStreet>
                    <ns2:LocalityOrArea>Mumbai</ns2:LocalityOrArea>
                    <ns2:CityOrTownOrDistrict>Mumbai</ns2:CityOrTownOrDistrict>
                    <ns2:StateCode>19</ns2:StateCode>
                    <ns2:PinCode>400012</ns2:PinCode>
                    <ns2:EmailAddress>cb2668@canarabank.com</ns2:EmailAddress>
                    <ns2:STDcode></ns2:STDcode>
                    <ns2:PhoneNo></ns2:PhoneNo>
                    <ns2:MobileNo>9917026824</ns2:MobileNo>
                    <ns2:TaxAssessedFlag>N</ns2:TaxAssessedFlag>
                    <ns2:LatestAsstYr></ns2:LatestAsstYr>
                    <ns2:EstimatedInc>115101</ns2:EstimatedInc>
                    <ns2:EstimatedTotalIncPrvYr>115101</ns2:EstimatedTotalIncPrvYr>
                    <ns2:TotalNoOfForm15H>1</ns2:TotalNoOfForm15H>
                    <ns2:AggregateAmtForm15H>115101</ns2:AggregateAmtForm15H>
                    <ns2:UniqueIdNumber>H404002295201819MUMC14758C</ns2:UniqueIdNumber>
                    <ns2:DeclarationDate>2018-10-25</ns2:DeclarationDate>
                    <ns2:AmtOfIncPaid>115101</ns2:AmtOfIncPaid>
                    <ns2:DateIncPaid>2018-12-31</ns2:DateIncPaid>
                    <ns2:RecordType></ns2:RecordType>
                </ns2:Basicdtls>
                <ns2:IncomeDtls>
                    <ns2:IncomeDtl>
                        <ns2:SrlNo>124</ns2:SrlNo>
                        <ns2:IdenficationNum>9614390</ns2:IdenficationNum>
                        <ns2:NatureOfInc>Interest other than Interest on securities</ns2:NatureOfInc>
                        <ns2:DeductSection>194A</ns2:DeductSection>
                        <ns2:AmtOfInc>115101</ns2:AmtOfInc>
                    </ns2:IncomeDtl>
                </ns2:IncomeDtls>
            </ns2:Part1>
            <ns2:Part1>
                <ns2:Basicdtls>
                    <ns2:AssesseeName>IQBAL ABDULGAFUR THAKUR</ns2:AssesseeName>
                    <ns2:AssesseePAN>AXPPT8035J</ns2:AssesseePAN>
                    <ns2:AssesseeDOB>1950-01-01</ns2:AssesseeDOB>
                    <ns2:PreviousYr>2018</ns2:PreviousYr>
                    <ns2:FlatDoorNo>123</ns2:FlatDoorNo>
                    <ns2:PremisesName>ABC</ns2:PremisesName>
                    <ns2:RoadOrStreet>ABC</ns2:RoadOrStreet>
                    <ns2:LocalityOrArea>Mumbai</ns2:LocalityOrArea>
                    <ns2:CityOrTownOrDistrict>Mumbai</ns2:CityOrTownOrDistrict>
                    <ns2:StateCode>19</ns2:StateCode>
                    <ns2:PinCode>400012</ns2:PinCode>
                    <ns2:EmailAddress>cb2668@canarabank.com</ns2:EmailAddress>
                    <ns2:STDcode></ns2:STDcode>
                    <ns2:PhoneNo></ns2:PhoneNo>
                    <ns2:MobileNo>9917026824</ns2:MobileNo>
                    <ns2:TaxAssessedFlag>N</ns2:TaxAssessedFlag>
                    <ns2:LatestAsstYr></ns2:LatestAsstYr>
                    <ns2:EstimatedInc>48844</ns2:EstimatedInc>
                    <ns2:EstimatedTotalIncPrvYr>48844</ns2:EstimatedTotalIncPrvYr>
                    <ns2:TotalNoOfForm15H>1</ns2:TotalNoOfForm15H>
                    <ns2:AggregateAmtForm15H>48844</ns2:AggregateAmtForm15H>
                    <ns2:UniqueIdNumber>H415000146201819MUMC14758C</ns2:UniqueIdNumber>
                    <ns2:DeclarationDate>2018-10-11</ns2:DeclarationDate>
                    <ns2:AmtOfIncPaid>48844</ns2:AmtOfIncPaid>
                    <ns2:DateIncPaid>2018-12-31</ns2:DateIncPaid>
                    <ns2:RecordType></ns2:RecordType>
                </ns2:Basicdtls>
                <ns2:IncomeDtls>
                    <ns2:IncomeDtl>
                        <ns2:SrlNo>125</ns2:SrlNo>
                        <ns2:IdenficationNum>99723514</ns2:IdenficationNum>
                        <ns2:NatureOfInc>Interest other than Interest on securities</ns2:NatureOfInc>
                        <ns2:DeductSection>194A</ns2:DeductSection>
                        <ns2:AmtOfInc>48844</ns2:AmtOfInc>
                    </ns2:IncomeDtl>
                </ns2:IncomeDtls>
            </ns2:Part1>
            <ns2:Part1>
                <ns2:Basicdtls>
                    <ns2:AssesseeName>MYRA PHILOMENA DSOUZA</ns2:AssesseeName>
                    <ns2:AssesseePAN>ACEPD6729P</ns2:AssesseePAN>
                    <ns2:AssesseeDOB>1950-01-01</ns2:AssesseeDOB>
                    <ns2:PreviousYr>2018</ns2:PreviousYr>
                    <ns2:FlatDoorNo>123</ns2:FlatDoorNo>
                    <ns2:PremisesName>ABC</ns2:PremisesName>
                    <ns2:RoadOrStreet>ABC</ns2:RoadOrStreet>
                    <ns2:LocalityOrArea>Mumbai</ns2:LocalityOrArea>
                    <ns2:CityOrTownOrDistrict>Mumbai</ns2:CityOrTownOrDistrict>
                    <ns2:StateCode>19</ns2:StateCode>
                    <ns2:PinCode>400012</ns2:PinCode>
                    <ns2:EmailAddress>cb2668@canarabank.com</ns2:EmailAddress>
                    <ns2:STDcode></ns2:STDcode>
                    <ns2:PhoneNo></ns2:PhoneNo>
                    <ns2:MobileNo>9917026824</ns2:MobileNo>
                    <ns2:TaxAssessedFlag>N</ns2:TaxAssessedFlag>
                    <ns2:LatestAsstYr></ns2:LatestAsstYr>
                    <ns2:EstimatedInc>189284</ns2:EstimatedInc>
                    <ns2:EstimatedTotalIncPrvYr>189284</ns2:EstimatedTotalIncPrvYr>
                    <ns2:TotalNoOfForm15H>1</ns2:TotalNoOfForm15H>
                    <ns2:AggregateAmtForm15H>189284</ns2:AggregateAmtForm15H>
                    <ns2:UniqueIdNumber>H331000119201819MUMC14758C</ns2:UniqueIdNumber>
                    <ns2:DeclarationDate>2018-11-09</ns2:DeclarationDate>
                    <ns2:AmtOfIncPaid>189284</ns2:AmtOfIncPaid>
                    <ns2:DateIncPaid>2018-12-31</ns2:DateIncPaid>
                    <ns2:RecordType></ns2:RecordType>
                </ns2:Basicdtls>
                <ns2:IncomeDtls>
                    <ns2:IncomeDtl>
                        <ns2:SrlNo>126</ns2:SrlNo>
                        <ns2:IdenficationNum>101372050</ns2:IdenficationNum>
                        <ns2:NatureOfInc>Interest other than Interest on securities</ns2:NatureOfInc>
                        <ns2:DeductSection>194A</ns2:DeductSection>
                        <ns2:AmtOfInc>189284</ns2:AmtOfInc>
                    </ns2:IncomeDtl>
                </ns2:IncomeDtls>
            </ns2:Part1>
        </ns2:Part1Dtls>
    </ns2:Form15HDtls>
</ns2:FORM15H>
