<?xml version="1.0" encoding="UTF-8" standalone="yes"?>
<ns2:FORM15G xmlns="http://incometaxindiaefiling.gov.in/common" xmlns:ns2="http://incometaxindiaefiling.gov.in/FORM15G">
    <ns2:FormCreationInfo>
        <CreationInfo>
            <SWVersionNo>1.0</SWVersionNo>
            <SWCreatedBy>ITD_JAVA_UTILITY</SWCreatedBy>
            <XMLCreatedBy>ITD_JAVA_UTILITY</XMLCreatedBy>
            <XMLCreationDate>2018-10-20</XMLCreationDate>
        </CreationInfo>
        <Form_Details>
            <FormName>FORM15G</FormName>
            <AssessmentYear>2019</AssessmentYear>
            <SchemaVer>V1.0</SchemaVer>
            <FormVer>1.0</FormVer>
        </Form_Details>
    </ns2:FormCreationInfo>
    <ns2:Form15GDtls>
        <ns2:TAN>MUMC14758C</ns2:TAN>
        <ns2:Quarter>Q2</ns2:Quarter>
        <ns2:FinancialYr>2018</ns2:FinancialYr>
        <ns2:FilingType>O</ns2:FilingType>
        <ns2:Part1Dtls>
            <ns2:Part1>
                <ns2:Basicdtls>
                    <ns2:AssesseeName>JACINTHA AUGUSTINE MONTEIRO</ns2:AssesseeName>
                    <ns2:AssesseePAN>BLHPM0165P</ns2:AssesseePAN>
                    <ns2:Status>1</ns2:Status>
                    <ns2:ResidentialStatus>RES</ns2:ResidentialStatus>
                    <ns2:PreviousYr>2018</ns2:PreviousYr>
                    <ns2:FlatDoorNo>123</ns2:FlatDoorNo>
                    <ns2:PremisesName>ABC</ns2:PremisesName>
                    <ns2:RoadOrStreet>ABC ROAD</ns2:RoadOrStreet>
                    <ns2:LocalityOrArea>Mumbai</ns2:LocalityOrArea>
                    <ns2:CityOrTownOrDistrict>Mumbai</ns2:CityOrTownOrDistrict>
                    <ns2:StateCode>19</ns2:StateCode>
                    <ns2:PinCode>400027</ns2:PinCode>
                    <ns2:EmailAddress>cb2668@canarabank.com</ns2:EmailAddress>
                    <ns2:STDcode></ns2:STDcode>
                    <ns2:PhoneNo></ns2:PhoneNo>
                    <ns2:MobileNo>9917026284</ns2:MobileNo>
                    <ns2:TaxAssessedFlag>N</ns2:TaxAssessedFlag>
                    <ns2:LatestAsstYr></ns2:LatestAsstYr>
                    <ns2:EstimatedInc>18612</ns2:EstimatedInc>
                    <ns2:EstimatedTotalIncPrvYr>18612</ns2:EstimatedTotalIncPrvYr>
                    <ns2:TotalNoOfForm15g>1</ns2:TotalNoOfForm15g>
                    <ns2:AggregateAmtForm15g>18612</ns2:AggregateAmtForm15g>
                    <ns2:UniqueIdNumber>G009580400201819MUMC14758C</ns2:UniqueIdNumber>
                    <ns2:DeclarationDate>2018-08-13</ns2:DeclarationDate>
                    <ns2:AmtOfIncPaid>18612</ns2:AmtOfIncPaid>
                    <ns2:DateIncPaid>2018-09-30</ns2:DateIncPaid>
                    <ns2:RecordType></ns2:RecordType>
                </ns2:Basicdtls>
                <ns2:IncomeDtls>
                    <ns2:IncomeDtl>
                        <ns2:SrlNo>100</ns2:SrlNo>
                        <ns2:IdenficationNum>9580400</ns2:IdenficationNum>
                        <ns2:NatureOfInc>Interest other than Interest on securities</ns2:NatureOfInc>
                        <ns2:DeductSection>194A</ns2:DeductSection>
                        <ns2:AmtOfInc>18612</ns2:AmtOfInc>
                    </ns2:IncomeDtl>
                </ns2:IncomeDtls>
            </ns2:Part1>
            <ns2:Part1>
                <ns2:Basicdtls>
                    <ns2:AssesseeName>ACHHELAL BHAGWANDAS MOURYA</ns2:AssesseeName>
                    <ns2:AssesseePAN>AEGPM6446L</ns2:AssesseePAN>
                    <ns2:Status>1</ns2:Status>
                    <ns2:ResidentialStatus>RES</ns2:ResidentialStatus>
                    <ns2:PreviousYr>2018</ns2:PreviousYr>
                    <ns2:FlatDoorNo>123</ns2:FlatDoorNo>
                    <ns2:PremisesName>ABC</ns2:PremisesName>
                    <ns2:RoadOrStreet>ABC ROAD</ns2:RoadOrStreet>
                    <ns2:LocalityOrArea>Mumbai</ns2:LocalityOrArea>
                    <ns2:CityOrTownOrDistrict>Mumbai</ns2:CityOrTownOrDistrict>
                    <ns2:StateCode>19</ns2:StateCode>
                    <ns2:PinCode>400027</ns2:PinCode>
                    <ns2:EmailAddress>cb2668@canarabank.com</ns2:EmailAddress>
                    <ns2:STDcode></ns2:STDcode>
                    <ns2:PhoneNo></ns2:PhoneNo>
                    <ns2:MobileNo>9917026284</ns2:MobileNo>
                    <ns2:TaxAssessedFlag>N</ns2:TaxAssessedFlag>
                    <ns2:LatestAsstYr></ns2:LatestAsstYr>
                    <ns2:EstimatedInc>121320</ns2:EstimatedInc>
                    <ns2:EstimatedTotalIncPrvYr>121320</ns2:EstimatedTotalIncPrvYr>
                    <ns2:TotalNoOfForm15g>1</ns2:TotalNoOfForm15g>
                    <ns2:AggregateAmtForm15g>121320</ns2:AggregateAmtForm15g>
                    <ns2:UniqueIdNumber>G009584727201819MUMC14758C</ns2:UniqueIdNumber>
                    <ns2:DeclarationDate>2018-07-23</ns2:DeclarationDate>
                    <ns2:AmtOfIncPaid>121320</ns2:AmtOfIncPaid>
                    <ns2:DateIncPaid>2018-09-30</ns2:DateIncPaid>
                    <ns2:RecordType></ns2:RecordType>
                </ns2:Basicdtls>
                <ns2:IncomeDtls>
                    <ns2:IncomeDtl>
                        <ns2:SrlNo>101</ns2:SrlNo>
                        <ns2:IdenficationNum>9584727</ns2:IdenficationNum>
                        <ns2:NatureOfInc>Interest other than Interest on securities</ns2:NatureOfInc>
                        <ns2:DeductSection>194A</ns2:DeductSection>
                        <ns2:AmtOfInc>121320</ns2:AmtOfInc>
                    </ns2:IncomeDtl>
                </ns2:IncomeDtls>
            </ns2:Part1>
            <ns2:Part1>
                <ns2:Basicdtls>
                    <ns2:AssesseeName>KUSHAMAVATI M GOND</ns2:AssesseeName>
                    <ns2:AssesseePAN>AXNPG8927G</ns2:AssesseePAN>
                    <ns2:Status>1</ns2:Status>
                    <ns2:ResidentialStatus>RES</ns2:ResidentialStatus>
                    <ns2:PreviousYr>2018</ns2:PreviousYr>
                    <ns2:FlatDoorNo>123</ns2:FlatDoorNo>
                    <ns2:PremisesName>ABC</ns2:PremisesName>
                    <ns2:RoadOrStreet>ABC ROAD</ns2:RoadOrStreet>
                    <ns2:LocalityOrArea>Mumbai</ns2:LocalityOrArea>
                    <ns2:CityOrTownOrDistrict>Mumbai</ns2:CityOrTownOrDistrict>
                    <ns2:StateCode>19</ns2:StateCode>
                    <ns2:PinCode>400027</ns2:PinCode>
                    <ns2:EmailAddress>cb2668@canarabank.com</ns2:EmailAddress>
                    <ns2:STDcode></ns2:STDcode>
                    <ns2:PhoneNo></ns2:PhoneNo>
                    <ns2:MobileNo>9917026284</ns2:MobileNo>
                    <ns2:TaxAssessedFlag>N</ns2:TaxAssessedFlag>
                    <ns2:LatestAsstYr></ns2:LatestAsstYr>
                    <ns2:EstimatedInc>66581</ns2:EstimatedInc>
                    <ns2:EstimatedTotalIncPrvYr>66581</ns2:EstimatedTotalIncPrvYr>
                    <ns2:TotalNoOfForm15g>1</ns2:TotalNoOfForm15g>
                    <ns2:AggregateAmtForm15g>66581</ns2:AggregateAmtForm15g>
                    <ns2:UniqueIdNumber>G009603257201819MUMC14758C</ns2:UniqueIdNumber>
                    <ns2:DeclarationDate>2018-07-03</ns2:DeclarationDate>
                    <ns2:AmtOfIncPaid>66581</ns2:AmtOfIncPaid>
                    <ns2:DateIncPaid>2018-09-30</ns2:DateIncPaid>
                    <ns2:RecordType></ns2:RecordType>
                </ns2:Basicdtls>
                <ns2:IncomeDtls>
                    <ns2:IncomeDtl>
                        <ns2:SrlNo>102</ns2:SrlNo>
                        <ns2:IdenficationNum>9603257</ns2:IdenficationNum>
                        <ns2:NatureOfInc>Interest other than Interest on securities</ns2:NatureOfInc>
                        <ns2:DeductSection>194A</ns2:DeductSection>
                        <ns2:AmtOfInc>66581</ns2:AmtOfInc>
                    </ns2:IncomeDtl>
                </ns2:IncomeDtls>
            </ns2:Part1>
            <ns2:Part1>
                <ns2:Basicdtls>
                    <ns2:AssesseeName>URSALA D`SOUZA</ns2:AssesseeName>
                    <ns2:AssesseePAN>ALNPD0125F</ns2:AssesseePAN>
                    <ns2:Status>1</ns2:Status>
                    <ns2:ResidentialStatus>RES</ns2:ResidentialStatus>
                    <ns2:PreviousYr>2018</ns2:PreviousYr>
                    <ns2:FlatDoorNo>123</ns2:FlatDoorNo>
                    <ns2:PremisesName>ABC</ns2:PremisesName>
                    <ns2:RoadOrStreet>ABC ROAD</ns2:RoadOrStreet>
                    <ns2:LocalityOrArea>Mumbai</ns2:LocalityOrArea>
                    <ns2:CityOrTownOrDistrict>Mumbai</ns2:CityOrTownOrDistrict>
                    <ns2:StateCode>19</ns2:StateCode>
                    <ns2:PinCode>400027</ns2:PinCode>
                    <ns2:EmailAddress>cb2668@canarabank.com</ns2:EmailAddress>
                    <ns2:STDcode></ns2:STDcode>
                    <ns2:PhoneNo></ns2:PhoneNo>
                    <ns2:MobileNo>9917026284</ns2:MobileNo>
                    <ns2:TaxAssessedFlag>N</ns2:TaxAssessedFlag>
                    <ns2:LatestAsstYr></ns2:LatestAsstYr>
                    <ns2:EstimatedInc>4811</ns2:EstimatedInc>
                    <ns2:EstimatedTotalIncPrvYr>4811</ns2:EstimatedTotalIncPrvYr>
                    <ns2:TotalNoOfForm15g>1</ns2:TotalNoOfForm15g>
                    <ns2:AggregateAmtForm15g>4811</ns2:AggregateAmtForm15g>
                    <ns2:UniqueIdNumber>G009607569201819MUMC14758C</ns2:UniqueIdNumber>
                    <ns2:DeclarationDate>2018-09-19</ns2:DeclarationDate>
                    <ns2:AmtOfIncPaid>4811</ns2:AmtOfIncPaid>
                    <ns2:DateIncPaid>2018-09-30</ns2:DateIncPaid>
                    <ns2:RecordType></ns2:RecordType>
                </ns2:Basicdtls>
                <ns2:IncomeDtls>
                    <ns2:IncomeDtl>
                        <ns2:SrlNo>103</ns2:SrlNo>
                        <ns2:IdenficationNum>9607569</ns2:IdenficationNum>
                        <ns2:NatureOfInc>Interest other than Interest on securities</ns2:NatureOfInc>
                        <ns2:DeductSection>194A</ns2:DeductSection>
                        <ns2:AmtOfInc>4811</ns2:AmtOfInc>
                    </ns2:IncomeDtl>
                </ns2:IncomeDtls>
            </ns2:Part1>
            <ns2:Part1>
                <ns2:Basicdtls>
                    <ns2:AssesseeName>LOURDES FERNANDES</ns2:AssesseeName>
                    <ns2:AssesseePAN>AATPF0865D</ns2:AssesseePAN>
                    <ns2:Status>1</ns2:Status>
                    <ns2:ResidentialStatus>RES</ns2:ResidentialStatus>
                    <ns2:PreviousYr>2018</ns2:PreviousYr>
                    <ns2:FlatDoorNo>123</ns2:FlatDoorNo>
                    <ns2:PremisesName>ABC</ns2:PremisesName>
                    <ns2:RoadOrStreet>ABC ROAD</ns2:RoadOrStreet>
                    <ns2:LocalityOrArea>Mumbai</ns2:LocalityOrArea>
                    <ns2:CityOrTownOrDistrict>Mumbai</ns2:CityOrTownOrDistrict>
                    <ns2:StateCode>19</ns2:StateCode>
                    <ns2:PinCode>400027</ns2:PinCode>
                    <ns2:EmailAddress>cb2668@canarabank.com</ns2:EmailAddress>
                    <ns2:STDcode></ns2:STDcode>
                    <ns2:PhoneNo></ns2:PhoneNo>
                    <ns2:MobileNo>9917026284</ns2:MobileNo>
                    <ns2:TaxAssessedFlag>N</ns2:TaxAssessedFlag>
                    <ns2:LatestAsstYr></ns2:LatestAsstYr>
                    <ns2:EstimatedInc>15221</ns2:EstimatedInc>
                    <ns2:EstimatedTotalIncPrvYr>15221</ns2:EstimatedTotalIncPrvYr>
                    <ns2:TotalNoOfForm15g>1</ns2:TotalNoOfForm15g>
                    <ns2:AggregateAmtForm15g>15221</ns2:AggregateAmtForm15g>
                    <ns2:UniqueIdNumber>G009607926201819MUMC14758C</ns2:UniqueIdNumber>
                    <ns2:DeclarationDate>2018-07-31</ns2:DeclarationDate>
                    <ns2:AmtOfIncPaid>15221</ns2:AmtOfIncPaid>
                    <ns2:DateIncPaid>2018-09-30</ns2:DateIncPaid>
                    <ns2:RecordType></ns2:RecordType>
                </ns2:Basicdtls>
                <ns2:IncomeDtls>
                    <ns2:IncomeDtl>
                        <ns2:SrlNo>104</ns2:SrlNo>
                        <ns2:IdenficationNum>9607926</ns2:IdenficationNum>
                        <ns2:NatureOfInc>Interest other than Interest on securities</ns2:NatureOfInc>
                        <ns2:DeductSection>194A</ns2:DeductSection>
                        <ns2:AmtOfInc>15221</ns2:AmtOfInc>
                    </ns2:IncomeDtl>
                </ns2:IncomeDtls>
            </ns2:Part1>
            <ns2:Part1>
                <ns2:Basicdtls>
                    <ns2:AssesseeName>RAMAWADH GANPAT MISHRA</ns2:AssesseeName>
                    <ns2:AssesseePAN>AFYPM3250R</ns2:AssesseePAN>
                    <ns2:Status>1</ns2:Status>
                    <ns2:ResidentialStatus>RES</ns2:ResidentialStatus>
                    <ns2:PreviousYr>2018</ns2:PreviousYr>
                    <ns2:FlatDoorNo>123</ns2:FlatDoorNo>
                    <ns2:PremisesName>ABC</ns2:PremisesName>
                    <ns2:RoadOrStreet>ABC ROAD</ns2:RoadOrStreet>
                    <ns2:LocalityOrArea>Mumbai</ns2:LocalityOrArea>
                    <ns2:CityOrTownOrDistrict>Mumbai</ns2:CityOrTownOrDistrict>
                    <ns2:StateCode>19</ns2:StateCode>
                    <ns2:PinCode>400027</ns2:PinCode>
                    <ns2:EmailAddress>cb2668@canarabank.com</ns2:EmailAddress>
                    <ns2:STDcode></ns2:STDcode>
                    <ns2:PhoneNo></ns2:PhoneNo>
                    <ns2:MobileNo>9917026284</ns2:MobileNo>
                    <ns2:TaxAssessedFlag>N</ns2:TaxAssessedFlag>
                    <ns2:LatestAsstYr></ns2:LatestAsstYr>
                    <ns2:EstimatedInc>156964</ns2:EstimatedInc>
                    <ns2:EstimatedTotalIncPrvYr>156964</ns2:EstimatedTotalIncPrvYr>
                    <ns2:TotalNoOfForm15g>1</ns2:TotalNoOfForm15g>
                    <ns2:AggregateAmtForm15g>156964</ns2:AggregateAmtForm15g>
                    <ns2:UniqueIdNumber>G009610003201819MUMC14758C</ns2:UniqueIdNumber>
                    <ns2:DeclarationDate>2018-07-13</ns2:DeclarationDate>
                    <ns2:AmtOfIncPaid>156964</ns2:AmtOfIncPaid>
                    <ns2:DateIncPaid>2018-09-30</ns2:DateIncPaid>
                    <ns2:RecordType></ns2:RecordType>
                </ns2:Basicdtls>
                <ns2:IncomeDtls>
                    <ns2:IncomeDtl>
                        <ns2:SrlNo>105</ns2:SrlNo>
                        <ns2:IdenficationNum>9610003</ns2:IdenficationNum>
                        <ns2:NatureOfInc>Interest other than Interest on securities</ns2:NatureOfInc>
                        <ns2:DeductSection>194A</ns2:DeductSection>
                        <ns2:AmtOfInc>156964</ns2:AmtOfInc>
                    </ns2:IncomeDtl>
                </ns2:IncomeDtls>
            </ns2:Part1>
            <ns2:Part1>
                <ns2:Basicdtls>
                    <ns2:AssesseeName>DOLRIECH JOSEPH MENEZES</ns2:AssesseeName>
                    <ns2:AssesseePAN>AQNPM9022F</ns2:AssesseePAN>
                    <ns2:Status>1</ns2:Status>
                    <ns2:ResidentialStatus>RES</ns2:ResidentialStatus>
                    <ns2:PreviousYr>2018</ns2:PreviousYr>
                    <ns2:FlatDoorNo>123</ns2:FlatDoorNo>
                    <ns2:PremisesName>ABC</ns2:PremisesName>
                    <ns2:RoadOrStreet>ABC ROAD</ns2:RoadOrStreet>
                    <ns2:LocalityOrArea>Mumbai</ns2:LocalityOrArea>
                    <ns2:CityOrTownOrDistrict>Mumbai</ns2:CityOrTownOrDistrict>
                    <ns2:StateCode>19</ns2:StateCode>
                    <ns2:PinCode>400027</ns2:PinCode>
                    <ns2:EmailAddress>cb2668@canarabank.com</ns2:EmailAddress>
                    <ns2:STDcode></ns2:STDcode>
                    <ns2:PhoneNo></ns2:PhoneNo>
                    <ns2:MobileNo>9917026284</ns2:MobileNo>
                    <ns2:TaxAssessedFlag>N</ns2:TaxAssessedFlag>
                    <ns2:LatestAsstYr></ns2:LatestAsstYr>
                    <ns2:EstimatedInc>10890</ns2:EstimatedInc>
                    <ns2:EstimatedTotalIncPrvYr>10890</ns2:EstimatedTotalIncPrvYr>
                    <ns2:TotalNoOfForm15g>1</ns2:TotalNoOfForm15g>
                    <ns2:AggregateAmtForm15g>10890</ns2:AggregateAmtForm15g>
                    <ns2:UniqueIdNumber>G009614159201819MUMC14758C</ns2:UniqueIdNumber>
                    <ns2:DeclarationDate>2018-08-24</ns2:DeclarationDate>
                    <ns2:AmtOfIncPaid>10890</ns2:AmtOfIncPaid>
                    <ns2:DateIncPaid>2018-09-30</ns2:DateIncPaid>
                    <ns2:RecordType></ns2:RecordType>
                </ns2:Basicdtls>
                <ns2:IncomeDtls>
                    <ns2:IncomeDtl>
                        <ns2:SrlNo>106</ns2:SrlNo>
                        <ns2:IdenficationNum>9614159</ns2:IdenficationNum>
                        <ns2:NatureOfInc>Interest other than Interest on securities</ns2:NatureOfInc>
                        <ns2:DeductSection>194A</ns2:DeductSection>
                        <ns2:AmtOfInc>10890</ns2:AmtOfInc>
                    </ns2:IncomeDtl>
                </ns2:IncomeDtls>
            </ns2:Part1>
            <ns2:Part1>
                <ns2:Basicdtls>
                    <ns2:AssesseeName>S. AMALI ROSALINE</ns2:AssesseeName>
                    <ns2:AssesseePAN>DRKPS6646Q</ns2:AssesseePAN>
                    <ns2:Status>1</ns2:Status>
                    <ns2:ResidentialStatus>RES</ns2:ResidentialStatus>
                    <ns2:PreviousYr>2018</ns2:PreviousYr>
                    <ns2:FlatDoorNo>123</ns2:FlatDoorNo>
                    <ns2:PremisesName>ABC</ns2:PremisesName>
                    <ns2:RoadOrStreet>ABC ROAD</ns2:RoadOrStreet>
                    <ns2:LocalityOrArea>Mumbai</ns2:LocalityOrArea>
                    <ns2:CityOrTownOrDistrict>Mumbai</ns2:CityOrTownOrDistrict>
                    <ns2:StateCode>19</ns2:StateCode>
                    <ns2:PinCode>400027</ns2:PinCode>
                    <ns2:EmailAddress>cb2668@canarabank.com</ns2:EmailAddress>
                    <ns2:STDcode></ns2:STDcode>
                    <ns2:PhoneNo></ns2:PhoneNo>
                    <ns2:MobileNo>9917026284</ns2:MobileNo>
                    <ns2:TaxAssessedFlag>N</ns2:TaxAssessedFlag>
                    <ns2:LatestAsstYr></ns2:LatestAsstYr>
                    <ns2:EstimatedInc>28121</ns2:EstimatedInc>
                    <ns2:EstimatedTotalIncPrvYr>28121</ns2:EstimatedTotalIncPrvYr>
                    <ns2:TotalNoOfForm15g>1</ns2:TotalNoOfForm15g>
                    <ns2:AggregateAmtForm15g>28121</ns2:AggregateAmtForm15g>
                    <ns2:UniqueIdNumber>G009614365201819MUMC14758C</ns2:UniqueIdNumber>
                    <ns2:DeclarationDate>2018-08-27</ns2:DeclarationDate>
                    <ns2:AmtOfIncPaid>28121</ns2:AmtOfIncPaid>
                    <ns2:DateIncPaid>2018-09-30</ns2:DateIncPaid>
                    <ns2:RecordType></ns2:RecordType>
                </ns2:Basicdtls>
                <ns2:IncomeDtls>
                    <ns2:IncomeDtl>
                        <ns2:SrlNo>107</ns2:SrlNo>
                        <ns2:IdenficationNum>9614365</ns2:IdenficationNum>
                        <ns2:NatureOfInc>Interest other than Interest on securities</ns2:NatureOfInc>
                        <ns2:DeductSection>194A</ns2:DeductSection>
                        <ns2:AmtOfInc>28121</ns2:AmtOfInc>
                    </ns2:IncomeDtl>
                </ns2:IncomeDtls>
            </ns2:Part1>
            <ns2:Part1>
                <ns2:Basicdtls>
                    <ns2:AssesseeName>RUXANA ADAM LAKDAWALLA</ns2:AssesseeName>
                    <ns2:AssesseePAN>AFAPL8378R</ns2:AssesseePAN>
                    <ns2:Status>1</ns2:Status>
                    <ns2:ResidentialStatus>RES</ns2:ResidentialStatus>
                    <ns2:PreviousYr>2018</ns2:PreviousYr>
                    <ns2:FlatDoorNo>123</ns2:FlatDoorNo>
                    <ns2:PremisesName>ABC</ns2:PremisesName>
                    <ns2:RoadOrStreet>ABC ROAD</ns2:RoadOrStreet>
                    <ns2:LocalityOrArea>Mumbai</ns2:LocalityOrArea>
                    <ns2:CityOrTownOrDistrict>Mumbai</ns2:CityOrTownOrDistrict>
                    <ns2:StateCode>19</ns2:StateCode>
                    <ns2:PinCode>400027</ns2:PinCode>
                    <ns2:EmailAddress>cb2668@canarabank.com</ns2:EmailAddress>
                    <ns2:STDcode></ns2:STDcode>
                    <ns2:PhoneNo></ns2:PhoneNo>
                    <ns2:MobileNo>9917026284</ns2:MobileNo>
                    <ns2:TaxAssessedFlag>N</ns2:TaxAssessedFlag>
                    <ns2:LatestAsstYr></ns2:LatestAsstYr>
                    <ns2:EstimatedInc>3699</ns2:EstimatedInc>
                    <ns2:EstimatedTotalIncPrvYr>3699</ns2:EstimatedTotalIncPrvYr>
                    <ns2:TotalNoOfForm15g>1</ns2:TotalNoOfForm15g>
                    <ns2:AggregateAmtForm15g>3699</ns2:AggregateAmtForm15g>
                    <ns2:UniqueIdNumber>G028741518201819MUMC14758C</ns2:UniqueIdNumber>
                    <ns2:DeclarationDate>2018-07-11</ns2:DeclarationDate>
                    <ns2:AmtOfIncPaid>3699</ns2:AmtOfIncPaid>
                    <ns2:DateIncPaid>2018-09-30</ns2:DateIncPaid>
                    <ns2:RecordType></ns2:RecordType>
                </ns2:Basicdtls>
                <ns2:IncomeDtls>
                    <ns2:IncomeDtl>
                        <ns2:SrlNo>108</ns2:SrlNo>
                        <ns2:IdenficationNum>28741518</ns2:IdenficationNum>
                        <ns2:NatureOfInc>Interest other than Interest on securities</ns2:NatureOfInc>
                        <ns2:DeductSection>194A</ns2:DeductSection>
                        <ns2:AmtOfInc>3699</ns2:AmtOfInc>
                    </ns2:IncomeDtl>
                </ns2:IncomeDtls>
            </ns2:Part1>
            <ns2:Part1>
                <ns2:Basicdtls>
                    <ns2:AssesseeName>TASNEEM M KANORWALA</ns2:AssesseeName>
                    <ns2:AssesseePAN>BKEPK0800K</ns2:AssesseePAN>
                    <ns2:Status>1</ns2:Status>
                    <ns2:ResidentialStatus>RES</ns2:ResidentialStatus>
                    <ns2:PreviousYr>2018</ns2:PreviousYr>
                    <ns2:FlatDoorNo>123</ns2:FlatDoorNo>
                    <ns2:PremisesName>ABC</ns2:PremisesName>
                    <ns2:RoadOrStreet>ABC ROAD</ns2:RoadOrStreet>
                    <ns2:LocalityOrArea>Mumbai</ns2:LocalityOrArea>
                    <ns2:CityOrTownOrDistrict>Mumbai</ns2:CityOrTownOrDistrict>
                    <ns2:StateCode>19</ns2:StateCode>
                    <ns2:PinCode>400027</ns2:PinCode>
                    <ns2:EmailAddress>cb2668@canarabank.com</ns2:EmailAddress>
                    <ns2:STDcode></ns2:STDcode>
                    <ns2:PhoneNo></ns2:PhoneNo>
                    <ns2:MobileNo>9917026284</ns2:MobileNo>
                    <ns2:TaxAssessedFlag>N</ns2:TaxAssessedFlag>
                    <ns2:LatestAsstYr></ns2:LatestAsstYr>
                    <ns2:EstimatedInc>2317</ns2:EstimatedInc>
                    <ns2:EstimatedTotalIncPrvYr>2317</ns2:EstimatedTotalIncPrvYr>
                    <ns2:TotalNoOfForm15g>1</ns2:TotalNoOfForm15g>
                    <ns2:AggregateAmtForm15g>2317</ns2:AggregateAmtForm15g>
                    <ns2:UniqueIdNumber>G032531739201819MUMC14758C</ns2:UniqueIdNumber>
                    <ns2:DeclarationDate>2018-07-13</ns2:DeclarationDate>
                    <ns2:AmtOfIncPaid>2317</ns2:AmtOfIncPaid>
                    <ns2:DateIncPaid>2018-09-30</ns2:DateIncPaid>
                    <ns2:RecordType></ns2:RecordType>
                </ns2:Basicdtls>
                <ns2:IncomeDtls>
                    <ns2:IncomeDtl>
                        <ns2:SrlNo>109</ns2:SrlNo>
                        <ns2:IdenficationNum>32531739</ns2:IdenficationNum>
                        <ns2:NatureOfInc>Interest other than Interest on securities</ns2:NatureOfInc>
                        <ns2:DeductSection>194A</ns2:DeductSection>
                        <ns2:AmtOfInc>2317</ns2:AmtOfInc>
                    </ns2:IncomeDtl>
                </ns2:IncomeDtls>
            </ns2:Part1>
            <ns2:Part1>
                <ns2:Basicdtls>
                    <ns2:AssesseeName>SHARDA MARUTI MOHITE</ns2:AssesseeName>
                    <ns2:AssesseePAN>CALPM8621C</ns2:AssesseePAN>
                    <ns2:Status>1</ns2:Status>
                    <ns2:ResidentialStatus>RES</ns2:ResidentialStatus>
                    <ns2:PreviousYr>2018</ns2:PreviousYr>
                    <ns2:FlatDoorNo>123</ns2:FlatDoorNo>
                    <ns2:PremisesName>ABC</ns2:PremisesName>
                    <ns2:RoadOrStreet>ABC ROAD</ns2:RoadOrStreet>
                    <ns2:LocalityOrArea>Mumbai</ns2:LocalityOrArea>
                    <ns2:CityOrTownOrDistrict>Mumbai</ns2:CityOrTownOrDistrict>
                    <ns2:StateCode>19</ns2:StateCode>
                    <ns2:PinCode>400027</ns2:PinCode>
                    <ns2:EmailAddress>cb2668@canarabank.com</ns2:EmailAddress>
                    <ns2:STDcode></ns2:STDcode>
                    <ns2:PhoneNo></ns2:PhoneNo>
                    <ns2:MobileNo>9917026284</ns2:MobileNo>
                    <ns2:TaxAssessedFlag>N</ns2:TaxAssessedFlag>
                    <ns2:LatestAsstYr></ns2:LatestAsstYr>
                    <ns2:EstimatedInc>11619</ns2:EstimatedInc>
                    <ns2:EstimatedTotalIncPrvYr>11619</ns2:EstimatedTotalIncPrvYr>
                    <ns2:TotalNoOfForm15g>1</ns2:TotalNoOfForm15g>
                    <ns2:AggregateAmtForm15g>11619</ns2:AggregateAmtForm15g>
                    <ns2:UniqueIdNumber>G100182917201819MUMC14758C</ns2:UniqueIdNumber>
                    <ns2:DeclarationDate>2018-09-15</ns2:DeclarationDate>
                    <ns2:AmtOfIncPaid>11619</ns2:AmtOfIncPaid>
                    <ns2:DateIncPaid>2018-09-30</ns2:DateIncPaid>
                    <ns2:RecordType></ns2:RecordType>
                </ns2:Basicdtls>
                <ns2:IncomeDtls>
                    <ns2:IncomeDtl>
                        <ns2:SrlNo>110</ns2:SrlNo>
                        <ns2:IdenficationNum>100182917</ns2:IdenficationNum>
                        <ns2:NatureOfInc>Interest other than Interest on securities</ns2:NatureOfInc>
                        <ns2:DeductSection>194A</ns2:DeductSection>
                        <ns2:AmtOfInc>11619</ns2:AmtOfInc>
                    </ns2:IncomeDtl>
                </ns2:IncomeDtls>
            </ns2:Part1>
            <ns2:Part1>
                <ns2:Basicdtls>
                    <ns2:AssesseeName>TULSIDAS SAMBHAJI GANTHADE</ns2:AssesseeName>
                    <ns2:AssesseePAN>AAEPG1110B</ns2:AssesseePAN>
                    <ns2:Status>1</ns2:Status>
                    <ns2:ResidentialStatus>RES</ns2:ResidentialStatus>
                    <ns2:PreviousYr>2018</ns2:PreviousYr>
                    <ns2:FlatDoorNo>123</ns2:FlatDoorNo>
                    <ns2:PremisesName>ABC</ns2:PremisesName>
                    <ns2:RoadOrStreet>ABC ROAD</ns2:RoadOrStreet>
                    <ns2:LocalityOrArea>Mumbai</ns2:LocalityOrArea>
                    <ns2:CityOrTownOrDistrict>Mumbai</ns2:CityOrTownOrDistrict>
                    <ns2:StateCode>19</ns2:StateCode>
                    <ns2:PinCode>400027</ns2:PinCode>
                    <ns2:EmailAddress>cb2668@canarabank.com</ns2:EmailAddress>
                    <ns2:STDcode></ns2:STDcode>
                    <ns2:PhoneNo></ns2:PhoneNo>
                    <ns2:MobileNo>9917026284</ns2:MobileNo>
                    <ns2:TaxAssessedFlag>N</ns2:TaxAssessedFlag>
                    <ns2:LatestAsstYr></ns2:LatestAsstYr>
                    <ns2:EstimatedInc>8631</ns2:EstimatedInc>
                    <ns2:EstimatedTotalIncPrvYr>8631</ns2:EstimatedTotalIncPrvYr>
                    <ns2:TotalNoOfForm15g>1</ns2:TotalNoOfForm15g>
                    <ns2:AggregateAmtForm15g>8631</ns2:AggregateAmtForm15g>
                    <ns2:UniqueIdNumber>G003116800201819MUMC14758C</ns2:UniqueIdNumber>
                    <ns2:DeclarationDate>2018-07-25</ns2:DeclarationDate>
                    <ns2:AmtOfIncPaid>8631</ns2:AmtOfIncPaid>
                    <ns2:DateIncPaid>2018-09-30</ns2:DateIncPaid>
                    <ns2:RecordType></ns2:RecordType>
                </ns2:Basicdtls>
                <ns2:IncomeDtls>
                    <ns2:IncomeDtl>
                        <ns2:SrlNo>111</ns2:SrlNo>
                        <ns2:IdenficationNum>3116800</ns2:IdenficationNum>
                        <ns2:NatureOfInc>Interest other than Interest on securities</ns2:NatureOfInc>
                        <ns2:DeductSection>194A</ns2:DeductSection>
                        <ns2:AmtOfInc>8631</ns2:AmtOfInc>
                    </ns2:IncomeDtl>
                </ns2:IncomeDtls>
            </ns2:Part1>
            <ns2:Part1>
                <ns2:Basicdtls>
                    <ns2:AssesseeName>UMASHANKAR BENI JAISWAL</ns2:AssesseeName>
                    <ns2:AssesseePAN>AITPJ0821B</ns2:AssesseePAN>
                    <ns2:Status>1</ns2:Status>
                    <ns2:ResidentialStatus>RES</ns2:ResidentialStatus>
                    <ns2:PreviousYr>2018</ns2:PreviousYr>
                    <ns2:FlatDoorNo>123</ns2:FlatDoorNo>
                    <ns2:PremisesName>ABC</ns2:PremisesName>
                    <ns2:RoadOrStreet>ABC ROAD</ns2:RoadOrStreet>
                    <ns2:LocalityOrArea>Mumbai</ns2:LocalityOrArea>
                    <ns2:CityOrTownOrDistrict>Mumbai</ns2:CityOrTownOrDistrict>
                    <ns2:StateCode>19</ns2:StateCode>
                    <ns2:PinCode>400027</ns2:PinCode>
                    <ns2:EmailAddress>cb2668@canarabank.com</ns2:EmailAddress>
                    <ns2:STDcode></ns2:STDcode>
                    <ns2:PhoneNo></ns2:PhoneNo>
                    <ns2:MobileNo>9917026284</ns2:MobileNo>
                    <ns2:TaxAssessedFlag>N</ns2:TaxAssessedFlag>
                    <ns2:LatestAsstYr></ns2:LatestAsstYr>
                    <ns2:EstimatedInc>111427</ns2:EstimatedInc>
                    <ns2:EstimatedTotalIncPrvYr>111427</ns2:EstimatedTotalIncPrvYr>
                    <ns2:TotalNoOfForm15g>1</ns2:TotalNoOfForm15g>
                    <ns2:AggregateAmtForm15g>111427</ns2:AggregateAmtForm15g>
                    <ns2:UniqueIdNumber>G003118659201819MUMC14758C</ns2:UniqueIdNumber>
                    <ns2:DeclarationDate>2018-07-24</ns2:DeclarationDate>
                    <ns2:AmtOfIncPaid>111427</ns2:AmtOfIncPaid>
                    <ns2:DateIncPaid>2018-09-30</ns2:DateIncPaid>
                    <ns2:RecordType></ns2:RecordType>
                </ns2:Basicdtls>
                <ns2:IncomeDtls>
                    <ns2:IncomeDtl>
                        <ns2:SrlNo>112</ns2:SrlNo>
                        <ns2:IdenficationNum>3118659</ns2:IdenficationNum>
                        <ns2:NatureOfInc>Interest other than Interest on securities</ns2:NatureOfInc>
                        <ns2:DeductSection>194A</ns2:DeductSection>
                        <ns2:AmtOfInc>111427</ns2:AmtOfInc>
                    </ns2:IncomeDtl>
                </ns2:IncomeDtls>
            </ns2:Part1>
            <ns2:Part1>
                <ns2:Basicdtls>
                    <ns2:AssesseeName>RAZIA SHAUKAT MALIM</ns2:AssesseeName>
                    <ns2:AssesseePAN>AARPM2691Q</ns2:AssesseePAN>
                    <ns2:Status>1</ns2:Status>
                    <ns2:ResidentialStatus>RES</ns2:ResidentialStatus>
                    <ns2:PreviousYr>2018</ns2:PreviousYr>
                    <ns2:FlatDoorNo>123</ns2:FlatDoorNo>
                    <ns2:PremisesName>ABC</ns2:PremisesName>
                    <ns2:RoadOrStreet>ABC ROAD</ns2:RoadOrStreet>
                    <ns2:LocalityOrArea>Mumbai</ns2:LocalityOrArea>
                    <ns2:CityOrTownOrDistrict>Mumbai</ns2:CityOrTownOrDistrict>
                    <ns2:StateCode>19</ns2:StateCode>
                    <ns2:PinCode>400027</ns2:PinCode>
                    <ns2:EmailAddress>cb2668@canarabank.com</ns2:EmailAddress>
                    <ns2:STDcode></ns2:STDcode>
                    <ns2:PhoneNo></ns2:PhoneNo>
                    <ns2:MobileNo>9917026284</ns2:MobileNo>
                    <ns2:TaxAssessedFlag>N</ns2:TaxAssessedFlag>
                    <ns2:LatestAsstYr></ns2:LatestAsstYr>
                    <ns2:EstimatedInc>7007</ns2:EstimatedInc>
                    <ns2:EstimatedTotalIncPrvYr>7007</ns2:EstimatedTotalIncPrvYr>
                    <ns2:TotalNoOfForm15g>1</ns2:TotalNoOfForm15g>
                    <ns2:AggregateAmtForm15g>7007</ns2:AggregateAmtForm15g>
                    <ns2:UniqueIdNumber>G007672552201819MUMC14758C</ns2:UniqueIdNumber>
                    <ns2:DeclarationDate>2018-08-27</ns2:DeclarationDate>
                    <ns2:AmtOfIncPaid>7007</ns2:AmtOfIncPaid>
                    <ns2:DateIncPaid>2018-09-30</ns2:DateIncPaid>
                    <ns2:RecordType></ns2:RecordType>
                </ns2:Basicdtls>
                <ns2:IncomeDtls>
                    <ns2:IncomeDtl>
                        <ns2:SrlNo>113</ns2:SrlNo>
                        <ns2:IdenficationNum>7672552</ns2:IdenficationNum>
                        <ns2:NatureOfInc>Interest other than Interest on securities</ns2:NatureOfInc>
                        <ns2:DeductSection>194A</ns2:DeductSection>
                        <ns2:AmtOfInc>7007</ns2:AmtOfInc>
                    </ns2:IncomeDtl>
                </ns2:IncomeDtls>
            </ns2:Part1>
            <ns2:Part1>
                <ns2:Basicdtls>
                    <ns2:AssesseeName>NISRIN NURUDDIN SAKERWALA</ns2:AssesseeName>
                    <ns2:AssesseePAN>COHPS3163R</ns2:AssesseePAN>
                    <ns2:Status>1</ns2:Status>
                    <ns2:ResidentialStatus>RES</ns2:ResidentialStatus>
                    <ns2:PreviousYr>2018</ns2:PreviousYr>
                    <ns2:FlatDoorNo>123</ns2:FlatDoorNo>
                    <ns2:PremisesName>ABC</ns2:PremisesName>
                    <ns2:RoadOrStreet>ABC ROAD</ns2:RoadOrStreet>
                    <ns2:LocalityOrArea>Mumbai</ns2:LocalityOrArea>
                    <ns2:CityOrTownOrDistrict>Mumbai</ns2:CityOrTownOrDistrict>
                    <ns2:StateCode>19</ns2:StateCode>
                    <ns2:PinCode>400027</ns2:PinCode>
                    <ns2:EmailAddress>cb2668@canarabank.com</ns2:EmailAddress>
                    <ns2:STDcode></ns2:STDcode>
                    <ns2:PhoneNo></ns2:PhoneNo>
                    <ns2:MobileNo>9917026284</ns2:MobileNo>
                    <ns2:TaxAssessedFlag>N</ns2:TaxAssessedFlag>
                    <ns2:LatestAsstYr></ns2:LatestAsstYr>
                    <ns2:EstimatedInc>31690</ns2:EstimatedInc>
                    <ns2:EstimatedTotalIncPrvYr>31690</ns2:EstimatedTotalIncPrvYr>
                    <ns2:TotalNoOfForm15g>1</ns2:TotalNoOfForm15g>
                    <ns2:AggregateAmtForm15g>31690</ns2:AggregateAmtForm15g>
                    <ns2:UniqueIdNumber>G008645450201819MUMC14758C</ns2:UniqueIdNumber>
                    <ns2:DeclarationDate>2018-07-19</ns2:DeclarationDate>
                    <ns2:AmtOfIncPaid>31690</ns2:AmtOfIncPaid>
                    <ns2:DateIncPaid>2018-09-30</ns2:DateIncPaid>
                    <ns2:RecordType></ns2:RecordType>
                </ns2:Basicdtls>
                <ns2:IncomeDtls>
                    <ns2:IncomeDtl>
                        <ns2:SrlNo>114</ns2:SrlNo>
                        <ns2:IdenficationNum>8645450</ns2:IdenficationNum>
                        <ns2:NatureOfInc>Interest other than Interest on securities</ns2:NatureOfInc>
                        <ns2:DeductSection>194A</ns2:DeductSection>
                        <ns2:AmtOfInc>31690</ns2:AmtOfInc>
                    </ns2:IncomeDtl>
                </ns2:IncomeDtls>
            </ns2:Part1>
            <ns2:Part1>
                <ns2:Basicdtls>
                    <ns2:AssesseeName>D N BHATTACHARYA</ns2:AssesseeName>
                    <ns2:AssesseePAN>AAEPB0428R</ns2:AssesseePAN>
                    <ns2:Status>1</ns2:Status>
                    <ns2:ResidentialStatus>RES</ns2:ResidentialStatus>
                    <ns2:PreviousYr>2018</ns2:PreviousYr>
                    <ns2:FlatDoorNo>123</ns2:FlatDoorNo>
                    <ns2:PremisesName>ABC</ns2:PremisesName>
                    <ns2:RoadOrStreet>ABC ROAD</ns2:RoadOrStreet>
                    <ns2:LocalityOrArea>Mumbai</ns2:LocalityOrArea>
                    <ns2:CityOrTownOrDistrict>Mumbai</ns2:CityOrTownOrDistrict>
                    <ns2:StateCode>19</ns2:StateCode>
                    <ns2:PinCode>400027</ns2:PinCode>
                    <ns2:EmailAddress>cb2668@canarabank.com</ns2:EmailAddress>
                    <ns2:STDcode></ns2:STDcode>
                    <ns2:PhoneNo></ns2:PhoneNo>
                    <ns2:MobileNo>9917026284</ns2:MobileNo>
                    <ns2:TaxAssessedFlag>N</ns2:TaxAssessedFlag>
                    <ns2:LatestAsstYr></ns2:LatestAsstYr>
                    <ns2:EstimatedInc>33864</ns2:EstimatedInc>
                    <ns2:EstimatedTotalIncPrvYr>33864</ns2:EstimatedTotalIncPrvYr>
                    <ns2:TotalNoOfForm15g>1</ns2:TotalNoOfForm15g>
                    <ns2:AggregateAmtForm15g>33864</ns2:AggregateAmtForm15g>
                    <ns2:UniqueIdNumber>G009581275201819MUMC14758C</ns2:UniqueIdNumber>
                    <ns2:DeclarationDate>2018-07-18</ns2:DeclarationDate>
                    <ns2:AmtOfIncPaid>33864</ns2:AmtOfIncPaid>
                    <ns2:DateIncPaid>2018-09-30</ns2:DateIncPaid>
                    <ns2:RecordType></ns2:RecordType>
                </ns2:Basicdtls>
                <ns2:IncomeDtls>
                    <ns2:IncomeDtl>
                        <ns2:SrlNo>115</ns2:SrlNo>
                        <ns2:IdenficationNum>9581275</ns2:IdenficationNum>
                        <ns2:NatureOfInc>Interest other than Interest on securities</ns2:NatureOfInc>
                        <ns2:DeductSection>194A</ns2:DeductSection>
                        <ns2:AmtOfInc>33864</ns2:AmtOfInc>
                    </ns2:IncomeDtl>
                </ns2:IncomeDtls>
            </ns2:Part1>
            <ns2:Part1>
                <ns2:Basicdtls>
                    <ns2:AssesseeName>JAMES NATARAJAN</ns2:AssesseeName>
                    <ns2:AssesseePAN>AQZPN8329A</ns2:AssesseePAN>
                    <ns2:Status>1</ns2:Status>
                    <ns2:ResidentialStatus>RES</ns2:ResidentialStatus>
                    <ns2:PreviousYr>2018</ns2:PreviousYr>
                    <ns2:FlatDoorNo>123</ns2:FlatDoorNo>
                    <ns2:PremisesName>ABC</ns2:PremisesName>
                    <ns2:RoadOrStreet>ABC ROAD</ns2:RoadOrStreet>
                    <ns2:LocalityOrArea>Mumbai</ns2:LocalityOrArea>
                    <ns2:CityOrTownOrDistrict>Mumbai</ns2:CityOrTownOrDistrict>
                    <ns2:StateCode>19</ns2:StateCode>
                    <ns2:PinCode>400027</ns2:PinCode>
                    <ns2:EmailAddress>cb2668@canarabank.com</ns2:EmailAddress>
                    <ns2:STDcode></ns2:STDcode>
                    <ns2:PhoneNo></ns2:PhoneNo>
                    <ns2:MobileNo>9917026284</ns2:MobileNo>
                    <ns2:TaxAssessedFlag>N</ns2:TaxAssessedFlag>
                    <ns2:LatestAsstYr></ns2:LatestAsstYr>
                    <ns2:EstimatedInc>42673</ns2:EstimatedInc>
                    <ns2:EstimatedTotalIncPrvYr>42673</ns2:EstimatedTotalIncPrvYr>
                    <ns2:TotalNoOfForm15g>1</ns2:TotalNoOfForm15g>
                    <ns2:AggregateAmtForm15g>42673</ns2:AggregateAmtForm15g>
                    <ns2:UniqueIdNumber>G009581585201819MUMC14758C</ns2:UniqueIdNumber>
                    <ns2:DeclarationDate>2018-07-04</ns2:DeclarationDate>
                    <ns2:AmtOfIncPaid>42673</ns2:AmtOfIncPaid>
                    <ns2:DateIncPaid>2018-09-30</ns2:DateIncPaid>
                    <ns2:RecordType></ns2:RecordType>
                </ns2:Basicdtls>
                <ns2:IncomeDtls>
                    <ns2:IncomeDtl>
                        <ns2:SrlNo>116</ns2:SrlNo>
                        <ns2:IdenficationNum>9581585</ns2:IdenficationNum>
                        <ns2:NatureOfInc>Interest other than Interest on securities</ns2:NatureOfInc>
                        <ns2:DeductSection>194A</ns2:DeductSection>
                        <ns2:AmtOfInc>42673</ns2:AmtOfInc>
                    </ns2:IncomeDtl>
                </ns2:IncomeDtls>
            </ns2:Part1>
            <ns2:Part1>
                <ns2:Basicdtls>
                    <ns2:AssesseeName>SUGRA KATHAWALA</ns2:AssesseeName>
                    <ns2:AssesseePAN>AABPK6901D</ns2:AssesseePAN>
                    <ns2:Status>1</ns2:Status>
                    <ns2:ResidentialStatus>RES</ns2:ResidentialStatus>
                    <ns2:PreviousYr>2018</ns2:PreviousYr>
                    <ns2:FlatDoorNo>123</ns2:FlatDoorNo>
                    <ns2:PremisesName>ABC</ns2:PremisesName>
                    <ns2:RoadOrStreet>ABC ROAD</ns2:RoadOrStreet>
                    <ns2:LocalityOrArea>Mumbai</ns2:LocalityOrArea>
                    <ns2:CityOrTownOrDistrict>Mumbai</ns2:CityOrTownOrDistrict>
                    <ns2:StateCode>19</ns2:StateCode>
                    <ns2:PinCode>400027</ns2:PinCode>
                    <ns2:EmailAddress>cb2668@canarabank.com</ns2:EmailAddress>
                    <ns2:STDcode></ns2:STDcode>
                    <ns2:PhoneNo></ns2:PhoneNo>
                    <ns2:MobileNo>9917026284</ns2:MobileNo>
                    <ns2:TaxAssessedFlag>N</ns2:TaxAssessedFlag>
                    <ns2:LatestAsstYr></ns2:LatestAsstYr>
                    <ns2:EstimatedInc>1395</ns2:EstimatedInc>
                    <ns2:EstimatedTotalIncPrvYr>1395</ns2:EstimatedTotalIncPrvYr>
                    <ns2:TotalNoOfForm15g>1</ns2:TotalNoOfForm15g>
                    <ns2:AggregateAmtForm15g>1395</ns2:AggregateAmtForm15g>
                    <ns2:UniqueIdNumber>G009582093201819MUMC14758C</ns2:UniqueIdNumber>
                    <ns2:DeclarationDate>2018-07-19</ns2:DeclarationDate>
                    <ns2:AmtOfIncPaid>1395</ns2:AmtOfIncPaid>
                    <ns2:DateIncPaid>2018-09-30</ns2:DateIncPaid>
                    <ns2:RecordType></ns2:RecordType>
                </ns2:Basicdtls>
                <ns2:IncomeDtls>
                    <ns2:IncomeDtl>
                        <ns2:SrlNo>117</ns2:SrlNo>
                        <ns2:IdenficationNum>9582093</ns2:IdenficationNum>
                        <ns2:NatureOfInc>Interest other than Interest on securities</ns2:NatureOfInc>
                        <ns2:DeductSection>194A</ns2:DeductSection>
                        <ns2:AmtOfInc>1395</ns2:AmtOfInc>
                    </ns2:IncomeDtl>
                </ns2:IncomeDtls>
            </ns2:Part1>
            <ns2:Part1>
                <ns2:Basicdtls>
                    <ns2:AssesseeName>BELA EREMITA MENEZES</ns2:AssesseeName>
                    <ns2:AssesseePAN>AWCPM9207H</ns2:AssesseePAN>
                    <ns2:Status>1</ns2:Status>
                    <ns2:ResidentialStatus>RES</ns2:ResidentialStatus>
                    <ns2:PreviousYr>2018</ns2:PreviousYr>
                    <ns2:FlatDoorNo>123</ns2:FlatDoorNo>
                    <ns2:PremisesName>ABC</ns2:PremisesName>
                    <ns2:RoadOrStreet>ABC ROAD</ns2:RoadOrStreet>
                    <ns2:LocalityOrArea>Mumbai</ns2:LocalityOrArea>
                    <ns2:CityOrTownOrDistrict>Mumbai</ns2:CityOrTownOrDistrict>
                    <ns2:StateCode>19</ns2:StateCode>
                    <ns2:PinCode>400027</ns2:PinCode>
                    <ns2:EmailAddress>cb2668@canarabank.com</ns2:EmailAddress>
                    <ns2:STDcode></ns2:STDcode>
                    <ns2:PhoneNo></ns2:PhoneNo>
                    <ns2:MobileNo>9917026284</ns2:MobileNo>
                    <ns2:TaxAssessedFlag>N</ns2:TaxAssessedFlag>
                    <ns2:LatestAsstYr></ns2:LatestAsstYr>
                    <ns2:EstimatedInc>13008</ns2:EstimatedInc>
                    <ns2:EstimatedTotalIncPrvYr>13008</ns2:EstimatedTotalIncPrvYr>
                    <ns2:TotalNoOfForm15g>1</ns2:TotalNoOfForm15g>
                    <ns2:AggregateAmtForm15g>13008</ns2:AggregateAmtForm15g>
                    <ns2:UniqueIdNumber>G009583409201819MUMC14758C</ns2:UniqueIdNumber>
                    <ns2:DeclarationDate>2018-08-23</ns2:DeclarationDate>
                    <ns2:AmtOfIncPaid>13008</ns2:AmtOfIncPaid>
                    <ns2:DateIncPaid>2018-09-30</ns2:DateIncPaid>
                    <ns2:RecordType></ns2:RecordType>
                </ns2:Basicdtls>
                <ns2:IncomeDtls>
                    <ns2:IncomeDtl>
                        <ns2:SrlNo>118</ns2:SrlNo>
                        <ns2:IdenficationNum>9583409</ns2:IdenficationNum>
                        <ns2:NatureOfInc>Interest other than Interest on securities</ns2:NatureOfInc>
                        <ns2:DeductSection>194A</ns2:DeductSection>
                        <ns2:AmtOfInc>13008</ns2:AmtOfInc>
                    </ns2:IncomeDtl>
                </ns2:IncomeDtls>
            </ns2:Part1>
            <ns2:Part1>
                <ns2:Basicdtls>
                    <ns2:AssesseeName>CHOTELAL M.KURMI</ns2:AssesseeName>
                    <ns2:AssesseePAN>AURPK1149D</ns2:AssesseePAN>
                    <ns2:Status>1</ns2:Status>
                    <ns2:ResidentialStatus>RES</ns2:ResidentialStatus>
                    <ns2:PreviousYr>2018</ns2:PreviousYr>
                    <ns2:FlatDoorNo>123</ns2:FlatDoorNo>
                    <ns2:PremisesName>ABC</ns2:PremisesName>
                    <ns2:RoadOrStreet>ABC ROAD</ns2:RoadOrStreet>
                    <ns2:LocalityOrArea>Mumbai</ns2:LocalityOrArea>
                    <ns2:CityOrTownOrDistrict>Mumbai</ns2:CityOrTownOrDistrict>
                    <ns2:StateCode>19</ns2:StateCode>
                    <ns2:PinCode>400027</ns2:PinCode>
                    <ns2:EmailAddress>cb2668@canarabank.com</ns2:EmailAddress>
                    <ns2:STDcode></ns2:STDcode>
                    <ns2:PhoneNo></ns2:PhoneNo>
                    <ns2:MobileNo>9917026284</ns2:MobileNo>
                    <ns2:TaxAssessedFlag>N</ns2:TaxAssessedFlag>
                    <ns2:LatestAsstYr></ns2:LatestAsstYr>
                    <ns2:EstimatedInc>18444</ns2:EstimatedInc>
                    <ns2:EstimatedTotalIncPrvYr>18444</ns2:EstimatedTotalIncPrvYr>
                    <ns2:TotalNoOfForm15g>1</ns2:TotalNoOfForm15g>
                    <ns2:AggregateAmtForm15g>18444</ns2:AggregateAmtForm15g>
                    <ns2:UniqueIdNumber>G009585064201819MUMC14758C</ns2:UniqueIdNumber>
                    <ns2:DeclarationDate>2018-07-23</ns2:DeclarationDate>
                    <ns2:AmtOfIncPaid>18444</ns2:AmtOfIncPaid>
                    <ns2:DateIncPaid>2018-09-30</ns2:DateIncPaid>
                    <ns2:RecordType></ns2:RecordType>
                </ns2:Basicdtls>
                <ns2:IncomeDtls>
                    <ns2:IncomeDtl>
                        <ns2:SrlNo>119</ns2:SrlNo>
                        <ns2:IdenficationNum>9585064</ns2:IdenficationNum>
                        <ns2:NatureOfInc>Interest other than Interest on securities</ns2:NatureOfInc>
                        <ns2:DeductSection>194A</ns2:DeductSection>
                        <ns2:AmtOfInc>18444</ns2:AmtOfInc>
                    </ns2:IncomeDtl>
                </ns2:IncomeDtls>
            </ns2:Part1>
            <ns2:Part1>
                <ns2:Basicdtls>
                    <ns2:AssesseeName>MOMINABI A SATTAR KHAN</ns2:AssesseeName>
                    <ns2:AssesseePAN>GJGPK9670F</ns2:AssesseePAN>
                    <ns2:Status>1</ns2:Status>
                    <ns2:ResidentialStatus>RES</ns2:ResidentialStatus>
                    <ns2:PreviousYr>2018</ns2:PreviousYr>
                    <ns2:FlatDoorNo>123</ns2:FlatDoorNo>
                    <ns2:PremisesName>ABC</ns2:PremisesName>
                    <ns2:RoadOrStreet>ABC ROAD</ns2:RoadOrStreet>
                    <ns2:LocalityOrArea>Mumbai</ns2:LocalityOrArea>
                    <ns2:CityOrTownOrDistrict>Mumbai</ns2:CityOrTownOrDistrict>
                    <ns2:StateCode>19</ns2:StateCode>
                    <ns2:PinCode>400027</ns2:PinCode>
                    <ns2:EmailAddress>cb2668@canarabank.com</ns2:EmailAddress>
                    <ns2:STDcode></ns2:STDcode>
                    <ns2:PhoneNo></ns2:PhoneNo>
                    <ns2:MobileNo>9917026284</ns2:MobileNo>
                    <ns2:TaxAssessedFlag>N</ns2:TaxAssessedFlag>
                    <ns2:LatestAsstYr></ns2:LatestAsstYr>
                    <ns2:EstimatedInc>65047</ns2:EstimatedInc>
                    <ns2:EstimatedTotalIncPrvYr>65047</ns2:EstimatedTotalIncPrvYr>
                    <ns2:TotalNoOfForm15g>1</ns2:TotalNoOfForm15g>
                    <ns2:AggregateAmtForm15g>65047</ns2:AggregateAmtForm15g>
                    <ns2:UniqueIdNumber>G009590123201819MUMC14758C</ns2:UniqueIdNumber>
                    <ns2:DeclarationDate>2018-07-11</ns2:DeclarationDate>
                    <ns2:AmtOfIncPaid>65047</ns2:AmtOfIncPaid>
                    <ns2:DateIncPaid>2018-09-30</ns2:DateIncPaid>
                    <ns2:RecordType></ns2:RecordType>
                </ns2:Basicdtls>
                <ns2:IncomeDtls>
                    <ns2:IncomeDtl>
                        <ns2:SrlNo>120</ns2:SrlNo>
                        <ns2:IdenficationNum>9590123</ns2:IdenficationNum>
                        <ns2:NatureOfInc>Interest other than Interest on securities</ns2:NatureOfInc>
                        <ns2:DeductSection>194A</ns2:DeductSection>
                        <ns2:AmtOfInc>65047</ns2:AmtOfInc>
                    </ns2:IncomeDtl>
                </ns2:IncomeDtls>
            </ns2:Part1>
            <ns2:Part1>
                <ns2:Basicdtls>
                    <ns2:AssesseeName>BILQUIS MEERAN</ns2:AssesseeName>
                    <ns2:AssesseePAN>AFFPM8830C</ns2:AssesseePAN>
                    <ns2:Status>1</ns2:Status>
                    <ns2:ResidentialStatus>RES</ns2:ResidentialStatus>
                    <ns2:PreviousYr>2018</ns2:PreviousYr>
                    <ns2:FlatDoorNo>123</ns2:FlatDoorNo>
                    <ns2:PremisesName>ABC</ns2:PremisesName>
                    <ns2:RoadOrStreet>ABC ROAD</ns2:RoadOrStreet>
                    <ns2:LocalityOrArea>Mumbai</ns2:LocalityOrArea>
                    <ns2:CityOrTownOrDistrict>Mumbai</ns2:CityOrTownOrDistrict>
                    <ns2:StateCode>19</ns2:StateCode>
                    <ns2:PinCode>400027</ns2:PinCode>
                    <ns2:EmailAddress>cb2668@canarabank.com</ns2:EmailAddress>
                    <ns2:STDcode></ns2:STDcode>
                    <ns2:PhoneNo></ns2:PhoneNo>
                    <ns2:MobileNo>9917026284</ns2:MobileNo>
                    <ns2:TaxAssessedFlag>N</ns2:TaxAssessedFlag>
                    <ns2:LatestAsstYr></ns2:LatestAsstYr>
                    <ns2:EstimatedInc>12736</ns2:EstimatedInc>
                    <ns2:EstimatedTotalIncPrvYr>12736</ns2:EstimatedTotalIncPrvYr>
                    <ns2:TotalNoOfForm15g>1</ns2:TotalNoOfForm15g>
                    <ns2:AggregateAmtForm15g>12736</ns2:AggregateAmtForm15g>
                    <ns2:UniqueIdNumber>G009591989201819MUMC14758C</ns2:UniqueIdNumber>
                    <ns2:DeclarationDate>2018-08-18</ns2:DeclarationDate>
                    <ns2:AmtOfIncPaid>12736</ns2:AmtOfIncPaid>
                    <ns2:DateIncPaid>2018-09-30</ns2:DateIncPaid>
                    <ns2:RecordType></ns2:RecordType>
                </ns2:Basicdtls>
                <ns2:IncomeDtls>
                    <ns2:IncomeDtl>
                        <ns2:SrlNo>121</ns2:SrlNo>
                        <ns2:IdenficationNum>9591989</ns2:IdenficationNum>
                        <ns2:NatureOfInc>Interest other than Interest on securities</ns2:NatureOfInc>
                        <ns2:DeductSection>194A</ns2:DeductSection>
                        <ns2:AmtOfInc>12736</ns2:AmtOfInc>
                    </ns2:IncomeDtl>
                </ns2:IncomeDtls>
            </ns2:Part1>
            <ns2:Part1>
                <ns2:Basicdtls>
                    <ns2:AssesseeName>EKNATH G KANSE</ns2:AssesseeName>
                    <ns2:AssesseePAN>AHIPK5275G</ns2:AssesseePAN>
                    <ns2:Status>1</ns2:Status>
                    <ns2:ResidentialStatus>RES</ns2:ResidentialStatus>
                    <ns2:PreviousYr>2018</ns2:PreviousYr>
                    <ns2:FlatDoorNo>123</ns2:FlatDoorNo>
                    <ns2:PremisesName>ABC</ns2:PremisesName>
                    <ns2:RoadOrStreet>ABC ROAD</ns2:RoadOrStreet>
                    <ns2:LocalityOrArea>Mumbai</ns2:LocalityOrArea>
                    <ns2:CityOrTownOrDistrict>Mumbai</ns2:CityOrTownOrDistrict>
                    <ns2:StateCode>19</ns2:StateCode>
                    <ns2:PinCode>400027</ns2:PinCode>
                    <ns2:EmailAddress>cb2668@canarabank.com</ns2:EmailAddress>
                    <ns2:STDcode></ns2:STDcode>
                    <ns2:PhoneNo></ns2:PhoneNo>
                    <ns2:MobileNo>9917026284</ns2:MobileNo>
                    <ns2:TaxAssessedFlag>N</ns2:TaxAssessedFlag>
                    <ns2:LatestAsstYr></ns2:LatestAsstYr>
                    <ns2:EstimatedInc>71328</ns2:EstimatedInc>
                    <ns2:EstimatedTotalIncPrvYr>71328</ns2:EstimatedTotalIncPrvYr>
                    <ns2:TotalNoOfForm15g>1</ns2:TotalNoOfForm15g>
                    <ns2:AggregateAmtForm15g>71328</ns2:AggregateAmtForm15g>
                    <ns2:UniqueIdNumber>G009603158201819MUMC14758C</ns2:UniqueIdNumber>
                    <ns2:DeclarationDate>2018-08-27</ns2:DeclarationDate>
                    <ns2:AmtOfIncPaid>71328</ns2:AmtOfIncPaid>
                    <ns2:DateIncPaid>2018-09-30</ns2:DateIncPaid>
                    <ns2:RecordType></ns2:RecordType>
                </ns2:Basicdtls>
                <ns2:IncomeDtls>
                    <ns2:IncomeDtl>
                        <ns2:SrlNo>122</ns2:SrlNo>
                        <ns2:IdenficationNum>9603158</ns2:IdenficationNum>
                        <ns2:NatureOfInc>Interest other than Interest on securities</ns2:NatureOfInc>
                        <ns2:DeductSection>194A</ns2:DeductSection>
                        <ns2:AmtOfInc>71328</ns2:AmtOfInc>
                    </ns2:IncomeDtl>
                </ns2:IncomeDtls>
            </ns2:Part1>
            <ns2:Part1>
                <ns2:Basicdtls>
                    <ns2:AssesseeName>TUKARAM VISHNU RANE</ns2:AssesseeName>
                    <ns2:AssesseePAN>AHAPR6600G</ns2:AssesseePAN>
                    <ns2:Status>1</ns2:Status>
                    <ns2:ResidentialStatus>RES</ns2:ResidentialStatus>
                    <ns2:PreviousYr>2018</ns2:PreviousYr>
                    <ns2:FlatDoorNo>123</ns2:FlatDoorNo>
                    <ns2:PremisesName>ABC</ns2:PremisesName>
                    <ns2:RoadOrStreet>ABC ROAD</ns2:RoadOrStreet>
                    <ns2:LocalityOrArea>Mumbai</ns2:LocalityOrArea>
                    <ns2:CityOrTownOrDistrict>Mumbai</ns2:CityOrTownOrDistrict>
                    <ns2:StateCode>19</ns2:StateCode>
                    <ns2:PinCode>400027</ns2:PinCode>
                    <ns2:EmailAddress>cb2668@canarabank.com</ns2:EmailAddress>
                    <ns2:STDcode></ns2:STDcode>
                    <ns2:PhoneNo></ns2:PhoneNo>
                    <ns2:MobileNo>9917026284</ns2:MobileNo>
                    <ns2:TaxAssessedFlag>N</ns2:TaxAssessedFlag>
                    <ns2:LatestAsstYr></ns2:LatestAsstYr>
                    <ns2:EstimatedInc>127109</ns2:EstimatedInc>
                    <ns2:EstimatedTotalIncPrvYr>127109</ns2:EstimatedTotalIncPrvYr>
                    <ns2:TotalNoOfForm15g>1</ns2:TotalNoOfForm15g>
                    <ns2:AggregateAmtForm15g>127109</ns2:AggregateAmtForm15g>
                    <ns2:UniqueIdNumber>G009610262201819MUMC14758C</ns2:UniqueIdNumber>
                    <ns2:DeclarationDate>2018-08-18</ns2:DeclarationDate>
                    <ns2:AmtOfIncPaid>127109</ns2:AmtOfIncPaid>
                    <ns2:DateIncPaid>2018-09-30</ns2:DateIncPaid>
                    <ns2:RecordType></ns2:RecordType>
                </ns2:Basicdtls>
                <ns2:IncomeDtls>
                    <ns2:IncomeDtl>
                        <ns2:SrlNo>123</ns2:SrlNo>
                        <ns2:IdenficationNum>9610262</ns2:IdenficationNum>
                        <ns2:NatureOfInc>Interest other than Interest on securities</ns2:NatureOfInc>
                        <ns2:DeductSection>194A</ns2:DeductSection>
                        <ns2:AmtOfInc>127109</ns2:AmtOfInc>
                    </ns2:IncomeDtl>
                </ns2:IncomeDtls>
            </ns2:Part1>
            <ns2:Part1>
                <ns2:Basicdtls>
                    <ns2:AssesseeName>HIMALEE HEMANT SAWANT</ns2:AssesseeName>
                    <ns2:AssesseePAN>CMIPS6147J</ns2:AssesseePAN>
                    <ns2:Status>1</ns2:Status>
                    <ns2:ResidentialStatus>RES</ns2:ResidentialStatus>
                    <ns2:PreviousYr>2018</ns2:PreviousYr>
                    <ns2:FlatDoorNo>123</ns2:FlatDoorNo>
                    <ns2:PremisesName>ABC</ns2:PremisesName>
                    <ns2:RoadOrStreet>ABC ROAD</ns2:RoadOrStreet>
                    <ns2:LocalityOrArea>Mumbai</ns2:LocalityOrArea>
                    <ns2:CityOrTownOrDistrict>Mumbai</ns2:CityOrTownOrDistrict>
                    <ns2:StateCode>19</ns2:StateCode>
                    <ns2:PinCode>400027</ns2:PinCode>
                    <ns2:EmailAddress>cb2668@canarabank.com</ns2:EmailAddress>
                    <ns2:STDcode></ns2:STDcode>
                    <ns2:PhoneNo></ns2:PhoneNo>
                    <ns2:MobileNo>9917026284</ns2:MobileNo>
                    <ns2:TaxAssessedFlag>N</ns2:TaxAssessedFlag>
                    <ns2:LatestAsstYr></ns2:LatestAsstYr>
                    <ns2:EstimatedInc>5102</ns2:EstimatedInc>
                    <ns2:EstimatedTotalIncPrvYr>5102</ns2:EstimatedTotalIncPrvYr>
                    <ns2:TotalNoOfForm15g>1</ns2:TotalNoOfForm15g>
                    <ns2:AggregateAmtForm15g>5102</ns2:AggregateAmtForm15g>
                    <ns2:UniqueIdNumber>G009610442201819MUMC14758C</ns2:UniqueIdNumber>
                    <ns2:DeclarationDate>2018-07-09</ns2:DeclarationDate>
                    <ns2:AmtOfIncPaid>5102</ns2:AmtOfIncPaid>
                    <ns2:DateIncPaid>2018-09-30</ns2:DateIncPaid>
                    <ns2:RecordType></ns2:RecordType>
                </ns2:Basicdtls>
                <ns2:IncomeDtls>
                    <ns2:IncomeDtl>
                        <ns2:SrlNo>124</ns2:SrlNo>
                        <ns2:IdenficationNum>9610442</ns2:IdenficationNum>
                        <ns2:NatureOfInc>Interest other than Interest on securities</ns2:NatureOfInc>
                        <ns2:DeductSection>194A</ns2:DeductSection>
                        <ns2:AmtOfInc>5102</ns2:AmtOfInc>
                    </ns2:IncomeDtl>
                </ns2:IncomeDtls>
            </ns2:Part1>
            <ns2:Part1>
                <ns2:Basicdtls>
                    <ns2:AssesseeName>YOGITA PRASHANT KULKARNI</ns2:AssesseeName>
                    <ns2:AssesseePAN>AOQPP2701R</ns2:AssesseePAN>
                    <ns2:Status>1</ns2:Status>
                    <ns2:ResidentialStatus>RES</ns2:ResidentialStatus>
                    <ns2:PreviousYr>2018</ns2:PreviousYr>
                    <ns2:FlatDoorNo>123</ns2:FlatDoorNo>
                    <ns2:PremisesName>ABC</ns2:PremisesName>
                    <ns2:RoadOrStreet>ABC ROAD</ns2:RoadOrStreet>
                    <ns2:LocalityOrArea>Mumbai</ns2:LocalityOrArea>
                    <ns2:CityOrTownOrDistrict>Mumbai</ns2:CityOrTownOrDistrict>
                    <ns2:StateCode>19</ns2:StateCode>
                    <ns2:PinCode>400027</ns2:PinCode>
                    <ns2:EmailAddress>cb2668@canarabank.com</ns2:EmailAddress>
                    <ns2:STDcode></ns2:STDcode>
                    <ns2:PhoneNo></ns2:PhoneNo>
                    <ns2:MobileNo>9917026284</ns2:MobileNo>
                    <ns2:TaxAssessedFlag>N</ns2:TaxAssessedFlag>
                    <ns2:LatestAsstYr></ns2:LatestAsstYr>
                    <ns2:EstimatedInc>12526</ns2:EstimatedInc>
                    <ns2:EstimatedTotalIncPrvYr>12526</ns2:EstimatedTotalIncPrvYr>
                    <ns2:TotalNoOfForm15g>1</ns2:TotalNoOfForm15g>
                    <ns2:AggregateAmtForm15g>12526</ns2:AggregateAmtForm15g>
                    <ns2:UniqueIdNumber>G009611796201819MUMC14758C</ns2:UniqueIdNumber>
                    <ns2:DeclarationDate>2018-08-30</ns2:DeclarationDate>
                    <ns2:AmtOfIncPaid>12526</ns2:AmtOfIncPaid>
                    <ns2:DateIncPaid>2018-09-30</ns2:DateIncPaid>
                    <ns2:RecordType></ns2:RecordType>
                </ns2:Basicdtls>
                <ns2:IncomeDtls>
                    <ns2:IncomeDtl>
                        <ns2:SrlNo>125</ns2:SrlNo>
                        <ns2:IdenficationNum>9611796</ns2:IdenficationNum>
                        <ns2:NatureOfInc>Interest other than Interest on securities</ns2:NatureOfInc>
                        <ns2:DeductSection>194A</ns2:DeductSection>
                        <ns2:AmtOfInc>12526</ns2:AmtOfInc>
                    </ns2:IncomeDtl>
                </ns2:IncomeDtls>
            </ns2:Part1>
            <ns2:Part1>
                <ns2:Basicdtls>
                    <ns2:AssesseeName>MANGAL SHIVAJI BAIT</ns2:AssesseeName>
                    <ns2:AssesseePAN>AHUPB8801H</ns2:AssesseePAN>
                    <ns2:Status>1</ns2:Status>
                    <ns2:ResidentialStatus>RES</ns2:ResidentialStatus>
                    <ns2:PreviousYr>2018</ns2:PreviousYr>
                    <ns2:FlatDoorNo>123</ns2:FlatDoorNo>
                    <ns2:PremisesName>ABC</ns2:PremisesName>
                    <ns2:RoadOrStreet>ABC ROAD</ns2:RoadOrStreet>
                    <ns2:LocalityOrArea>Mumbai</ns2:LocalityOrArea>
                    <ns2:CityOrTownOrDistrict>Mumbai</ns2:CityOrTownOrDistrict>
                    <ns2:StateCode>19</ns2:StateCode>
                    <ns2:PinCode>400027</ns2:PinCode>
                    <ns2:EmailAddress>cb2668@canarabank.com</ns2:EmailAddress>
                    <ns2:STDcode></ns2:STDcode>
                    <ns2:PhoneNo></ns2:PhoneNo>
                    <ns2:MobileNo>9917026284</ns2:MobileNo>
                    <ns2:TaxAssessedFlag>N</ns2:TaxAssessedFlag>
                    <ns2:LatestAsstYr></ns2:LatestAsstYr>
                    <ns2:EstimatedInc>8479</ns2:EstimatedInc>
                    <ns2:EstimatedTotalIncPrvYr>8479</ns2:EstimatedTotalIncPrvYr>
                    <ns2:TotalNoOfForm15g>1</ns2:TotalNoOfForm15g>
                    <ns2:AggregateAmtForm15g>8479</ns2:AggregateAmtForm15g>
                    <ns2:UniqueIdNumber>G009611855201819MUMC14758C</ns2:UniqueIdNumber>
                    <ns2:DeclarationDate>2018-08-03</ns2:DeclarationDate>
                    <ns2:AmtOfIncPaid>8479</ns2:AmtOfIncPaid>
                    <ns2:DateIncPaid>2018-09-30</ns2:DateIncPaid>
                    <ns2:RecordType></ns2:RecordType>
                </ns2:Basicdtls>
                <ns2:IncomeDtls>
                    <ns2:IncomeDtl>
                        <ns2:SrlNo>126</ns2:SrlNo>
                        <ns2:IdenficationNum>9611855</ns2:IdenficationNum>
                        <ns2:NatureOfInc>Interest other than Interest on securities</ns2:NatureOfInc>
                        <ns2:DeductSection>194A</ns2:DeductSection>
                        <ns2:AmtOfInc>8479</ns2:AmtOfInc>
                    </ns2:IncomeDtl>
                </ns2:IncomeDtls>
            </ns2:Part1>
            <ns2:Part1>
                <ns2:Basicdtls>
                    <ns2:AssesseeName>ZARINA HUSSAIN KAZI</ns2:AssesseeName>
                    <ns2:AssesseePAN>AMWPK0312M</ns2:AssesseePAN>
                    <ns2:Status>1</ns2:Status>
                    <ns2:ResidentialStatus>RES</ns2:ResidentialStatus>
                    <ns2:PreviousYr>2018</ns2:PreviousYr>
                    <ns2:FlatDoorNo>123</ns2:FlatDoorNo>
                    <ns2:PremisesName>ABC</ns2:PremisesName>
                    <ns2:RoadOrStreet>ABC ROAD</ns2:RoadOrStreet>
                    <ns2:LocalityOrArea>Mumbai</ns2:LocalityOrArea>
                    <ns2:CityOrTownOrDistrict>Mumbai</ns2:CityOrTownOrDistrict>
                    <ns2:StateCode>19</ns2:StateCode>
                    <ns2:PinCode>400027</ns2:PinCode>
                    <ns2:EmailAddress>cb2668@canarabank.com</ns2:EmailAddress>
                    <ns2:STDcode></ns2:STDcode>
                    <ns2:PhoneNo></ns2:PhoneNo>
                    <ns2:MobileNo>9917026284</ns2:MobileNo>
                    <ns2:TaxAssessedFlag>N</ns2:TaxAssessedFlag>
                    <ns2:LatestAsstYr></ns2:LatestAsstYr>
                    <ns2:EstimatedInc>14116</ns2:EstimatedInc>
                    <ns2:EstimatedTotalIncPrvYr>14116</ns2:EstimatedTotalIncPrvYr>
                    <ns2:TotalNoOfForm15g>1</ns2:TotalNoOfForm15g>
                    <ns2:AggregateAmtForm15g>14116</ns2:AggregateAmtForm15g>
                    <ns2:UniqueIdNumber>G009615193201819MUMC14758C</ns2:UniqueIdNumber>
                    <ns2:DeclarationDate>2018-07-13</ns2:DeclarationDate>
                    <ns2:AmtOfIncPaid>14116</ns2:AmtOfIncPaid>
                    <ns2:DateIncPaid>2018-09-30</ns2:DateIncPaid>
                    <ns2:RecordType></ns2:RecordType>
                </ns2:Basicdtls>
                <ns2:IncomeDtls>
                    <ns2:IncomeDtl>
                        <ns2:SrlNo>127</ns2:SrlNo>
                        <ns2:IdenficationNum>9615193</ns2:IdenficationNum>
                        <ns2:NatureOfInc>Interest other than Interest on securities</ns2:NatureOfInc>
                        <ns2:DeductSection>194A</ns2:DeductSection>
                        <ns2:AmtOfInc>14116</ns2:AmtOfInc>
                    </ns2:IncomeDtl>
                </ns2:IncomeDtls>
            </ns2:Part1>
            <ns2:Part1>
                <ns2:Basicdtls>
                    <ns2:AssesseeName>ALLENE  JORGE</ns2:AssesseeName>
                    <ns2:AssesseePAN>BAKPG5830P</ns2:AssesseePAN>
                    <ns2:Status>1</ns2:Status>
                    <ns2:ResidentialStatus>RES</ns2:ResidentialStatus>
                    <ns2:PreviousYr>2018</ns2:PreviousYr>
                    <ns2:FlatDoorNo>123</ns2:FlatDoorNo>
                    <ns2:PremisesName>ABC</ns2:PremisesName>
                    <ns2:RoadOrStreet>ABC ROAD</ns2:RoadOrStreet>
                    <ns2:LocalityOrArea>Mumbai</ns2:LocalityOrArea>
                    <ns2:CityOrTownOrDistrict>Mumbai</ns2:CityOrTownOrDistrict>
                    <ns2:StateCode>19</ns2:StateCode>
                    <ns2:PinCode>400027</ns2:PinCode>
                    <ns2:EmailAddress>cb2668@canarabank.com</ns2:EmailAddress>
                    <ns2:STDcode></ns2:STDcode>
                    <ns2:PhoneNo></ns2:PhoneNo>
                    <ns2:MobileNo>9917026284</ns2:MobileNo>
                    <ns2:TaxAssessedFlag>N</ns2:TaxAssessedFlag>
                    <ns2:LatestAsstYr></ns2:LatestAsstYr>
                    <ns2:EstimatedInc>13040</ns2:EstimatedInc>
                    <ns2:EstimatedTotalIncPrvYr>13040</ns2:EstimatedTotalIncPrvYr>
                    <ns2:TotalNoOfForm15g>1</ns2:TotalNoOfForm15g>
                    <ns2:AggregateAmtForm15g>13040</ns2:AggregateAmtForm15g>
                    <ns2:UniqueIdNumber>G009616844201819MUMC14758C</ns2:UniqueIdNumber>
                    <ns2:DeclarationDate>2018-07-20</ns2:DeclarationDate>
                    <ns2:AmtOfIncPaid>13040</ns2:AmtOfIncPaid>
                    <ns2:DateIncPaid>2018-09-30</ns2:DateIncPaid>
                    <ns2:RecordType></ns2:RecordType>
                </ns2:Basicdtls>
                <ns2:IncomeDtls>
                    <ns2:IncomeDtl>
                        <ns2:SrlNo>128</ns2:SrlNo>
                        <ns2:IdenficationNum>9616844</ns2:IdenficationNum>
                        <ns2:NatureOfInc>Interest other than Interest on securities</ns2:NatureOfInc>
                        <ns2:DeductSection>194A</ns2:DeductSection>
                        <ns2:AmtOfInc>13040</ns2:AmtOfInc>
                    </ns2:IncomeDtl>
                </ns2:IncomeDtls>
            </ns2:Part1>
            <ns2:Part1>
                <ns2:Basicdtls>
                    <ns2:AssesseeName>walji shamji boricha</ns2:AssesseeName>
                    <ns2:AssesseePAN>ALYPB2539E</ns2:AssesseePAN>
                    <ns2:Status>1</ns2:Status>
                    <ns2:ResidentialStatus>RES</ns2:ResidentialStatus>
                    <ns2:PreviousYr>2018</ns2:PreviousYr>
                    <ns2:FlatDoorNo>123</ns2:FlatDoorNo>
                    <ns2:PremisesName>ABC</ns2:PremisesName>
                    <ns2:RoadOrStreet>ABC ROAD</ns2:RoadOrStreet>
                    <ns2:LocalityOrArea>Mumbai</ns2:LocalityOrArea>
                    <ns2:CityOrTownOrDistrict>Mumbai</ns2:CityOrTownOrDistrict>
                    <ns2:StateCode>19</ns2:StateCode>
                    <ns2:PinCode>400027</ns2:PinCode>
                    <ns2:EmailAddress>cb2668@canarabank.com</ns2:EmailAddress>
                    <ns2:STDcode></ns2:STDcode>
                    <ns2:PhoneNo></ns2:PhoneNo>
                    <ns2:MobileNo>9917026284</ns2:MobileNo>
                    <ns2:TaxAssessedFlag>N</ns2:TaxAssessedFlag>
                    <ns2:LatestAsstYr></ns2:LatestAsstYr>
                    <ns2:EstimatedInc>54078</ns2:EstimatedInc>
                    <ns2:EstimatedTotalIncPrvYr>54078</ns2:EstimatedTotalIncPrvYr>
                    <ns2:TotalNoOfForm15g>1</ns2:TotalNoOfForm15g>
                    <ns2:AggregateAmtForm15g>54078</ns2:AggregateAmtForm15g>
                    <ns2:UniqueIdNumber>G028023382201819MUMC14758C</ns2:UniqueIdNumber>
                    <ns2:DeclarationDate>2018-07-16</ns2:DeclarationDate>
                    <ns2:AmtOfIncPaid>54078</ns2:AmtOfIncPaid>
                    <ns2:DateIncPaid>2018-09-30</ns2:DateIncPaid>
                    <ns2:RecordType></ns2:RecordType>
                </ns2:Basicdtls>
                <ns2:IncomeDtls>
                    <ns2:IncomeDtl>
                        <ns2:SrlNo>129</ns2:SrlNo>
                        <ns2:IdenficationNum>28023382</ns2:IdenficationNum>
                        <ns2:NatureOfInc>Interest other than Interest on securities</ns2:NatureOfInc>
                        <ns2:DeductSection>194A</ns2:DeductSection>
                        <ns2:AmtOfInc>54078</ns2:AmtOfInc>
                    </ns2:IncomeDtl>
                </ns2:IncomeDtls>
            </ns2:Part1>
            <ns2:Part1>
                <ns2:Basicdtls>
                    <ns2:AssesseeName>NEHA AJAY ADHATRAO</ns2:AssesseeName>
                    <ns2:AssesseePAN>ALJPA3762F</ns2:AssesseePAN>
                    <ns2:Status>1</ns2:Status>
                    <ns2:ResidentialStatus>RES</ns2:ResidentialStatus>
                    <ns2:PreviousYr>2018</ns2:PreviousYr>
                    <ns2:FlatDoorNo>123</ns2:FlatDoorNo>
                    <ns2:PremisesName>ABC</ns2:PremisesName>
                    <ns2:RoadOrStreet>ABC ROAD</ns2:RoadOrStreet>
                    <ns2:LocalityOrArea>Mumbai</ns2:LocalityOrArea>
                    <ns2:CityOrTownOrDistrict>Mumbai</ns2:CityOrTownOrDistrict>
                    <ns2:StateCode>19</ns2:StateCode>
                    <ns2:PinCode>400027</ns2:PinCode>
                    <ns2:EmailAddress>cb2668@canarabank.com</ns2:EmailAddress>
                    <ns2:STDcode></ns2:STDcode>
                    <ns2:PhoneNo></ns2:PhoneNo>
                    <ns2:MobileNo>9917026284</ns2:MobileNo>
                    <ns2:TaxAssessedFlag>N</ns2:TaxAssessedFlag>
                    <ns2:LatestAsstYr></ns2:LatestAsstYr>
                    <ns2:EstimatedInc>90411</ns2:EstimatedInc>
                    <ns2:EstimatedTotalIncPrvYr>90411</ns2:EstimatedTotalIncPrvYr>
                    <ns2:TotalNoOfForm15g>1</ns2:TotalNoOfForm15g>
                    <ns2:AggregateAmtForm15g>90411</ns2:AggregateAmtForm15g>
                    <ns2:UniqueIdNumber>G028319563201819MUMC14758C</ns2:UniqueIdNumber>
                    <ns2:DeclarationDate>2018-07-27</ns2:DeclarationDate>
                    <ns2:AmtOfIncPaid>90411</ns2:AmtOfIncPaid>
                    <ns2:DateIncPaid>2018-09-30</ns2:DateIncPaid>
                    <ns2:RecordType></ns2:RecordType>
                </ns2:Basicdtls>
                <ns2:IncomeDtls>
                    <ns2:IncomeDtl>
                        <ns2:SrlNo>130</ns2:SrlNo>
                        <ns2:IdenficationNum>28319563</ns2:IdenficationNum>
                        <ns2:NatureOfInc>Interest other than Interest on securities</ns2:NatureOfInc>
                        <ns2:DeductSection>194A</ns2:DeductSection>
                        <ns2:AmtOfInc>90411</ns2:AmtOfInc>
                    </ns2:IncomeDtl>
                </ns2:IncomeDtls>
            </ns2:Part1>
            <ns2:Part1>
                <ns2:Basicdtls>
                    <ns2:AssesseeName>KESARBAI WALJI BORICHA</ns2:AssesseeName>
                    <ns2:AssesseePAN>ALYPB2540D</ns2:AssesseePAN>
                    <ns2:Status>1</ns2:Status>
                    <ns2:ResidentialStatus>RES</ns2:ResidentialStatus>
                    <ns2:PreviousYr>2018</ns2:PreviousYr>
                    <ns2:FlatDoorNo>123</ns2:FlatDoorNo>
                    <ns2:PremisesName>ABC</ns2:PremisesName>
                    <ns2:RoadOrStreet>ABC ROAD</ns2:RoadOrStreet>
                    <ns2:LocalityOrArea>Mumbai</ns2:LocalityOrArea>
                    <ns2:CityOrTownOrDistrict>Mumbai</ns2:CityOrTownOrDistrict>
                    <ns2:StateCode>19</ns2:StateCode>
                    <ns2:PinCode>400027</ns2:PinCode>
                    <ns2:EmailAddress>cb2668@canarabank.com</ns2:EmailAddress>
                    <ns2:STDcode></ns2:STDcode>
                    <ns2:PhoneNo></ns2:PhoneNo>
                    <ns2:MobileNo>9917026284</ns2:MobileNo>
                    <ns2:TaxAssessedFlag>N</ns2:TaxAssessedFlag>
                    <ns2:LatestAsstYr></ns2:LatestAsstYr>
                    <ns2:EstimatedInc>46750</ns2:EstimatedInc>
                    <ns2:EstimatedTotalIncPrvYr>46750</ns2:EstimatedTotalIncPrvYr>
                    <ns2:TotalNoOfForm15g>1</ns2:TotalNoOfForm15g>
                    <ns2:AggregateAmtForm15g>46750</ns2:AggregateAmtForm15g>
                    <ns2:UniqueIdNumber>G029054364201819MUMC14758C</ns2:UniqueIdNumber>
                    <ns2:DeclarationDate>2018-07-27</ns2:DeclarationDate>
                    <ns2:AmtOfIncPaid>46750</ns2:AmtOfIncPaid>
                    <ns2:DateIncPaid>2018-09-30</ns2:DateIncPaid>
                    <ns2:RecordType></ns2:RecordType>
                </ns2:Basicdtls>
                <ns2:IncomeDtls>
                    <ns2:IncomeDtl>
                        <ns2:SrlNo>131</ns2:SrlNo>
                        <ns2:IdenficationNum>29054364</ns2:IdenficationNum>
                        <ns2:NatureOfInc>Interest other than Interest on securities</ns2:NatureOfInc>
                        <ns2:DeductSection>194A</ns2:DeductSection>
                        <ns2:AmtOfInc>46750</ns2:AmtOfInc>
                    </ns2:IncomeDtl>
                </ns2:IncomeDtls>
            </ns2:Part1>
            <ns2:Part1>
                <ns2:Basicdtls>
                    <ns2:AssesseeName>ARCHANA PRAVIN POKHARKAR</ns2:AssesseeName>
                    <ns2:AssesseePAN>AMBPB2699B</ns2:AssesseePAN>
                    <ns2:Status>1</ns2:Status>
                    <ns2:ResidentialStatus>RES</ns2:ResidentialStatus>
                    <ns2:PreviousYr>2018</ns2:PreviousYr>
                    <ns2:FlatDoorNo>123</ns2:FlatDoorNo>
                    <ns2:PremisesName>ABC</ns2:PremisesName>
                    <ns2:RoadOrStreet>ABC ROAD</ns2:RoadOrStreet>
                    <ns2:LocalityOrArea>Mumbai</ns2:LocalityOrArea>
                    <ns2:CityOrTownOrDistrict>Mumbai</ns2:CityOrTownOrDistrict>
                    <ns2:StateCode>19</ns2:StateCode>
                    <ns2:PinCode>400027</ns2:PinCode>
                    <ns2:EmailAddress>cb2668@canarabank.com</ns2:EmailAddress>
                    <ns2:STDcode></ns2:STDcode>
                    <ns2:PhoneNo></ns2:PhoneNo>
                    <ns2:MobileNo>9917026284</ns2:MobileNo>
                    <ns2:TaxAssessedFlag>N</ns2:TaxAssessedFlag>
                    <ns2:LatestAsstYr></ns2:LatestAsstYr>
                    <ns2:EstimatedInc>12798</ns2:EstimatedInc>
                    <ns2:EstimatedTotalIncPrvYr>12798</ns2:EstimatedTotalIncPrvYr>
                    <ns2:TotalNoOfForm15g>1</ns2:TotalNoOfForm15g>
                    <ns2:AggregateAmtForm15g>12798</ns2:AggregateAmtForm15g>
                    <ns2:UniqueIdNumber>G030234317201819MUMC14758C</ns2:UniqueIdNumber>
                    <ns2:DeclarationDate>2018-09-06</ns2:DeclarationDate>
                    <ns2:AmtOfIncPaid>12798</ns2:AmtOfIncPaid>
                    <ns2:DateIncPaid>2018-09-30</ns2:DateIncPaid>
                    <ns2:RecordType></ns2:RecordType>
                </ns2:Basicdtls>
                <ns2:IncomeDtls>
                    <ns2:IncomeDtl>
                        <ns2:SrlNo>132</ns2:SrlNo>
                        <ns2:IdenficationNum>30234317</ns2:IdenficationNum>
                        <ns2:NatureOfInc>Interest other than Interest on securities</ns2:NatureOfInc>
                        <ns2:DeductSection>194A</ns2:DeductSection>
                        <ns2:AmtOfInc>12798</ns2:AmtOfInc>
                    </ns2:IncomeDtl>
                </ns2:IncomeDtls>
            </ns2:Part1>
            <ns2:Part1>
                <ns2:Basicdtls>
                    <ns2:AssesseeName>NALINI HARISHCHANDRA MOHITE</ns2:AssesseeName>
                    <ns2:AssesseePAN>AYNPM8770A</ns2:AssesseePAN>
                    <ns2:Status>1</ns2:Status>
                    <ns2:ResidentialStatus>RES</ns2:ResidentialStatus>
                    <ns2:PreviousYr>2018</ns2:PreviousYr>
                    <ns2:FlatDoorNo>123</ns2:FlatDoorNo>
                    <ns2:PremisesName>ABC</ns2:PremisesName>
                    <ns2:RoadOrStreet>ABC ROAD</ns2:RoadOrStreet>
                    <ns2:LocalityOrArea>Mumbai</ns2:LocalityOrArea>
                    <ns2:CityOrTownOrDistrict>Mumbai</ns2:CityOrTownOrDistrict>
                    <ns2:StateCode>19</ns2:StateCode>
                    <ns2:PinCode>400027</ns2:PinCode>
                    <ns2:EmailAddress>cb2668@canarabank.com</ns2:EmailAddress>
                    <ns2:STDcode></ns2:STDcode>
                    <ns2:PhoneNo></ns2:PhoneNo>
                    <ns2:MobileNo>9917026284</ns2:MobileNo>
                    <ns2:TaxAssessedFlag>N</ns2:TaxAssessedFlag>
                    <ns2:LatestAsstYr></ns2:LatestAsstYr>
                    <ns2:EstimatedInc>9470</ns2:EstimatedInc>
                    <ns2:EstimatedTotalIncPrvYr>9470</ns2:EstimatedTotalIncPrvYr>
                    <ns2:TotalNoOfForm15g>1</ns2:TotalNoOfForm15g>
                    <ns2:AggregateAmtForm15g>9470</ns2:AggregateAmtForm15g>
                    <ns2:UniqueIdNumber>G073300004201819MUMC14758C</ns2:UniqueIdNumber>
                    <ns2:DeclarationDate>2018-09-05</ns2:DeclarationDate>
                    <ns2:AmtOfIncPaid>9470</ns2:AmtOfIncPaid>
                    <ns2:DateIncPaid>2018-09-30</ns2:DateIncPaid>
                    <ns2:RecordType></ns2:RecordType>
                </ns2:Basicdtls>
                <ns2:IncomeDtls>
                    <ns2:IncomeDtl>
                        <ns2:SrlNo>133</ns2:SrlNo>
                        <ns2:IdenficationNum>73300004</ns2:IdenficationNum>
                        <ns2:NatureOfInc>Interest other than Interest on securities</ns2:NatureOfInc>
                        <ns2:DeductSection>194A</ns2:DeductSection>
                        <ns2:AmtOfInc>9470</ns2:AmtOfInc>
                    </ns2:IncomeDtl>
                </ns2:IncomeDtls>
            </ns2:Part1>
            <ns2:Part1>
                <ns2:Basicdtls>
                    <ns2:AssesseeName>YUSUF NURUDDIN SAKERWALA</ns2:AssesseeName>
                    <ns2:AssesseePAN>FSFPS3555E</ns2:AssesseePAN>
                    <ns2:Status>1</ns2:Status>
                    <ns2:ResidentialStatus>RES</ns2:ResidentialStatus>
                    <ns2:PreviousYr>2018</ns2:PreviousYr>
                    <ns2:FlatDoorNo>123</ns2:FlatDoorNo>
                    <ns2:PremisesName>ABC</ns2:PremisesName>
                    <ns2:RoadOrStreet>ABC ROAD</ns2:RoadOrStreet>
                    <ns2:LocalityOrArea>Mumbai</ns2:LocalityOrArea>
                    <ns2:CityOrTownOrDistrict>Mumbai</ns2:CityOrTownOrDistrict>
                    <ns2:StateCode>19</ns2:StateCode>
                    <ns2:PinCode>400027</ns2:PinCode>
                    <ns2:EmailAddress>cb2668@canarabank.com</ns2:EmailAddress>
                    <ns2:STDcode></ns2:STDcode>
                    <ns2:PhoneNo></ns2:PhoneNo>
                    <ns2:MobileNo>9917026284</ns2:MobileNo>
                    <ns2:TaxAssessedFlag>N</ns2:TaxAssessedFlag>
                    <ns2:LatestAsstYr></ns2:LatestAsstYr>
                    <ns2:EstimatedInc>71778</ns2:EstimatedInc>
                    <ns2:EstimatedTotalIncPrvYr>71778</ns2:EstimatedTotalIncPrvYr>
                    <ns2:TotalNoOfForm15g>1</ns2:TotalNoOfForm15g>
                    <ns2:AggregateAmtForm15g>71778</ns2:AggregateAmtForm15g>
                    <ns2:UniqueIdNumber>G084574647201819MUMC14758C</ns2:UniqueIdNumber>
                    <ns2:DeclarationDate>2018-07-19</ns2:DeclarationDate>
                    <ns2:AmtOfIncPaid>71778</ns2:AmtOfIncPaid>
                    <ns2:DateIncPaid>2018-09-30</ns2:DateIncPaid>
                    <ns2:RecordType></ns2:RecordType>
                </ns2:Basicdtls>
                <ns2:IncomeDtls>
                    <ns2:IncomeDtl>
                        <ns2:SrlNo>134</ns2:SrlNo>
                        <ns2:IdenficationNum>84574647</ns2:IdenficationNum>
                        <ns2:NatureOfInc>Interest other than Interest on securities</ns2:NatureOfInc>
                        <ns2:DeductSection>194A</ns2:DeductSection>
                        <ns2:AmtOfInc>71778</ns2:AmtOfInc>
                    </ns2:IncomeDtl>
                </ns2:IncomeDtls>
            </ns2:Part1>
            <ns2:Part1>
                <ns2:Basicdtls>
                    <ns2:AssesseeName>ISRARAHMED ABDUL ALI</ns2:AssesseeName>
                    <ns2:AssesseePAN>AYAPM5604Q</ns2:AssesseePAN>
                    <ns2:Status>1</ns2:Status>
                    <ns2:ResidentialStatus>RES</ns2:ResidentialStatus>
                    <ns2:PreviousYr>2018</ns2:PreviousYr>
                    <ns2:FlatDoorNo>123</ns2:FlatDoorNo>
                    <ns2:PremisesName>ABC</ns2:PremisesName>
                    <ns2:RoadOrStreet>ABC ROAD</ns2:RoadOrStreet>
                    <ns2:LocalityOrArea>Mumbai</ns2:LocalityOrArea>
                    <ns2:CityOrTownOrDistrict>Mumbai</ns2:CityOrTownOrDistrict>
                    <ns2:StateCode>19</ns2:StateCode>
                    <ns2:PinCode>400027</ns2:PinCode>
                    <ns2:EmailAddress>cb2668@canarabank.com</ns2:EmailAddress>
                    <ns2:STDcode></ns2:STDcode>
                    <ns2:PhoneNo></ns2:PhoneNo>
                    <ns2:MobileNo>9917026284</ns2:MobileNo>
                    <ns2:TaxAssessedFlag>N</ns2:TaxAssessedFlag>
                    <ns2:LatestAsstYr></ns2:LatestAsstYr>
                    <ns2:EstimatedInc>14880</ns2:EstimatedInc>
                    <ns2:EstimatedTotalIncPrvYr>14880</ns2:EstimatedTotalIncPrvYr>
                    <ns2:TotalNoOfForm15g>1</ns2:TotalNoOfForm15g>
                    <ns2:AggregateAmtForm15g>14880</ns2:AggregateAmtForm15g>
                    <ns2:UniqueIdNumber>G096983814201819MUMC14758C</ns2:UniqueIdNumber>
                    <ns2:DeclarationDate>2018-07-21</ns2:DeclarationDate>
                    <ns2:AmtOfIncPaid>14880</ns2:AmtOfIncPaid>
                    <ns2:DateIncPaid>2018-09-30</ns2:DateIncPaid>
                    <ns2:RecordType></ns2:RecordType>
                </ns2:Basicdtls>
                <ns2:IncomeDtls>
                    <ns2:IncomeDtl>
                        <ns2:SrlNo>135</ns2:SrlNo>
                        <ns2:IdenficationNum>96983814</ns2:IdenficationNum>
                        <ns2:NatureOfInc>Interest other than Interest on securities</ns2:NatureOfInc>
                        <ns2:DeductSection>194A</ns2:DeductSection>
                        <ns2:AmtOfInc>14880</ns2:AmtOfInc>
                    </ns2:IncomeDtl>
                </ns2:IncomeDtls>
            </ns2:Part1>
        </ns2:Part1Dtls>
    </ns2:Form15GDtls>
</ns2:FORM15G>
