<?xml version="1.0" encoding="UTF-8" standalone="yes"?>
<ns2:FORM15H xmlns="http://incometaxindiaefiling.gov.in/common" xmlns:ns2="http://incometaxindiaefiling.gov.in/FORM15H">
    <ns2:FormCreationInfo>
        <CreationInfo>
            <SWVersionNo>1.0</SWVersionNo>
            <SWCreatedBy>ITD_JAVA_UTILITY</SWCreatedBy>
            <XMLCreatedBy>ITD_JAVA_UTILITY</XMLCreatedBy>
            <XMLCreationDate>2019-01-07</XMLCreationDate>
        </CreationInfo>
        <Form_Details>
            <FormName>FORM15H</FormName>
            <AssessmentYear>2016</AssessmentYear>
            <SchemaVer>V1.0</SchemaVer>
            <FormVer>1.0</FormVer>
        </Form_Details>
    </ns2:FormCreationInfo>
    <ns2:Form15HDtls>
        <ns2:TAN>MUMC11289F</ns2:TAN>
        <ns2:Quarter>Q3</ns2:Quarter>
        <ns2:FinancialYr>2018</ns2:FinancialYr>
        <ns2:FilingType>O</ns2:FilingType>
        <ns2:Part1Dtls>
            <ns2:Part1>
                <ns2:Basicdtls>
                    <ns2:AssesseeName>DORATHY DSA</ns2:AssesseeName>
                    <ns2:AssesseePAN>AOZPD4714R</ns2:AssesseePAN>
                    <ns2:AssesseeDOB>1950-01-01</ns2:AssesseeDOB>
                    <ns2:PreviousYr>2018</ns2:PreviousYr>
                    <ns2:FlatDoorNo>R.NO.1</ns2:FlatDoorNo>
                    <ns2:PremisesName>36 GAMBRI CHAWL</ns2:PremisesName>
                    <ns2:RoadOrStreet>MANIPADA</ns2:RoadOrStreet>
                    <ns2:LocalityOrArea>GRD FLR</ns2:LocalityOrArea>
                    <ns2:CityOrTownOrDistrict>MUMBAI</ns2:CityOrTownOrDistrict>
                    <ns2:StateCode>19</ns2:StateCode>
                    <ns2:PinCode>400098</ns2:PinCode>
                    <ns2:EmailAddress>cb0122@canarabank.com</ns2:EmailAddress>
                    <ns2:MobileNo>8450979806</ns2:MobileNo>
                    <ns2:TaxAssessedFlag>N</ns2:TaxAssessedFlag>
                    <ns2:LatestAsstYr>2018</ns2:LatestAsstYr>
                    <ns2:EstimatedInc>5247</ns2:EstimatedInc>
                    <ns2:EstimatedTotalIncPrvYr>5247</ns2:EstimatedTotalIncPrvYr>
                    <ns2:TotalNoOfForm15H>1</ns2:TotalNoOfForm15H>
                    <ns2:AggregateAmtForm15H>5247</ns2:AggregateAmtForm15H>
                    <ns2:UniqueIdNumber>H110195708201819MUMC11289F</ns2:UniqueIdNumber>
                    <ns2:DeclarationDate>2018-10-08</ns2:DeclarationDate>
                    <ns2:AmtOfIncPaid>5247</ns2:AmtOfIncPaid>
                    <ns2:DateIncPaid>2018-12-31</ns2:DateIncPaid>
                </ns2:Basicdtls>
                <ns2:IncomeDtls>
                    <ns2:IncomeDtl>
                        <ns2:SrlNo>103</ns2:SrlNo>
                        <ns2:IdenficationNum>110195708</ns2:IdenficationNum>
                        <ns2:NatureOfInc>Interest other than Interest on securities </ns2:NatureOfInc>
                        <ns2:DeductSection>194A</ns2:DeductSection>
                        <ns2:AmtOfInc>5247</ns2:AmtOfInc>
                    </ns2:IncomeDtl>
                </ns2:IncomeDtls>
            </ns2:Part1>
            <ns2:Part1>
                <ns2:Basicdtls>
                    <ns2:AssesseeName>ALWYN PASCAL SALDANHA</ns2:AssesseeName>
                    <ns2:AssesseePAN>BXUPS0644A</ns2:AssesseePAN>
                    <ns2:AssesseeDOB>1950-01-01</ns2:AssesseeDOB>
                    <ns2:PreviousYr>2018</ns2:PreviousYr>
                    <ns2:FlatDoorNo>FLAT NO 1303</ns2:FlatDoorNo>
                    <ns2:PremisesName>PARIVAR SAFALYA COOP HSG SOC</ns2:PremisesName>
                    <ns2:LocalityOrArea>B WING 13th FLOOR</ns2:LocalityOrArea>
                    <ns2:CityOrTownOrDistrict>MUMBAI</ns2:CityOrTownOrDistrict>
                    <ns2:StateCode>19</ns2:StateCode>
                    <ns2:PinCode>400027</ns2:PinCode>
                    <ns2:EmailAddress>cb0122@canarabank.com</ns2:EmailAddress>
                    <ns2:MobileNo>8450979806</ns2:MobileNo>
                    <ns2:TaxAssessedFlag>N</ns2:TaxAssessedFlag>
                    <ns2:EstimatedInc>15944</ns2:EstimatedInc>
                    <ns2:EstimatedTotalIncPrvYr>15844</ns2:EstimatedTotalIncPrvYr>
                    <ns2:TotalNoOfForm15H>1</ns2:TotalNoOfForm15H>
                    <ns2:AggregateAmtForm15H>15944</ns2:AggregateAmtForm15H>
                    <ns2:UniqueIdNumber>H173896100201819MUMC11289F</ns2:UniqueIdNumber>
                    <ns2:DeclarationDate>2018-11-01</ns2:DeclarationDate>
                    <ns2:AmtOfIncPaid>15944</ns2:AmtOfIncPaid>
                    <ns2:DateIncPaid>2018-12-31</ns2:DateIncPaid>
                </ns2:Basicdtls>
                <ns2:IncomeDtls>
                    <ns2:IncomeDtl>
                        <ns2:SrlNo>105</ns2:SrlNo>
                        <ns2:IdenficationNum>173896100</ns2:IdenficationNum>
                        <ns2:NatureOfInc>Interest other than Interest on securities </ns2:NatureOfInc>
                        <ns2:DeductSection>194A</ns2:DeductSection>
                        <ns2:AmtOfInc>15944</ns2:AmtOfInc>
                    </ns2:IncomeDtl>
                </ns2:IncomeDtls>
            </ns2:Part1>
        </ns2:Part1Dtls>
    </ns2:Form15HDtls>
</ns2:FORM15H>
