<?xml version="1.0" encoding="UTF-8" standalone="yes"?>
<ITRS>
	<ITR>
		<Name>ITR-1</Name>
		<AsstYear>2013-14</AsstYear>
		<Ver>1.0</Ver>
	</ITR>
	<ITR>
		<Name>ITR-2</Name>
		<AsstYear>2013-14</AsstYear>
		<Ver>1.0</Ver>
	</ITR>
	<ITR>
		<Name>ITR-3</Name>
		<AsstYear>2013-14</AsstYear>
		<Ver>1.0</Ver>
	</ITR>
	<ITR>
		<Name>ITR-6</Name>
		<AsstYear>2013-14</AsstYear>
		<Ver>1.0</Ver>
	</ITR>
	<ITR>
		<Name>ITR-4S</Name>
		<AsstYear>2013-14</AsstYear>
		<Ver>1.0</Ver>
	</ITR>
	<ITR>
		<Name>ITR-4</Name>
		<AsstYear>2013-14</AsstYear>
		<Ver>1.0</Ver>
	</ITR>
	<ITR>
		<Name>ITR-5</Name>
		<AsstYear>2013-14</AsstYear>
		<Ver>1.0</Ver>
	</ITR>
	<ITR>
		<Name>ITR-7</Name>
		<AsstYear>2013-14</AsstYear>
		<Ver>1.0</Ver>
	</ITR>
        <ITR>
		<Name>ITR-1</Name>
		<AsstYear>2014-15</AsstYear>
		<Ver>1.0</Ver>
	</ITR>
         <ITR>
		<Name>ITR-4S</Name>
		<AsstYear>2014-15</AsstYear>
		<Ver>1.0</Ver>
	</ITR>
        <ITR>
		<Name>ITR-2</Name>
		<AsstYear>2014-15</AsstYear>
		<Ver>1.0</Ver>
	</ITR>
	<ITR>
		<Name>ITR-3</Name>
		<AsstYear>2014-15</AsstYear>
		<Ver>1.0</Ver>
	</ITR>
	<ITR>
		<Name>ITR-4</Name>
		<AsstYear>2014-15</AsstYear>
		<Ver>1.0</Ver>
	</ITR>
        <ITR>
		<Name>ITR-5</Name>
		<AsstYear>2014-15</AsstYear>
		<Ver>1.0</Ver>
	</ITR>
        <ITR>
		<Name>ITR-6</Name>
		<AsstYear>2014-15</AsstYear>
		<Ver>1.0</Ver>
	</ITR>
        <ITR>
		<Name>ITR-7</Name>
		<AsstYear>2014-15</AsstYear>
		<Ver>1.0</Ver>
	</ITR>
	<ITR>
		<Name>ITR-1</Name>
		<AsstYear>2015-16</AsstYear>
		<Ver>1.0</Ver>
	</ITR>
	<ITR>
		<Name>ITR-4S</Name>
		<AsstYear>2015-16</AsstYear>
		<Ver>1.0</Ver>
	</ITR>
	<Utilitys>
	<Ver>1.0</Ver>
	</Utilitys>
</ITRS>