<?xml version="1.0" encoding="UTF-8" standalone="yes"?>
<ns2:FORM15G xmlns="http://incometaxindiaefiling.gov.in/common" xmlns:ns2="http://incometaxindiaefiling.gov.in/FORM15G">
    <ns2:FormCreationInfo>
        <CreationInfo>
            <SWVersionNo>1.0</SWVersionNo>
            <SWCreatedBy>ITD_JAVA_UTILITY</SWCreatedBy>
            <XMLCreatedBy>ITD_JAVA_UTILITY</XMLCreatedBy>
            <XMLCreationDate>2018-01-17</XMLCreationDate>
        </CreationInfo>
        <Form_Details>
            <FormName>FORM15G</FormName>
            <AssessmentYear>2018</AssessmentYear>
            <SchemaVer>V1.0</SchemaVer>
            <FormVer>1.0</FormVer>
        </Form_Details>
    </ns2:FormCreationInfo>
    <ns2:Form15GDtls>
        <ns2:TAN>MUMC10753B</ns2:TAN>
        <ns2:Quarter>Q3</ns2:Quarter>
        <ns2:FinancialYr>2017</ns2:FinancialYr>
        <ns2:FilingType>O</ns2:FilingType>
        <ns2:Part1Dtls>
            <ns2:Part1>
                <ns2:Basicdtls>
                    <ns2:AssesseeName>MARY NELSON ARACKAL</ns2:AssesseeName>
                    <ns2:AssesseePAN>AAZPA8952A</ns2:AssesseePAN>
                    <ns2:Status>1</ns2:Status>
                    <ns2:ResidentialStatus>RES</ns2:ResidentialStatus>
                    <ns2:PreviousYr>2017</ns2:PreviousYr>
                    <ns2:FlatDoorNo>123</ns2:FlatDoorNo>
                    <ns2:PremisesName>ABC</ns2:PremisesName>
                    <ns2:RoadOrStreet>ABC ROAD</ns2:RoadOrStreet>
                    <ns2:LocalityOrArea>Mumbai</ns2:LocalityOrArea>
                    <ns2:CityOrTownOrDistrict>Mumbai</ns2:CityOrTownOrDistrict>
                    <ns2:StateCode>19</ns2:StateCode>
                    <ns2:PinCode>400027</ns2:PinCode>
                    <ns2:EmailAddress>MANAGERCB0104@canarabank.com</ns2:EmailAddress>
                    <ns2:STDcode></ns2:STDcode>
                    <ns2:PhoneNo></ns2:PhoneNo>
                    <ns2:MobileNo>7738350109</ns2:MobileNo>
                    <ns2:TaxAssessedFlag>N</ns2:TaxAssessedFlag>
                    <ns2:LatestAsstYr></ns2:LatestAsstYr>
                    <ns2:EstimatedInc>32228</ns2:EstimatedInc>
                    <ns2:EstimatedTotalIncPrvYr>32228</ns2:EstimatedTotalIncPrvYr>
                    <ns2:TotalNoOfForm15g>1</ns2:TotalNoOfForm15g>
                    <ns2:AggregateAmtForm15g>32228</ns2:AggregateAmtForm15g>
                    <ns2:UniqueIdNumber>G012205832201718MUMC10753B</ns2:UniqueIdNumber>
                    <ns2:DeclarationDate>2017-11-23</ns2:DeclarationDate>
                    <ns2:AmtOfIncPaid>32228</ns2:AmtOfIncPaid>
                    <ns2:DateIncPaid>2017-12-31</ns2:DateIncPaid>
                    <ns2:RecordType></ns2:RecordType>
                </ns2:Basicdtls>
                <ns2:IncomeDtls>
                    <ns2:IncomeDtl>
                        <ns2:SrlNo>100</ns2:SrlNo>
                        <ns2:IdenficationNum>12205832</ns2:IdenficationNum>
                        <ns2:NatureOfInc>Interest other than Interest on securities</ns2:NatureOfInc>
                        <ns2:DeductSection>194A</ns2:DeductSection>
                        <ns2:AmtOfInc>32228</ns2:AmtOfInc>
                    </ns2:IncomeDtl>
                </ns2:IncomeDtls>
            </ns2:Part1>
            <ns2:Part1>
                <ns2:Basicdtls>
                    <ns2:AssesseeName>VIMAL KISAN RAIKAR</ns2:AssesseeName>
                    <ns2:AssesseePAN>AQUPR1632D</ns2:AssesseePAN>
                    <ns2:Status>1</ns2:Status>
                    <ns2:ResidentialStatus>RES</ns2:ResidentialStatus>
                    <ns2:PreviousYr>2017</ns2:PreviousYr>
                    <ns2:FlatDoorNo>123</ns2:FlatDoorNo>
                    <ns2:PremisesName>ABC</ns2:PremisesName>
                    <ns2:RoadOrStreet>ABC ROAD</ns2:RoadOrStreet>
                    <ns2:LocalityOrArea>Mumbai</ns2:LocalityOrArea>
                    <ns2:CityOrTownOrDistrict>Mumbai</ns2:CityOrTownOrDistrict>
                    <ns2:StateCode>19</ns2:StateCode>
                    <ns2:PinCode>400027</ns2:PinCode>
                    <ns2:EmailAddress>MANAGERCB0104@canarabank.com</ns2:EmailAddress>
                    <ns2:STDcode></ns2:STDcode>
                    <ns2:PhoneNo></ns2:PhoneNo>
                    <ns2:MobileNo>7738350104</ns2:MobileNo>
                    <ns2:TaxAssessedFlag>N</ns2:TaxAssessedFlag>
                    <ns2:LatestAsstYr></ns2:LatestAsstYr>
                    <ns2:EstimatedInc>7998</ns2:EstimatedInc>
                    <ns2:EstimatedTotalIncPrvYr>7998</ns2:EstimatedTotalIncPrvYr>
                    <ns2:TotalNoOfForm15g>1</ns2:TotalNoOfForm15g>
                    <ns2:AggregateAmtForm15g>7998</ns2:AggregateAmtForm15g>
                    <ns2:UniqueIdNumber>G012209704201718MUMC10753B</ns2:UniqueIdNumber>
                    <ns2:DeclarationDate>2017-12-28</ns2:DeclarationDate>
                    <ns2:AmtOfIncPaid>7998</ns2:AmtOfIncPaid>
                    <ns2:DateIncPaid>2017-12-31</ns2:DateIncPaid>
                    <ns2:RecordType></ns2:RecordType>
                </ns2:Basicdtls>
                <ns2:IncomeDtls>
                    <ns2:IncomeDtl>
                        <ns2:SrlNo>101</ns2:SrlNo>
                        <ns2:IdenficationNum>12209704</ns2:IdenficationNum>
                        <ns2:NatureOfInc>Interest other than Interest on securities</ns2:NatureOfInc>
                        <ns2:DeductSection>194A</ns2:DeductSection>
                        <ns2:AmtOfInc>7998</ns2:AmtOfInc>
                    </ns2:IncomeDtl>
                </ns2:IncomeDtls>
            </ns2:Part1>
        </ns2:Part1Dtls>
    </ns2:Form15GDtls>
</ns2:FORM15G>
