<?xml version="1.0" encoding="UTF-8" standalone="no"?>
<ITRETURN:ITR xmlns:ITRETURN="http://incometaxindiaefiling.gov.in/main" xmlns:ITR7FORM="http://incometaxindiaefiling.gov.in/ITR7" xmlns:ITRForm="http://incometaxindiaefiling.gov.in/Corpmaster" xmlns:xsi="http://www.w3.org/2001/XMLSchema-instance">
<ITR7FORM:ITR7>
  <ITRForm:CreationInfo>
    <ITRForm:SWVersionNo name="itr7.creationInfo.swVersionNo">1.0</ITRForm:SWVersionNo>
    <ITRForm:SWCreatedBy name="itr7.creationInfo.swCreatedBy">SW91201617</ITRForm:SWCreatedBy>
    <ITRForm:XMLCreatedBy name="itr7.creationInfo.xmlCreatedBy">SW91201617</ITRForm:XMLCreatedBy>
    <ITRForm:XMLCreationDate name="itr7.creationInfo.xmlCreationDate"/>
    <ITRForm:IntermediaryCity name="itr7.creationInfo.intermediaryCity">Delhi</ITRForm:IntermediaryCity>
    <ITRForm:Digest name="">-</ITRForm:Digest>
  </ITRForm:CreationInfo>
  <ITRForm:Form_ITR7>
    <ITRForm:FormName name="itr7.formITR7.formName">ITR-7</ITRForm:FormName>
    <ITRForm:Description name="itr7.formITR7.description">For persons including companies required to furnish return under section 139(4A) or section 139(4B) or section 139(4C) or section 139(4D)</ITRForm:Description>
    <ITRForm:AssessmentYear name="itr7.formITR7.assessmentYear">2016</ITRForm:AssessmentYear>
    <ITRForm:SchemaVer name="itr7.formITR7.schemaVer">Ver1.0</ITRForm:SchemaVer>
    <ITRForm:FormVer name="itr7.formITR7.formVer">Ver1.0</ITRForm:FormVer>
  </ITRForm:Form_ITR7> 
  <ITRForm:PartA_GEN1>
    <ITRForm:OrgFirmInfo>
      <ITRForm:AssesseeName>
        <ITRForm:SurNameOrOrgName name="itr7.partAGEN1.orgFirmInfo.assesseeName.surNameOrOrgName"/>
      </ITRForm:AssesseeName>
      <ITRForm:PAN name="itr7.partAGEN1.orgFirmInfo.panNumber"/>
      <ITRForm:Address>
        <ITRForm:ResidenceNo name="itr7.partAGEN1.orgFirmInfo.address.residenceNo"/>
        <ITRForm:ResidenceName name="itr7.partAGEN1.orgFirmInfo.address.residenceName"/>  
        <ITRForm:RoadOrStreet name="itr7.partAGEN1.orgFirmInfo.address.roadOrStreet"/>              
        <ITRForm:LocalityOrArea name="itr7.partAGEN1.orgFirmInfo.address.localityOrArea"/>
        <ITRForm:CityOrTownOrDistrict name="itr7.partAGEN1.orgFirmInfo.address.cityOrTownOrDistrict"/>
        <ITRForm:StateCode name="itr7.partAGEN1.orgFirmInfo.address.stateCode"/>
        <ITRForm:PinCode name="itr7.partAGEN1.orgFirmInfo.address.pinCode"/>
        <ITRForm:Phone>
					<ITRForm:STDcode name="itr7.partAGEN1.orgFirmInfo.address.phone.stDcode"/>
					<ITRForm:PhoneNo name="itr7.partAGEN1.orgFirmInfo.address.phone.phoneNo"/>
		</ITRForm:Phone>
		<ITRForm:Fax name="itr7.partAGEN1.orgFirmInfo.address.fax"/>
        <ITRForm:MobileNo name="itr7.partAGEN1.orgFirmInfo.address.mobileNo"/>
        <ITRForm:MobileNoSec name="itr7.partAGEN1.orgFirmInfo.address.secMobileNo"/>
        <ITRForm:EmailAddress name="itr7.partAGEN1.orgFirmInfo.address.emailAddress"/>
        <ITRForm:EmailAddressSecondary name="itr7.partAGEN1.orgFirmInfo.address.secondaryEmail"/>        
      </ITRForm:Address>
      <ITRForm:DateOFFormOrIncorp name="itr7.partAGEN1.orgFirmInfo.dateOFFormOrIncorp"/>
      <ITRForm:StatusOrCompanyType name="itr7.partAGEN1.orgFirmInfo.statusOrCompanyType"/>
    </ITRForm:OrgFirmInfo>
    <ITRForm:ProjectOrInstDtls>
			<ITRForm:NameOfProjectOrInst name="itr7.partAGEN1.projectOrInstDtls[0].nameOfProjectOrInst"/>
			<ITRForm:ActivityNature name="itr7.partAGEN1.projectOrInstDtls[0].activityNature"/>
			<ITRForm:ClassificationCode name="itr7.partAGEN1.projectOrInstDtls[0].classificationCode"/>
			<ITRForm:ApprovalRegistrationNo name="itr7.partAGEN1.projectOrInstDtls[0].approvalNotificationRegNo"/>
			<ITRForm:ApprovingAuthority name="itr7.partAGEN1.projectOrInstDtls[0].approvingRegAuthority"/>
			<ITRForm:SecExemptionClaimed name="itr7.partAGEN1.projectOrInstDtls[0].secUnderExemptionClaimed"/>
	</ITRForm:ProjectOrInstDtls>    
    <ITRForm:FilingStatus>
      <ITRForm:ReturnFileSec>
        <ITRForm:IncomeTaxSec name="itr7.partAGEN1.filingStatus.returnFileSec.incomeTaxSec"/>
        <ITRForm:ReturnFurnishedSec name="itr7.partAGEN1.filingStatus.returnFileSec.returnFurnishedSec"/>
        <ITRForm:NoticeNo name="itr7.partAGEN1.filingStatus.returnFileSec.noticeNo"/>
      </ITRForm:ReturnFileSec>
      <ITRForm:DesigTaxOfficeInfo>
				<ITRForm:DesigOfficerWardorCircle name="itr7.partAGEN1.filingStatus.desigTaxOfficeInfo.desigOfficerWardorCircle"/>
	  </ITRForm:DesigTaxOfficeInfo>
      <ITRForm:ReturnType name="itr7.partAGEN1.filingStatus.returnType"/>
       <ITRForm:ReceiptNo name="itr7.partAGEN1.filingStatus.receiptNo"/>
      <ITRForm:OrigRetFiledDate name="itr7.partAGEN1.filingStatus.origRetFiledDate"/>
      <ITRForm:ResidentialStatus name="itr7.partAGEN1.filingStatus.residentialStatus"/>
      <ITRForm:ClaimUS9090A91Flg name="itr7.partAGEN1.filingStatus.claimUs9090A91Flag"/>
      <ITRForm:NotifiedUs94AFlg name="itr7.partAGEN1.filingStatus.transactionUnder94AFlag"/>
      <ITRForm:NRI_PE name="itr7.partAGEN1.filingStatus.nripe"/>
      <ITRForm:NoticeDateUnderSec name="itr7.partAGEN1.filingStatus.noticeDateUnderSec"/>
      <ITRForm:TaxStatus name="itr7.partAGEN1.filingStatus.taxStatus"/>
      <ITRForm:AsseseeRepFlg name="itr7.partAGEN1.filingStatus.asseseeRepFlg"/>
      <ITRForm:AssesseeRep>
        <ITRForm:RepName name="itr7.partAGEN1.filingStatus.assesseeRep.repName"/>
        <ITRForm:RepAddress name="itr7.partAGEN1.filingStatus.assesseeRep.repAddress"/>
        <ITRForm:RepPAN name="itr7.partAGEN1.filingStatus.assesseeRep.repPAN"/>
      </ITRForm:AssesseeRep>      
    </ITRForm:FilingStatus>
  </ITRForm:PartA_GEN1>
  <ITRForm:PartA_GEN2>
  	            <ITRForm:OtherDetailsFor7>
                <ITRForm:OtherDetailsUs2_15>
                    <ITRForm:CharitablePurposeOfGeneralPublic name="itr7.partAGEN2.otherDetailsFor7.otherDetailsUs215.charitablePurposeOfGeneralPublic"/>
                    <ITRForm:ActivityNature2_15 name="itr7.partAGEN2.otherDetailsFor7.otherDetailsUs215.activityNature215"/>
                    <ITRForm:PercntNatureOfTrade name="itr7.partAGEN2.otherDetailsFor7.otherDetailsUs215.natureofTrade"/>
                    <ITRForm:ActivityRendering2_15 name="itr7.partAGEN2.otherDetailsFor7.otherDetailsUs215.activityRendering215"/>
                    <ITRForm:PercntAnyTrade name="itr7.partAGEN2.otherDetailsFor7.otherDetailsUs215.anyofTrade"/>
                    <ITRForm:AggAnnualRecptsofInst>
                    	<ITRForm:NameOfTheInstitution name="itr7.partAGEN2.otherDetailsFor7.otherDetailsUs215.aggregateAnnualReceiptsofInstitution[0].nameOfTheInstitution"/>
                    	<ITRForm:AggregateAnnualReceipts name="itr7.partAGEN2.otherDetailsFor7.otherDetailsUs215.aggregateAnnualReceiptsofInstitution[0].aggregateAnnualReceipts"/>
                    </ITRForm:AggAnnualRecptsofInst>
                </ITRForm:OtherDetailsUs2_15>
                <ITRForm:OtherDetailsUs10>
                    <ITRForm:ExemptionUs10Flag name="itr7.partAGEN2.otherDetailsFor7.otherDetailsUs10.exemptionUs10Flag"/>
                    <ITRForm:OtherDetailsUs10II>
                        <ITRForm:Section name="itr7.partAGEN2.otherDetailsFor7.otherDetailsUs10.otherDetailsUs10II[0].section"/>
                        <ITRForm:NameOfUniversity name="itr7.partAGEN2.otherDetailsFor7.otherDetailsUs10.otherDetailsUs10II[0].nameOfUniversity"/>
                        <ITRForm:AggregateAnnualReceipts name="itr7.partAGEN2.otherDetailsFor7.otherDetailsUs10.otherDetailsUs10II[0].aggregateAnnualReceipts"/>
                    </ITRForm:OtherDetailsUs10II>
                </ITRForm:OtherDetailsUs10>
                <ITRForm:OtherDetailsUs12A_12AA>
                    <ITRForm:RegUs12A_12AA name="itr7.partAGEN2.otherDetailsFor7.otherDetailsUs12A12AA.regUs12A12AA"/>
                    <ITRForm:RegistrationNo name="itr7.partAGEN2.otherDetailsFor7.otherDetailsUs12A12AA.registrationNo"/>
                    <ITRForm:CommisionerOfIT name="itr7.partAGEN2.otherDetailsFor7.otherDetailsUs12A12AA.commissionerGrantedRegistration"/>
                    <ITRForm:DateOfRegistration name="itr7.partAGEN2.otherDetailsFor7.otherDetailsUs12A12AA.dateOfRegistration"/>
                    <ITRForm:ActivityType name="itr7.partAGEN2.otherDetailsFor7.otherDetailsUs12A12AA.activityType"/>
                </ITRForm:OtherDetailsUs12A_12AA>
                <ITRForm:OtherDetailsUs35>
                    <ITRForm:RelevantSec35 name="itr7.partAGEN2.otherDetailsFor7.otherDetailsUs35.relevantSec35"/>
                    <ITRForm:RegistrationNo name="itr7.partAGEN2.otherDetailsFor7.otherDetailsUs35.registrationNo"/>
                    <ITRForm:DateOfApproval name="itr7.partAGEN2.otherDetailsFor7.otherDetailsUs35.dateOfApproval"/>
                    <ITRForm:ApprovingAuthority name="itr7.partAGEN2.otherDetailsFor7.otherDetailsUs35.approvingAuthority"/>
                    <ITRForm:ResearchType name="itr7.partAGEN2.otherDetailsFor7.otherDetailsUs35.researchType"/>
                    <ITRForm:BusinessActivity name="itr7.partAGEN2.otherDetailsFor7.otherDetailsUs35.businessActivity"/>
                </ITRForm:OtherDetailsUs35>
                <ITRForm:OtherDetailsUs80G>
                    <ITRForm:ApprovalUs80G name="itr7.partAGEN2.otherDetailsFor7.otherDetailsUs80G.approvalUs80G"/>
                    <ITRForm:ApprovalNo name="itr7.partAGEN2.otherDetailsFor7.otherDetailsUs80G.approvalNo"/>
                    <ITRForm:DateOfApproval name="itr7.partAGEN2.otherDetailsFor7.otherDetailsUs80G.dateOfApproval"/>
                </ITRForm:OtherDetailsUs80G> 
                    <ITRForm:ChangeInActivitiesDuringYr name="itr7.partAGEN2.otherDetailsFor7.changeInActivitiesDuringYr"/>
                    <ITRForm:DateOfChange name="itr7.partAGEN2.otherDetailsFor7.dateOfChange"/>                
                <ITRForm:OtherDetailsUs13A>
                    <ITRForm:PoliticalSection13A name="itr7.partAGEN2.otherDetailsFor7.otherDetailsUs13A.politicalSection13A"/>
                    <ITRForm:RegisteredFlag name="itr7.partAGEN2.otherDetailsFor7.otherDetailsUs13A.registeredFlag"/>
                    <ITRForm:RegistrationNoUs29A name="itr7.partAGEN2.otherDetailsFor7.otherDetailsUs13A.registrationNoUs29A"/>
                </ITRForm:OtherDetailsUs13A>
                <ITRForm:OtherDetailsET>
                    <ITRForm:ElectoralTrustFlag name="itr7.partAGEN2.otherDetailsFor7.otherDetailsET.electoralTrustFlag"/>
                    <ITRForm:ApprovalNo name="itr7.partAGEN2.otherDetailsFor7.otherDetailsET.approvalNo"/>
                    <ITRForm:DateOfApproval name="itr7.partAGEN2.otherDetailsFor7.otherDetailsET.dateOfApproval"/>
                </ITRForm:OtherDetailsET>
                <ITRForm:OtherDetailsFC>
                    <ITRForm:RegUnForeignContribution name="itr7.partAGEN2.otherDetailsFor7.otherDetailsFC.regUnForeignContribution"/>
                    <ITRForm:RegistrationNo name="itr7.partAGEN2.otherDetailsFor7.otherDetailsFC.registrationNo"/>
                    <ITRForm:DateOfRegistration name="itr7.partAGEN2.otherDetailsFor7.otherDetailsFC.dateOfRegistration"/>
                    <ITRForm:AmtReceivedFromOutSideIndia name="itr7.partAGEN2.otherDetailsFor7.otherDetailsFC.amtReceivedFromOutSideIndia"/>
                    <ITRForm:PurposeOfReceivedAmt name="itr7.partAGEN2.otherDetailsFor7.otherDetailsFC.purposeOfReceivedAmt"/>
                </ITRForm:OtherDetailsFC>
                <ITRForm:MarginalRateUs164 name="itr7.partAGEN2.otherDetailsFor7.marginalRateUs164"/>
                <ITRForm:FirstReturnFlag name="itr7.partAGEN2.otherDetailsFor7.firstReturnFlag"/>
            </ITRForm:OtherDetailsFor7>
    <ITRForm:LiableSec44ABflg name="itr7.partAGEN2.liableSec44ABflg"/>
    <ITRForm:AuditDetails>
				<ITRForm:AuditedSection name="itr7.partAGEN2.auditDetails[0].auditedSection"/>
				<ITRForm:DateOfAudit name="itr7.partAGEN2.auditDetails[0].dateOfAudit"/>
				<ITRForm:AuditorName name="itr7.partAGEN2.auditDetails[0].auditorName"/>
				<ITRForm:AuditorMemNo name="itr7.partAGEN2.auditDetails[0].auditorMemNo"/>
				<ITRForm:AudFrmName name="itr7.partAGEN2.auditDetails[0].audFrmName"/>
				<ITRForm:AudFrmPAN name="itr7.partAGEN2.auditDetails[0].audFrmPAN"/>
				<ITRForm:AuditDate name="itr7.partAGEN2.auditDetails[0].auditDate"/>
				<ITRForm:AuditReportFurnishDate name="itr7.partAGEN2.auditDetails[0].auditReportFurnishDate"/>
				<ITRForm:OtherSectionDesc name="itr7.partAGEN2.auditDetails[0].otherSectionDesc"/>
	</ITRForm:AuditDetails>
  </ITRForm:PartA_GEN2>
  <ITRForm:PartB_TI>
    <ITRForm:IncomeFromHP name="itr7.partBTI.incomeFromHP"/>
    <ITRForm:ProfBusGain>
      <ITRForm:ProfGainNoSpecBus name="itr7.partBTI.profBusGain.profGainNoSpecBus">0</ITRForm:ProfGainNoSpecBus>      
    </ITRForm:ProfBusGain>
    <ITRForm:CapGain>
      <ITRForm:ShortTerm>
        <ITRForm:TotalShortTerm name="itr7.partBTI.capGain.shortTerm.totalShortTerm"/>
      </ITRForm:ShortTerm>
      <ITRForm:LongTerm>
        <ITRForm:TotalLongTerm name="itr7.partBTI.capGain.longTerm.totalLongTerm"/>
      </ITRForm:LongTerm>
      <ITRForm:TotalCapGains name="itr7.partBTI.capGain.totalCapGains"/>
    </ITRForm:CapGain>
    <ITRForm:IncFromOS>
      <ITRForm:TotIncFromOS name="itr7.partBTI.incFromOS.totIncFromOS"/>
    </ITRForm:IncFromOS>
    <ITRForm:VoluntaryContributions>
      <ITRForm:TotIncFromVC name="itr7.partBTI.voluntaryContributions.totIncFromVC"/>
    </ITRForm:VoluntaryContributions>
    <ITRForm:GrossIncome name="itr7.partBTI.grossIncome"/>
    <ITRForm:AggregateIncomeUs1112 name="itr7.partBTI.aggregateIncomeUs1112">0</ITRForm:AggregateIncomeUs1112>
    <ITRForm:VcCorpusSec11 name="itr7.partBTI.vcCorpusSec11">0</ITRForm:VcCorpusSec11>
    
        <ITRForm:TIDeductions>
                <ITRForm:AmtAppliedtForCharitablePurpose name="itr7.partBTI.tiDeductions.amtAppliedtForCharitablePurpose">0</ITRForm:AmtAppliedtForCharitablePurpose>
                <ITRForm:AmtAppliedForRelegiousPurposeUs111A name="itr7.partBTI.tiDeductions.amtAppliedForRelegiousPurposeUs111A">0</ITRForm:AmtAppliedForRelegiousPurposeUs111A>
                <ITRForm:AmtAppForCharitablePurposeRepayment name="itr7.partBTI.tiDeductions.amtAppForCharitablePurposeRepayment">0</ITRForm:AmtAppForCharitablePurposeRepayment>
                <ITRForm:AmtDeemedForCharitable name="itr7.partBTI.tiDeductions.amtDeemedForCharitable">0</ITRForm:AmtDeemedForCharitable>
                <ITRForm:ExercisedBfDueDateFlag name="itr7.partBTI.tiDeductions.exercisedBfDueDateFlag"/>
                <ITRForm:DateOfFurnishing name="itr7.partBTI.tiDeductions.dateOfFurnishing"/>                                
                <ITRForm:AmtAccumulatedForCharitable name="itr7.partBTI.tiDeductions.amtAccumulatedForCharitable">0</ITRForm:AmtAccumulatedForCharitable>
                <ITRForm:AmtFulfilledUs11_2 name="itr7.partBTI.tiDeductions.amtFulfilledUs112">0</ITRForm:AmtFulfilledUs11_2>
                <ITRForm:AmtForCharitableUs111 name="itr7.partBTI.tiDeductions.amtForCharitableUs111">0</ITRForm:AmtForCharitableUs111>
                <ITRForm:AmtForCharitableUs111Number name="itr7.partBTI.tiDeductions.amtForCharitableUs111Number"/>
                <ITRForm:AmtForCharitableUs111Date name="itr7.partBTI.tiDeductions.amtForCharitableUs111Date"/>
                <ITRForm:TotalDeductions name="itr7.partBTI.tiDeductions.totalDeductions">0</ITRForm:TotalDeductions>
           </ITRForm:TIDeductions>
           <ITRForm:TIAdditions>
                <ITRForm:IncChargeableUs11_1B name="itr7.partBTI.tiAdditions.incChargeableUs111B">0</ITRForm:IncChargeableUs11_1B>
                <ITRForm:IncChargeableUs11_3 name="itr7.partBTI.tiAdditions.incChargeableUs113">0</ITRForm:IncChargeableUs11_3>
                <ITRForm:ExemptionUs11_13Dtl>
              		<ITRForm:AnonymousDonationVC name="itr7.partBTI.tiAdditions.anonymousDonationVC">0</ITRForm:AnonymousDonationVC>
                	<ITRForm:OtherThanAD name="itr7.partBTI.tiAdditions.otherThanAD">0</ITRForm:OtherThanAD>
                </ITRForm:ExemptionUs11_13Dtl>
                <ITRForm:IncChargeableUs12_2 name="itr7.partBTI.tiAdditions.incChargeableUs122">0</ITRForm:IncChargeableUs12_2>
                <ITRForm:TotalAdditions name="itr7.partBTI.tiAdditions.totalAdditions">0</ITRForm:TotalAdditions>
            </ITRForm:TIAdditions>
      	<ITRForm:IncChargeableUs11_4 name="itr7.partBTI.incChargeableUs114">0</ITRForm:IncChargeableUs11_4>
    <ITRForm:TotalTI name="itr7.partBTI.totalTI">0</ITRForm:TotalTI>
    <ITRForm:IncExemptUnderSec10 name="itr7.partBTI.incExemptUnderSec10">0</ITRForm:IncExemptUnderSec10>
    <ITRForm:ExemptionUs10_21 name="itr7.partBTI.exemptionUs10_21"/>
    <ITRForm:ExemptionUs10_23C name="itr7.partBTI.exemptionUs10_23C"/>
    <ITRForm:ExemptionOtherthenUs10 name="itr7.partBTI.exemptionOtherthenUs10"/>
    <ITRForm:IncomeChargeable11_3 name="itr7.partBTI.incChargeableUs11_3"/>
    <ITRForm:ExemptionUs13_A_B name="itr7.partBTI.exemptionUs13_A_B"/>
    <ITRForm:TotalIncomeChargeable name="itr7.partBTI.totalIncomeChargeable"/>
    <ITRForm:CurrentYearLoss name="itr7.partBTI.currentYearLoss"/>
    <ITRForm:GrossTotalIncome name="itr7.partBTI.grossTotalIncome"/>
    <ITRForm:IncChargeTaxSplRate111A112 name="itr7.partBTI.incChargeTaxSplRate111A112"/>
    <ITRForm:DeductionsUnder10Aor10AA name="itr7.partBTI.deductionsUs10A"/>
    <ITRForm:DeductionsUnderScheduleVIA name="itr7.partBTI.deductionsUnderScheduleVIA"/>
    <ITRForm:TotalIncome name="itr7.partBTI.totalIncome"/>
    <ITRForm:IncChargeableTaxSplRates name="itr7.partBTI.incomeChargeableTotTax"/>
    <ITRForm:NetAgricultureIncomeOrOtherIncomeForRate name="itr7.partBTI.netAgricultureIncomeOrOtherIncomeForRate"/>
    <ITRForm:AggregateIncome name="itr7.partBTI.aggregateIncome"/>
    <ITRForm:DonationsUs115BBC name="itr7.partBTI.donationsUs115BBC"/>
    <ITRForm:IncChrgbleMaxMarginalRates name="itr7.partBTI.incChrgbleMaxMarginalRates"/>
  </ITRForm:PartB_TI>
  <ITRForm:PartB_TTI>
    <ITRForm:ComputationOfTaxLiability>
    	<ITRForm:TaxOnDeemedTotIncSec115JB name="itr7.partBTTI.computationOfTaxLiability.taxOnDeemedTotIncSec115JB">0</ITRForm:TaxOnDeemedTotIncSec115JB>    	
      	<ITRForm:TaxPayableOnDeemedTI>
      		<ITRForm:Surcharge name="itr7.partBTTI.computationOfTaxLiability.taxPayableOnDeemedTI.surcharge">0</ITRForm:Surcharge>
        	<ITRForm:EducationCess name="itr7.partBTTI.computationOfTaxLiability.taxPayableOnDeemedTI.educationCess">0</ITRForm:EducationCess>
        	<ITRForm:TotalTaxSec115JB name="itr7.partBTTI.computationOfTaxLiability.taxPayableOnDeemedTI.totalTaxSec115JB">0</ITRForm:TotalTaxSec115JB>        
      	</ITRForm:TaxPayableOnDeemedTI>
      <ITRForm:TaxPayableOnTI>
        <ITRForm:TaxAtNormalRates name="itr7.partBTTI.computationOfTaxLiability.taxPayableOnTI.taxAtNormalRates">0</ITRForm:TaxAtNormalRates>
        <ITRForm:TaxAtSpecialRates name="itr7.partBTTI.computationOfTaxLiability.taxPayableOnTI.taxAtSpecialRates">0</ITRForm:TaxAtSpecialRates>
        <ITRForm:DonationUs115BC name="itr7.partBTTI.computationOfTaxLiability.taxPayableOnTI.donationUs115BC">0</ITRForm:DonationUs115BC>
        <ITRForm:TaxAtMarginalRate name="itr7.partBTTI.computationOfTaxLiability.taxPayableOnTI.taxAtMarginalRate">0</ITRForm:TaxAtMarginalRate>
        <ITRForm:RebateOnAgricultureInc name="itr7.partBTTI.computationOfTaxLiability.taxPayableOnTI.rebateOnAgricultureInc">0</ITRForm:RebateOnAgricultureInc>
        <ITRForm:TaxPayableOnTotInc name="itr7.partBTTI.computationOfTaxLiability.taxPayableOnTI.taxPayableOnTotInc">0</ITRForm:TaxPayableOnTotInc>
      </ITRForm:TaxPayableOnTI>
      <ITRForm:SurchargeOnTaxPayable name="itr7.partBTTI.computationOfTaxLiability.surchargeOnTaxPayable">0</ITRForm:SurchargeOnTaxPayable>
      <ITRForm:EducationCess name="itr7.partBTTI.computationOfTaxLiability.educationCess">0</ITRForm:EducationCess>
      <ITRForm:GrossTaxLiability name="itr7.partBTTI.computationOfTaxLiability.grossTaxLiability">0</ITRForm:GrossTaxLiability>
      <ITRForm:GrossTaxPayable name="itr7.partBTTI.computationOfTaxLiability.grossTaxPayable">0</ITRForm:GrossTaxPayable>
      <ITRForm:CredUs115JAATaxPaid name="itr7.partBTTI.computationOfTaxLiability.credUs115JAATaxPaid">0</ITRForm:CredUs115JAATaxPaid>
      <ITRForm:TaxPayableAfterCredUs115JAA name="itr7.partBTTI.computationOfTaxLiability.taxPayableAfterCredUs115JAA">0</ITRForm:TaxPayableAfterCredUs115JAA>   
      <ITRForm:TaxRelief>
        <ITRForm:Section90 name="itr7.partBTTI.computationOfTaxLiability.taxRelief.section90">0</ITRForm:Section90>
        <ITRForm:Section91 name="itr7.partBTTI.computationOfTaxLiability.taxRelief.section91">0</ITRForm:Section91>
        <ITRForm:TotTaxRelief name="itr7.partBTTI.computationOfTaxLiability.taxRelief.totTaxRelief">0</ITRForm:TotTaxRelief>
      </ITRForm:TaxRelief>
      <ITRForm:NetTaxLiability name="itr7.partBTTI.computationOfTaxLiability.netTaxLiability">0</ITRForm:NetTaxLiability>
      <ITRForm:IntrstPay>
        <ITRForm:IntrstPayUs234A name="itr7.partBTTI.computationOfTaxLiability.intrstPay.intrstPayUs234A">0</ITRForm:IntrstPayUs234A>
        <ITRForm:IntrstPayUs234B name="itr7.partBTTI.computationOfTaxLiability.intrstPay.intrstPayUs234B">0</ITRForm:IntrstPayUs234B>
        <ITRForm:IntrstPayUs234C name="itr7.partBTTI.computationOfTaxLiability.intrstPay.intrstPayUs234C">0</ITRForm:IntrstPayUs234C>
        <ITRForm:TotalIntrstPay name="itr7.partBTTI.computationOfTaxLiability.intrstPay.totalIntrstPay">0</ITRForm:TotalIntrstPay>
      </ITRForm:IntrstPay>
      <ITRForm:AggregateTaxInterestLiability name="itr7.partBTTI.computationOfTaxLiability.aggregateTaxInterestLiability">0</ITRForm:AggregateTaxInterestLiability>
    </ITRForm:ComputationOfTaxLiability>
    <ITRForm:TaxPaid>
      <ITRForm:TaxesPaid>
      	<ITRForm:AdvanceTax name="itr7.partBTTI.taxPaid.taxesPaid.advanceTax"/>
      	<ITRForm:TDS name="itr7.partBTTI.taxPaid.taxesPaid.tds"/>
      	<ITRForm:TCS name="itr7.partBTTI.taxPaid.taxesPaid.tcs"/>
      	<ITRForm:SelfAssessmentTax name="itr7.partBTTI.taxPaid.taxesPaid.selfAssessmentTax"/>
      	<ITRForm:TotalTaxesPaid name="itr7.partBTTI.taxPaid.taxesPaid.totalTaxesPaid"/>
     </ITRForm:TaxesPaid>
      <ITRForm:BalTaxPayable name="itr7.partBTTI.taxPaid.balTaxPayable"/>
    </ITRForm:TaxPaid>
     <ITRForm:Refund>
      <ITRForm:RefundDue name="itr7.partBTTI.refund.refundDue">0</ITRForm:RefundDue>
      <ITRForm:BankAccountDtls>
         <ITRForm:PriBankDetails>
        	<ITRForm:IFSCCode name="itr.refund.depositToBankAccount.iFSCCode" />
			<ITRForm:BankName name="itr.refund.depositToBankAccount.bankName" />
			<ITRForm:BankAccountNo name="itr.refund.bankAccountNumber" />
			<ITRForm:BankAccountType name="itr.refund.depositToBankAccount.bankAccountType" />
         </ITRForm:PriBankDetails>
         <ITRForm:AddtnlBankDetails>
            <ITRForm:IFSCCode name="itr.scheduleBA[0].ifscCode" />
			<ITRForm:BankName name="itr.scheduleBA[0].bankName" />
			<ITRForm:BankAccountNo name="itr.scheduleBA[0].accNo" />
			<ITRForm:BankAccountType name="itr.scheduleBA[0].bankAccType" />
         </ITRForm:AddtnlBankDetails>
         <ITRForm:BankAccounts name="itr.scheduleBA.noOfBankAcc"></ITRForm:BankAccounts>
      </ITRForm:BankAccountDtls>
    </ITRForm:Refund>
    <ITRForm:AssetOutsideIndiaFlg name="itr7.partBTTI.assetOutIndiaFlag">NO</ITRForm:AssetOutsideIndiaFlg>
  </ITRForm:PartB_TTI>
  <ITRForm:Verification>
    <ITRForm:Declaration>
      <ITRForm:AssesseeVerName name="itr7.verification.declaration.assesseeVerName"/>
      <ITRForm:FatherName name="itr7.verification.declaration.fatherName"/>
      <ITRForm:AssesseeVerPAN name="itr7.verification.declaration.assesseeVerPAN"/>      
      <ITRForm:Capacity name="itr7.verification.declaration.capacity"/>
    </ITRForm:Declaration>
    <ITRForm:Place name="itr7.verification.place"/>
    <ITRForm:Date name="itr7.verification.date"/>
  </ITRForm:Verification>
  <ITRForm:ITRScheduleI>
            <ITRForm:ScheduleI>
                <ITRForm:AccumlatedYear name="itr7.itrScheduleI.scheduleI[0].accumlatedYear"/>
                <ITRForm:AmountAccumlated name="itr7.itrScheduleI.scheduleI[0].amountAccumlated"/>
                <ITRForm:AccumulationPurpose name="itr7.itrScheduleI.scheduleI[0].accumulationPurpose"/>
                <ITRForm:AmountAppliedPreviousYear name="itr7.itrScheduleI.scheduleI[0].amountAppliedPreviousYear"/>
                <ITRForm:AmountInvested name="itr7.itrScheduleI.scheduleI[0].amountInvested"/>
                <ITRForm:AmountAppliedDuringYear name="itr7.itrScheduleI.scheduleI[0].amountAppliedDuringYear"/>
                <ITRForm:BalanceAmount name="itr7.itrScheduleI.scheduleI[0].balanceAmount"/>
                <ITRForm:AmountDeemedUs11 name="itr7.itrScheduleI.scheduleI[0].amountDeemedUs11"/>
            </ITRForm:ScheduleI>
            <ITRForm:TotAmountAccumlated name="itr7.itrScheduleI.totAmountAccumlated"/>
            <ITRForm:TotAmountAppliedPreviousYear name="itr7.itrScheduleI.totAmountAppliedPreviousYear"/>
            <ITRForm:TotAmountInvested name="itr7.itrScheduleI.totAmountInvested"/>
            <ITRForm:TotAmountAppliedDuringYear name="itr7.itrScheduleI.totAmountAppliedDuringYear"/>
            <ITRForm:TotBalanceAmount name="itr7.itrScheduleI.totBalanceAmount"/>
            <ITRForm:TotAmountDeemedUs11 name="itr7.itrScheduleI.totAmountDeemedUs11"/>
     </ITRForm:ITRScheduleI>
     <ITRForm:ITRScheduleJ>
            <ITRForm:BalanceCorpusFund name="itr7.itrScheduleJ.balanceCorpusFund"/>
            <ITRForm:BalanceNonCorpusFund name="itr7.itrScheduleJ.balanceNonCorpusFund"/>
            <ITRForm:ScheduleJUs11_5>
                <ITRForm:ScheduleJUs11_5Dtls>
                    <ITRForm:ModeOfInvestment name="itr7.itrScheduleJ.scheduleJUs115.scheduleJBDtls[0].modeOfInvestment"/>
                    <ITRForm:DateOfInvestment name="itr7.itrScheduleJ.scheduleJUs115.scheduleJBDtls[0].dateOfInvestment"/>
                    <ITRForm:DateOfMaturity name="itr7.itrScheduleJ.scheduleJUs115.scheduleJBDtls[0].dateOfMaturity"/>
                    <ITRForm:AmtOfInvestment name="itr7.itrScheduleJ.scheduleJUs115.scheduleJBDtls[0].amtOfInvestment"/>
                    <ITRForm:MaturityAmt name="itr7.itrScheduleJ.scheduleJUs115.scheduleJBDtls[0].maturityAmt"/>
                </ITRForm:ScheduleJUs11_5Dtls>
                <ITRForm:TotalInvestmentAmt name="itr7.itrScheduleJ.scheduleJUs115.totalInvestmentAmt"/>
                <ITRForm:MaturityAmount name="itr7.itrScheduleJ.scheduleJUs115.maturityAmount"/>
            </ITRForm:ScheduleJUs11_5>
            <ITRForm:ScheduleJUs13_3>
                <ITRForm:ScheduleJUs13_3Dtls>
                    <ITRForm:NameAndAddress name="itr7.itrScheduleJ.scheduleJUs133.scheduleJUs133Dtls[0].nameAndAddress"/>
                    <ITRForm:ConcernIsCompany name="itr7.itrScheduleJ.scheduleJUs133.scheduleJUs133Dtls[0].concernIsCompany"/>
                    <ITRForm:NoOfSharesHeld name="itr7.itrScheduleJ.scheduleJUs133.scheduleJUs133Dtls[0].noOfSharesHeld"/>
                    <ITRForm:ClassOfSharesHeld name="itr7.itrScheduleJ.scheduleJUs133.scheduleJUs133Dtls[0].classOfSharesHeld"/>
                    <ITRForm:NominalaValueOfInvestment name="itr7.itrScheduleJ.scheduleJUs133.scheduleJUs133Dtls[0].nominalaValueOfInvestment"/>
                    <ITRForm:IncFromInvestment name="itr7.itrScheduleJ.scheduleJUs133.scheduleJUs133Dtls[0].incFromInvestment"/>
                    <ITRForm:PercentOfCapitalConcern name="itr7.itrScheduleJ.scheduleJUs133.scheduleJUs133Dtls[0].percentOfCapitalConcern"/>
                </ITRForm:ScheduleJUs13_3Dtls>
                <ITRForm:TotalNoOfShares name="itr7.itrScheduleJ.scheduleJUs133.totalNoOfShares"/>
                <ITRForm:TotalValueOfInvestment name="itr7.itrScheduleJ.scheduleJUs133.totalValueOfInvestment"/>
                <ITRForm:TotalIncFromInvestment name="itr7.itrScheduleJ.scheduleJUs133.totalIncFromInvestment"/>
            </ITRForm:ScheduleJUs13_3>
            <ITRForm:ScheduleJOtherInvstmts>
                <ITRForm:ScheduleJOtherInvstmtsDtls>
                    <ITRForm:NameAndAddress name="itr7.itrScheduleJ.scheduleJOtherInvstmts.scheduleJOtherInvstmtsDtls[0].nameAndAddress"/>
                    <ITRForm:ConcernIsCompany name="itr7.itrScheduleJ.scheduleJOtherInvstmts.scheduleJOtherInvstmtsDtls[0].concernIsCompany"/>
                    <ITRForm:NoOfSharesHeld name="itr7.itrScheduleJ.scheduleJOtherInvstmts.scheduleJOtherInvstmtsDtls[0].noOfSharesHeld"/>
                    <ITRForm:ClassOfSharesHeld name="itr7.itrScheduleJ.scheduleJOtherInvstmts.scheduleJOtherInvstmtsDtls[0].classOfSharesHeld"/>
                    <ITRForm:NominalaValueOfInvestment name="itr7.itrScheduleJ.scheduleJOtherInvstmts.scheduleJOtherInvstmtsDtls[0].nominalaValueOfInvestment"/>
                </ITRForm:ScheduleJOtherInvstmtsDtls>
                <ITRForm:TotalNoOfShares name="itr7.itrScheduleJ.scheduleJOtherInvstmts.totalNoOfShares"/>
                <ITRForm:TotalValueOfInvestment name="itr7.itrScheduleJ.scheduleJOtherInvstmts.totalValueOfInvestment"/>
            </ITRForm:ScheduleJOtherInvstmts>
            <ITRForm:ScheduleJVoluntaryContribution>
                <ITRForm:ScheduleJVoluntaryContributionDtls>
                    <ITRForm:NameAndAddress name="itr7.itrScheduleJ.scheduleJVoluntaryContribution.scheduleJVoluntaryContributionDtls[0].nameAndAddress"/>
                    <ITRForm:ValueOfContribution name="itr7.itrScheduleJ.scheduleJVoluntaryContribution.scheduleJVoluntaryContributionDtls[0].valueOfContribution"/>
                    <ITRForm:AmtInvestedUs11 name="itr7.itrScheduleJ.scheduleJVoluntaryContribution.scheduleJVoluntaryContributionDtls[0].amtInvestedUs11"/>
                    <ITRForm:BalIncUs11 name="itr7.itrScheduleJ.scheduleJVoluntaryContribution.scheduleJVoluntaryContributionDtls[0].balIncUs11"/>
                </ITRForm:ScheduleJVoluntaryContributionDtls>
                <ITRForm:TotalValueOfContribution name="itr7.itrScheduleJ.scheduleJVoluntaryContribution.totalValueOfContribution"/>
                <ITRForm:TotalAmtInvestedUs11 name="itr7.itrScheduleJ.scheduleJVoluntaryContribution.totalAmtInvestedUs11"/>
                <ITRForm:TotalBalIncUs11 name="itr7.itrScheduleJ.scheduleJVoluntaryContribution.totalBalIncUs11"/>
            </ITRForm:ScheduleJVoluntaryContribution>
    </ITRForm:ITRScheduleJ>
   	<ITRForm:ITRScheduleK>
            <ITRForm:AuthorFounderDtlsIfAlive>
                <ITRForm:Name name="itr7.itrScheduleK.authorFounderDtlsIfAlive[0].name"/>
                <ITRForm:Address name="itr7.itrScheduleK.authorFounderDtlsIfAlive[0].address"/>
                <ITRForm:PAN name="itr7.itrScheduleK.authorFounderDtlsIfAlive[0].pan"/>
            </ITRForm:AuthorFounderDtlsIfAlive>
            <ITRForm:TrusteeManagerDuringPY>
                <ITRForm:Name name="itr7.itrScheduleK.trusteeManagerDuringPY[0].name"/>
                <ITRForm:Address name="itr7.itrScheduleK.trusteeManagerDuringPY[0].address"/>
                <ITRForm:PAN name="itr7.itrScheduleK.trusteeManagerDuringPY[0].pan"/>
            </ITRForm:TrusteeManagerDuringPY>
            <ITRForm:ContributionUs13_3bDtls>
                <ITRForm:Name name="itr7.itrScheduleK.contributionUs133BDtls[0].name"/>
                <ITRForm:Address name="itr7.itrScheduleK.contributionUs133BDtls[0].address"/>
                <ITRForm:PAN name="itr7.itrScheduleK.contributionUs133BDtls[0].pan"/>
            </ITRForm:ContributionUs13_3bDtls>
            <ITRForm:ContributionHUFDtls>
                <ITRForm:Name name="itr7.itrScheduleK.contributionHUFDtls[0].name"/>
                <ITRForm:Address name="itr7.itrScheduleK.contributionHUFDtls[0].address"/>
                <ITRForm:PAN name="itr7.itrScheduleK.contributionHUFDtls[0].pan"/>
            </ITRForm:ContributionHUFDtls>
    </ITRForm:ITRScheduleK>
	<ITRForm:ScheduleLA>
            <ITRForm:BooksOfAccMaintained name="itr7.scheduleLA.booksOfAccMaintained"/>
            <ITRForm:VoluntaryContribution name="itr7.scheduleLA.voluntaryContribution"/>
            <ITRForm:AccountsAudited name="itr7.scheduleLA.accountsAudited"/>
            <ITRForm:AuditReportDate name="itr7.scheduleLA.auditReportDate"/>
            <ITRForm:ReportUs29 name="itr7.scheduleLA.reportUs29"/>
			<ITRForm:SubmissionDate name="itr7.scheduleLA.submissionDate"/>
	</ITRForm:ScheduleLA>
    <ITRForm:ScheduleET>
            <ITRForm:BooksOfAccMaintained name="itr7.scheduleET.booksOfAccMaintained"/>
            <ITRForm:VoluntaryContribution name="itr7.scheduleET.voluntaryContribution"/>
            <ITRForm:RecordsMaintainedWithPAN name="itr7.scheduleET.recordsMaintainedWithPAN"/>
            <ITRForm:AccountsAudited name="itr7.scheduleET.accountsAudited"/>
            <ITRForm:AuditReportDate name="itr7.scheduleET.auditReportDate"/>
            <ITRForm:ReportAsPerRule17CA name="itr7.scheduleET.reportAsPerRule17CA"/>
            <ITRForm:VoluntaryContributionDtls>
                <ITRForm:OpeningBalance name="itr7.scheduleET.voluntaryContributionDtls.openingBalance"/>
                <ITRForm:VoluntaryContributionDuringYr name="itr7.scheduleET.voluntaryContributionDtls.voluntaryContributionDuringYr"/>
                <ITRForm:TotalAfterVoluntaryContribution name="itr7.scheduleET.voluntaryContributionDtls.totalAfterVoluntaryContribution"/>
                <ITRForm:AmtDistToPoliticalParties name="itr7.scheduleET.voluntaryContributionDtls.amtDistToPoliticalParties"/>
                <ITRForm:AmtSpentOnManagingAffairs name="itr7.scheduleET.voluntaryContributionDtls.amtSpentOnManagingAffairs"/>
                <ITRForm:Total name="itr7.scheduleET.voluntaryContributionDtls.total"/>
                <ITRForm:ClosingBalance name="itr7.scheduleET.voluntaryContributionDtls.closingBalance"/>
            </ITRForm:VoluntaryContributionDtls>
    </ITRForm:ScheduleET>
	<ITRForm:ScheduleHP>
			<ITRForm:PropertyDetails>
				<ITRForm:HPSNo name="scheduleHP.propertyDetails[0].hpSno"/>
				<ITRForm:AddressDetail>
					<ITRForm:AddrDetail name="itr7.scheduleHP.propertyDetails[0].addressDetail.addrDetail"/>
					<ITRForm:CityOrTownOrDistrict name="itr7.scheduleHP.propertyDetails[0].addressDetail.cityOrTownOrDistrict"/>
					<ITRForm:StateCode name="itr7.scheduleHP.propertyDetails[0].addressDetail.stateCode"/>
					<ITRForm:PinCode name="itr7.scheduleHP.propertyDetails[0].addressDetail.pinCode"/>
				</ITRForm:AddressDetail>
				<ITRForm:PropCoOwnedFlg name="itr7.scheduleHP.propertyDetails[0].propCoOwnedFlg"/>
				<ITRForm:AssessePercentShareProp name="itr7.scheduleHP.propertyDetails[0].asseseeShareProperty"/>
				<ITRForm:CoOwners>
					<ITRForm:CoOwnersSNo name="itr7.scheduleHP.propertyDetails[0].coOwners[0].coOwnersSNo"/>
					<ITRForm:NameCoOwner name="itr7.scheduleHP.propertyDetails[0].coOwners[0].nameCoOwner"/>
					<ITRForm:PAN_CoOwner name="itr7.scheduleHP.propertyDetails[0].coOwners[0].panCoOwner"/>
					<ITRForm:PercentShareProperty name="itr7.scheduleHP.propertyDetails[0].coOwners[0].percentShareProperty"/>
				</ITRForm:CoOwners>
				<ITRForm:ifLetOut name="itr7.scheduleHP.propertyDetails[0].ifLetOut"/>
	 				<ITRForm:TenantDetails>
	  				<ITRForm:TenantSNo name="scheduleHP.propertyDetails[0].coTenants[0].coTenantsSNo"/>
					<ITRForm:NameofTenant name="scheduleHP.propertyDetails[0].coTenants[0].nameOfTenant" />
					<ITRForm:PANofTenant name="scheduleHP.propertyDetails[0].coTenants[0].panofTenant" />
	 			</ITRForm:TenantDetails>
				<ITRForm:Rentdetails>
					<ITRForm:AnnualLetableValue name="itr7.scheduleHP.propertyDetails[0].rentdetails.annualLetableValue">0</ITRForm:AnnualLetableValue>
					<ITRForm:RentNotRealized name="itr7.scheduleHP.propertyDetails[0].rentdetails.rentNotRealized">0</ITRForm:RentNotRealized>
					<ITRForm:LocalTaxes name="itr7.scheduleHP.propertyDetails[0].rentdetails.localTaxes">0</ITRForm:LocalTaxes>
					<ITRForm:TotalUnrealizedAndTax name="itr7.scheduleHP.propertyDetails[0].rentdetails.totalUnrealizedAndTax">0</ITRForm:TotalUnrealizedAndTax>
					<ITRForm:BalanceALV name="itr7.scheduleHP.propertyDetails[0].rentdetails.balanceALV">0</ITRForm:BalanceALV>
					<ITRForm:ThirtyPercentOfBalance name="itr7.scheduleHP.propertyDetails[0].rentdetails.thirtyPercentOfBalance">0</ITRForm:ThirtyPercentOfBalance>
					<ITRForm:IntOnBorwCap name="itr7.scheduleHP.propertyDetails[0].rentdetails.intOnBorwCap">0</ITRForm:IntOnBorwCap>
					<ITRForm:TotalDeduct name="itr7.scheduleHP.propertyDetails[0].rentdetails.totalDeduct">0</ITRForm:TotalDeduct>
					<ITRForm:IncomeOfHP name="itr7.scheduleHP.propertyDetails[0].rentdetails.incomeOfHP">0</ITRForm:IncomeOfHP>
				</ITRForm:Rentdetails>
			</ITRForm:PropertyDetails>
			<ITRForm:RentOfEarlierYrSec25AandAA name="itr7.scheduleHP.rentOfEarlierYrSec25AandAA"/>
			<ITRForm:RentArearsSec25BAfter30pcDeduct name="itr7.scheduleHP.rentArearsSec25BAfter30PcDeduct"/>
			<ITRForm:TotalIncomeChargeableUnHP name="itr7.scheduleHP.totalIncomeChargeableUnHP"/>
	</ITRForm:ScheduleHP>
 	<ITRForm:ScheduleCG>
            <ITRForm:ShortTermCapGain>
                <ITRForm:OtherAsset111AApplicable>
                    <ITRForm:FullConsideration name="itr7.scheduleCG.shortTermCapGain.otherAsset111AApplicable.fullConsideration">0</ITRForm:FullConsideration>
                    <ITRForm:DeductSec48>
                        <ITRForm:AquisitCost name="itr7.scheduleCG.shortTermCapGain.otherAsset111AApplicable.deductSec48.aquisitCost">0</ITRForm:AquisitCost>
                        <ITRForm:ImproveCost name="itr7.scheduleCG.shortTermCapGain.otherAsset111AApplicable.deductSec48.improveCost">0</ITRForm:ImproveCost>
                        <ITRForm:ExpOnTrans name="itr7.scheduleCG.shortTermCapGain.otherAsset111AApplicable.deductSec48.expOnTrans">0</ITRForm:ExpOnTrans>
                        <ITRForm:TotalDedn name="itr7.scheduleCG.shortTermCapGain.otherAsset111AApplicable.deductSec48.totalDedn">0</ITRForm:TotalDedn>
                    </ITRForm:DeductSec48>
                    <ITRForm:BalanceCG name="itr7.scheduleCG.shortTermCapGain.otherAsset111AApplicable.balanceCG">0</ITRForm:BalanceCG>
                    <ITRForm:LossSec94of7Or94of8 name="itr7.scheduleCG.shortTermCapGain.otherAsset111AApplicable.lossSec94Of7Or94Of8">0</ITRForm:LossSec94of7Or94of8>
                    <ITRForm:BalCG name="itr7.scheduleCG.shortTermCapGain.otherAsset111AApplicable.balCG">0</ITRForm:BalCG>
                </ITRForm:OtherAsset111AApplicable>
                <ITRForm:OtherAsset>
                    <ITRForm:FullConsideration name="itr7.scheduleCG.shortTermCapGain.otherAsset.fullConsideration">0</ITRForm:FullConsideration>
                    <ITRForm:DeductSec48>
                        <ITRForm:AquisitCost name="itr7.scheduleCG.shortTermCapGain.otherAsset.deductSec48.aquisitCost">0</ITRForm:AquisitCost>
                        <ITRForm:ImproveCost name="itr7.scheduleCG.shortTermCapGain.otherAsset.deductSec48.improveCost">0</ITRForm:ImproveCost>
                        <ITRForm:ExpOnTrans name="itr7.scheduleCG.shortTermCapGain.otherAsset.deductSec48.expOnTrans">0</ITRForm:ExpOnTrans>
                        <ITRForm:TotalDedn name="itr7.scheduleCG.shortTermCapGain.otherAsset.deductSec48.totalDedn">0</ITRForm:TotalDedn>
                    </ITRForm:DeductSec48>
                    <ITRForm:BalanceCG name="itr7.scheduleCG.shortTermCapGain.otherAsset.balanceCG">0</ITRForm:BalanceCG>
                    <ITRForm:LossSec94of7Or94of8 name="itr7.scheduleCG.shortTermCapGain.otherAsset.lossSec94Of7Or94Of8">0</ITRForm:LossSec94of7Or94of8>
                    <ITRForm:BalSCG name="itr7.scheduleCG.shortTermCapGain.otherAsset.balSCG">0</ITRForm:BalSCG>
                </ITRForm:OtherAsset>
                <ITRForm:DeemedSTCGDeprAsset name="itr7.scheduleCG.shortTermCapGain.deemedSTCGDeprAsset">0</ITRForm:DeemedSTCGDeprAsset>
                <ITRForm:ExemptionUs11_1A name="itr7.scheduleCG.shortTermCapGain.exemptionUs111A">0</ITRForm:ExemptionUs11_1A>
                <ITRForm:TotalSTCG name="itr7.scheduleCG.shortTermCapGain.totalSTCG">0</ITRForm:TotalSTCG>
            </ITRForm:ShortTermCapGain>
            <ITRForm:LongTermCapGain>
                <ITRForm:OtherAssetNoProviso112>
                    <ITRForm:FullConsideration name="itr7.scheduleCG.longTermCapGain.otherAssetNoProviso112.fullConsideration">0</ITRForm:FullConsideration>
                    <ITRForm:DeductSec48>
                        <ITRForm:AquisitCostIndexed name="itr7.scheduleCG.longTermCapGain.otherAssetNoProviso112.deductSec48.aquisitCostIndexed">0</ITRForm:AquisitCostIndexed>
                        <ITRForm:ImproveCostIndexed name="itr7.scheduleCG.longTermCapGain.otherAssetNoProviso112.deductSec48.improveCostIndexed">0</ITRForm:ImproveCostIndexed>
                        <ITRForm:ExpOnTrans name="itr7.scheduleCG.longTermCapGain.otherAssetNoProviso112.deductSec48.expOnTrans">0</ITRForm:ExpOnTrans>
                        <ITRForm:TotalDedn name="itr7.scheduleCG.longTermCapGain.otherAssetNoProviso112.deductSec48.totalDedn">0</ITRForm:TotalDedn>
                    </ITRForm:DeductSec48>
                    <ITRForm:BalanceCG name="itr7.scheduleCG.longTermCapGain.otherAssetNoProviso112.balanceCG">0</ITRForm:BalanceCG>
                    <ITRForm:ExemptionUs11_1A name="itr7.scheduleCG.longTermCapGain.otherAssetNoProviso112.exemptionUs111A">0</ITRForm:ExemptionUs11_1A>
                    <ITRForm:BalLTCGNo112 name="itr7.scheduleCG.longTermCapGain.otherAssetNoProviso112.balLTCGNo112">0</ITRForm:BalLTCGNo112>
                </ITRForm:OtherAssetNoProviso112>
                <ITRForm:OtherAssetProviso112>
                    <ITRForm:FullConsideration name="itr7.scheduleCG.longTermCapGain.otherAssetProviso112.fullConsideration">0</ITRForm:FullConsideration>
                    <ITRForm:DeductSec48>
                        <ITRForm:AquisitCostNoIndex name="itr7.scheduleCG.longTermCapGain.otherAssetProviso112.deductSec48.aquisitCostNoIndex">0</ITRForm:AquisitCostNoIndex>
                        <ITRForm:ImproveCostNoIndex name="itr7.scheduleCG.longTermCapGain.otherAssetProviso112.deductSec48.improveCostNoIndex">0</ITRForm:ImproveCostNoIndex>
                        <ITRForm:ExpOnTrans name="itr7.scheduleCG.longTermCapGain.otherAssetProviso112.deductSec48.expOnTrans">0</ITRForm:ExpOnTrans>
                        <ITRForm:TotalDedn name="itr7.scheduleCG.longTermCapGain.otherAssetProviso112.deductSec48.totalDedn">0</ITRForm:TotalDedn>
                    </ITRForm:DeductSec48>
                    <ITRForm:BalanceCG name="itr7.scheduleCG.longTermCapGain.otherAssetProviso112.balanceCG">0</ITRForm:BalanceCG>
                    <ITRForm:ExemptionUs11_1A name="itr7.scheduleCG.longTermCapGain.otherAssetProviso112.exemptionUs111A">0</ITRForm:ExemptionUs11_1A>
                    <ITRForm:BalLTCG112 name="itr7.scheduleCG.longTermCapGain.otherAssetProviso112.balLTCG112">0</ITRForm:BalLTCG112>
                </ITRForm:OtherAssetProviso112>
                <ITRForm:TotalLTCG name="itr7.scheduleCG.longTermCapGain.totalLTCG">0</ITRForm:TotalLTCG>                                
            </ITRForm:LongTermCapGain>
            <ITRForm:IncChargeableHeadCapGain name="itr7.scheduleCG.incChargeableHeadCapGain">0</ITRForm:IncChargeableHeadCapGain>
        </ITRForm:ScheduleCG>
        <ITRForm:ScheduleOS>
			<ITRForm:IncOthThanOwnRaceHorse>
				<ITRForm:DividendGross name="itr7.scheduleOS.incOthThanOwnRaceHorse.dividendGross">0</ITRForm:DividendGross>
				<ITRForm:InterestGross name="itr7.scheduleOS.incOthThanOwnRaceHorse.interestGross">0</ITRForm:InterestGross>
				<ITRForm:RentFromMachPlantBldgs name="itr7.scheduleOS.incOthThanOwnRaceHorse.rentFromMachPlantBldgs">0</ITRForm:RentFromMachPlantBldgs>
				<ITRForm:OthersGrossDtls>
					<ITRForm:SourceDescription name="itr7.scheduleOS.incOthThanOwnRaceHorse.othersGrossDtls[0].sourceDescription"/>
					<ITRForm:OtherSourceDesc name="itr7.scheduleOS.incOthThanOwnRaceHorse.othersGrossDtls[0].otherSourceDesc"/>
					<ITRForm:SourceAmount name="itr7.scheduleOS.incOthThanOwnRaceHorse.othersGrossDtls[0].sourceAmount"/>
				</ITRForm:OthersGrossDtls>
				<ITRForm:OthersGross name="itr7.scheduleOS.incOthThanOwnRaceHorse.othersGross">0</ITRForm:OthersGross>
				<ITRForm:TotalOSGross name="itr7.scheduleOS.incOthThanOwnRaceHorse.totalOSGross">0</ITRForm:TotalOSGross>
				<ITRForm:IncChargblSplRateOS>
      				<ITRForm:WinningFrmLotteries name="itr7.scheduleOS.incOthThanOwnRaceHorse.incChargblSplRateOS.winningFrmLotteries">0</ITRForm:WinningFrmLotteries>
      				<ITRForm:SecXIIOth name="itr7.scheduleOS.incOthThanOwnRaceHorse.incChargblSplRateOS.secXIIOth">0</ITRForm:SecXIIOth>
      				<ITRForm:TotalOSGrossChargblSplRate name="itr7.scheduleOS.incOthThanOwnRaceHorse.incChargblSplRateOS.totalOSGrossChargblSplRate">0</ITRForm:TotalOSGrossChargblSplRate>
      			</ITRForm:IncChargblSplRateOS>
     			<ITRForm:GrossAmtChargblNormalRate name="itr7.scheduleOS.incOthThanOwnRaceHorse.grossAmtChargblNormalRate"/>
				<ITRForm:Deductions>
					<ITRForm:Expenses name="itr7.scheduleOS.incOthThanOwnRaceHorse.deductions.expenses">0</ITRForm:Expenses>
					<ITRForm:Depreciation name="itr7.scheduleOS.incOthThanOwnRaceHorse.deductions.depreciation">0</ITRForm:Depreciation>
					<ITRForm:TotDeductions name="itr7.scheduleOS.incOthThanOwnRaceHorse.deductions.totDeductions">0</ITRForm:TotDeductions>
				</ITRForm:Deductions>
				<ITRForm:BalanceNoRaceHorse name="itr7.scheduleOS.incOthThanOwnRaceHorse.balanceNoRaceHorse">0</ITRForm:BalanceNoRaceHorse>
			</ITRForm:IncOthThanOwnRaceHorse>
			<ITRForm:TotOthSrcNoRaceHorse name="itr7.scheduleOS.totOthSrcNoRaceHorse">0</ITRForm:TotOthSrcNoRaceHorse>
			<ITRForm:IncFromOwnHorse>
				<ITRForm:Receipts name="itr7.scheduleOS.incFromOwnHorse.receipts">0</ITRForm:Receipts>
				<ITRForm:DeductSec57 name="itr7.scheduleOS.incFromOwnHorse.deductSec57">0</ITRForm:DeductSec57>
				<ITRForm:BalanceOwnRaceHorse name="itr7.scheduleOS.incFromOwnHorse.balanceOwnRaceHorse">0</ITRForm:BalanceOwnRaceHorse>
			</ITRForm:IncFromOwnHorse>
			<ITRForm:IncChargeableFrmOthSrc name="itr7.scheduleOS.incChargeableFrmOthSrc">0</ITRForm:IncChargeableFrmOthSrc>
		</ITRForm:ScheduleOS> 
		
		<ITRForm:ScheduleVC>
			<ITRForm:Local>
				<ITRForm:CorpusFundDonation name="itr7.scheduleVC.local.corpusFundDonation">0</ITRForm:CorpusFundDonation>
				<ITRForm:OtherThanCorpusFund name="itr7.scheduleVC.local.otherThanCorpusFund">0</ITRForm:OtherThanCorpusFund>
				<ITRForm:VoluntaryContribution name="itr7.scheduleVC.local.voluntaryContribution">0</ITRForm:VoluntaryContribution>
			</ITRForm:Local>
			<ITRForm:Foreign>
				<ITRForm:CorpusFundDonation name="itr7.scheduleVC.foreign.corpusFundDonation">0</ITRForm:CorpusFundDonation>
				<ITRForm:OtherThanCorpusFund name="itr7.scheduleVC.foreign.otherThanCorpusFund">0</ITRForm:OtherThanCorpusFund>
				<ITRForm:ForeignContribution name="itr7.scheduleVC.foreign.foreignContribution">0</ITRForm:ForeignContribution>
			</ITRForm:Foreign>
			<ITRForm:TotalContribution name="itr7.scheduleVC.totalContribution">0</ITRForm:TotalContribution>
			<ITRForm:AnonymousDonations>
				<ITRForm:AggregateAnonymousDonations name="itr7.scheduleVC.anonymousDonations.aggregateAnonymousDonation">0</ITRForm:AggregateAnonymousDonations>
				<ITRForm:TotalDonationsReceived name="itr7.scheduleVC.anonymousDonations.totalDonationsReceived">0</ITRForm:TotalDonationsReceived>
				<ITRForm:AnonymousDonations115BBC name="itr7.scheduleVC.anonymousDonations.anonymousDonations115BBC">0</ITRForm:AnonymousDonations115BBC>
			</ITRForm:AnonymousDonations>
		</ITRForm:ScheduleVC>
		
		
		<ITRForm:ScheduleOA>		
            <ITRForm:IncUnHeadBPFlag name="itr7.partaoi.incUnHeadBPFlag"/>
		     <ITRForm:NatOfBus>
					<ITRForm:NatureOfBusiness>
							<ITRForm:Code name="itr7.partaoi.natOfBus.natureOfBusiness[0].code" />
							<ITRForm:TradeName1 name="itr7.partaoi.natOfBus.natureOfBusiness[0].tradeName1" />
							<ITRForm:TradeName2 name="itr7.partaoi.natOfBus.natureOfBusiness[0].tradeName2" />
							<ITRForm:TradeName3 name="itr7.partaoi.natOfBus.natureOfBusiness[0].tradeName3" />
					</ITRForm:NatureOfBusiness>
			 </ITRForm:NatOfBus>            			
            <ITRForm:NumberOfBranches name="itr7.partaoi.numberOfBranches"/>
            <ITRForm:MethodOfAcct name="itr7.partaoi.methodOfAcct"/>
            <ITRForm:ChangeInAcctMethFlg name="itr7.partaoi.changeInAcctMethFlg"/>
            <ITRForm:ProfDeviatDueAcctMeth name="itr7.partaoi.profDeviatDueAcctMeth"/>
            <ITRForm:MethodOfValClgStk>
                <ITRForm:ValRawMaterial name="itr7.partaoi.methodOfValClgStk.valRawMaterial">1</ITRForm:ValRawMaterial>
                <ITRForm:ValFinishedGoods name="itr7.partaoi.methodOfValClgStk.valFinishedGoods">1</ITRForm:ValFinishedGoods>
                <ITRForm:ChngStockValMetFlg name="itr7.partaoi.methodOfValClgStk.chngStockValMetFlg">N</ITRForm:ChngStockValMetFlg>
                <ITRForm:EffectOnPL name="itr7.partaoi.methodOfValClgStk.effectOnPL">0</ITRForm:EffectOnPL>
            </ITRForm:MethodOfValClgStk>        
		</ITRForm:ScheduleOA>
		<ITRForm:CorpScheduleBP>
			<ITRForm:BusinessIncOthThanSpec>
				<ITRForm:ProfBfrTaxPL name="itr7.corpScheduleBP.businessIncOthThanSpec.profBfrTaxPL">0</ITRForm:ProfBfrTaxPL>
				<ITRForm:NetPLFromSpecBus name="itr7.corpScheduleBP.businessIncOthThanSpec.netPLFromSpecBus">0</ITRForm:NetPLFromSpecBus>
				<ITRForm:NetProfLossSpecifiedBus name="itr7.corpScheduleBP.businessIncOthThanSpec.netProfLossSpecifiedBus">0</ITRForm:NetProfLossSpecifiedBus>
				<ITRForm:PLUs44sChapXIIG name="itr7.corpScheduleBP.businessIncOthThanSpec.plUs44SChapXIIG">0</ITRForm:PLUs44sChapXIIG>
				<ITRForm:IncCredPL>
					<ITRForm:FirmShareInc name="itr7.corpScheduleBP.businessIncOthThanSpec.incCredPL.firmShareInc">0</ITRForm:FirmShareInc>
					<ITRForm:AOPBOISharInc name="itr7.corpScheduleBP.businessIncOthThanSpec.incCredPL.aopboiSharInc">0</ITRForm:AOPBOISharInc>
					<ITRForm:OthExempInc name="itr7.corpScheduleBP.businessIncOthThanSpec.incCredPL.othExempInc">0</ITRForm:OthExempInc>
					<ITRForm:TotExempInc name="itr7.corpScheduleBP.businessIncOthThanSpec.incCredPL.totExempInc">0</ITRForm:TotExempInc>
				</ITRForm:IncCredPL>
				<ITRForm:BalancePLOthThanSpecBus name="itr7.corpScheduleBP.businessIncOthThanSpec.balancePLOthThanSpecBus">0</ITRForm:BalancePLOthThanSpecBus>
				<ITRForm:ExpDebToPLOthHeads name="itr7.corpScheduleBP.businessIncOthThanSpec.expDebToPLOthHeads">0</ITRForm:ExpDebToPLOthHeads>
				<ITRForm:ExpDebToPLExemptInc name="itr7.corpScheduleBP.businessIncOthThanSpec.expDebToPLExemptInc">0</ITRForm:ExpDebToPLExemptInc>
				<ITRForm:TotExpDebPL name="itr7.corpScheduleBP.businessIncOthThanSpec.totExpDebPL">0</ITRForm:TotExpDebPL>
				<ITRForm:AdjustedPLOthThanSpecBus name="itr7.corpScheduleBP.businessIncOthThanSpec.adjustedPLOthThanSpecBus">0</ITRForm:AdjustedPLOthThanSpecBus>
				<ITRForm:DeemIncUs3380HHD80IA name="itr7.corpScheduleBP.businessIncOthThanSpec.deemIncUs3380HHD80IA">0</ITRForm:DeemIncUs3380HHD80IA>
				<ITRForm:OthItemDisallowUs28To44DA name="itr7.corpScheduleBP.businessIncOthThanSpec.othItemDisallowUs28To44DA">0</ITRForm:OthItemDisallowUs28To44DA>
				<ITRForm:AnyOthIncNotInclInExpDisallowPL name="itr7.corpScheduleBP.businessIncOthThanSpec.anyOthIncNotInclInExpDisallowPL">0</ITRForm:AnyOthIncNotInclInExpDisallowPL>
				<ITRForm:TotAfterAddToPLDeprOthSpecInc name="itr7.corpScheduleBP.businessIncOthThanSpec.totAfterAddToPLDeprOthSpecInc">0</ITRForm:TotAfterAddToPLDeprOthSpecInc>
				<ITRForm:DeductUs32_1_iii name="itr7.corpScheduleBP.businessIncOthThanSpec.deductUs321Iii">0</ITRForm:DeductUs32_1_iii>
				<ITRForm:AnyOthAmtAllDeduct name="itr7.corpScheduleBP.businessIncOthThanSpec.anyOthAmtAllDeduct">0</ITRForm:AnyOthAmtAllDeduct>
				<ITRForm:TotDeductionAmts name="itr7.corpScheduleBP.businessIncOthThanSpec.totDeductionAmts">0</ITRForm:TotDeductionAmts>
				<ITRForm:PLAftAdjDedBusOthThanSpec name="itr7.corpScheduleBP.businessIncOthThanSpec.plAftAdjDedBusOthThanSpec">0</ITRForm:PLAftAdjDedBusOthThanSpec>
				<ITRForm:DeemedProfitBusUs>
					<ITRForm:Section44AD name="itr7.corpScheduleBP.businessIncOthThanSpec.deemedProfitBusUs.section44AD">0</ITRForm:Section44AD>
					<ITRForm:Section44AE name="itr7.corpScheduleBP.businessIncOthThanSpec.deemedProfitBusUs.section44AE">0</ITRForm:Section44AE>
					<ITRForm:TotDeemedProfitBusUs name="itr7.corpScheduleBP.businessIncOthThanSpec.deemedProfitBusUs.totDeemedProfitBusUs">0</ITRForm:TotDeemedProfitBusUs>
				</ITRForm:DeemedProfitBusUs>
				<ITRForm:NetPLAftAdjBusOthThanSpec name="itr7.corpScheduleBP.businessIncOthThanSpec.netPLAftAdjBusOthThanSpec">0</ITRForm:NetPLAftAdjBusOthThanSpec>
				<ITRForm:NetPLBusOthThanSpec7A7B7C name="itr7.corpScheduleBP.businessIncOthThanSpec.netPLBusOthThanSpec7A7B7C">0</ITRForm:NetPLBusOthThanSpec7A7B7C>
				<ITRForm:NetPLBusOthThanSpec7A7B7CI name="itr7.corpScheduleBP.businessIncOthThanSpec.netPLBusOthThanSpec7A7B7CI"/>
			</ITRForm:BusinessIncOthThanSpec>
			<ITRForm:SpecBusinessInc>
				<ITRForm:NetPLFrmSpecBus name="itr7.corpScheduleBP.specBusinessInc.netPLFrmSpecBus">0</ITRForm:NetPLFrmSpecBus>
				<ITRForm:AdditionUs28to44DA name="itr7.corpScheduleBP.specBusinessInc.additionUs28To44DA">0</ITRForm:AdditionUs28to44DA>
				<ITRForm:DeductUs28to44DA name="itr7.corpScheduleBP.specBusinessInc.deductUs28To44DA">0</ITRForm:DeductUs28to44DA>
				<ITRForm:AdjustedPLFrmSpecuBus name="itr7.corpScheduleBP.specBusinessInc.adjustedPLFrmSpecuBus">0</ITRForm:AdjustedPLFrmSpecuBus>
			</ITRForm:SpecBusinessInc>
			<ITRForm:IncSpecifiedBusiness>
				<ITRForm:NetPLFrmSpecifiedBus name="itr7.corpScheduleBP.incSpecifiedBusiness.netPLFrmSpecifiedBus">0</ITRForm:NetPLFrmSpecifiedBus>
				<ITRForm:AddSec28to44DA name="itr7.corpScheduleBP.incSpecifiedBusiness.addSec28To44DA">0</ITRForm:AddSec28to44DA>
				<ITRForm:DedSec28to44DAOTDedSec35AD name="itr7.corpScheduleBP.incSpecifiedBusiness.dedSec28To44DAOTDedSec35AD">0</ITRForm:DedSec28to44DAOTDedSec35AD>
				<ITRForm:ProfitLossSpecifiedBusiness name="itr7.corpScheduleBP.incSpecifiedBusiness.profitLossSpecifiedBusiness">0</ITRForm:ProfitLossSpecifiedBusiness>
				<ITRForm:DedSec35AD name="itr7.corpScheduleBP.incSpecifiedBusiness.dedSec35AD">0</ITRForm:DedSec35AD>
				<ITRForm:ProfitLossSpecifiedBusFinal name="itr7.corpScheduleBP.incSpecifiedBusiness.profitLossSpecifiedBusFinal">0</ITRForm:ProfitLossSpecifiedBusFinal>
			</ITRForm:IncSpecifiedBusiness>
			<ITRForm:IncChrgUnHdProftGain name="itr7.corpScheduleBP.incChrgUnHdProftGain">0</ITRForm:IncChrgUnHdProftGain>
			<ITRForm:IncChargbleUs11_4>
                <ITRForm:IncFromBusUndertaking name="itr7.corpScheduleBP.chargeableUs11.incAsAccOfBusUndertaking">0</ITRForm:IncFromBusUndertaking>
                <ITRForm:IncChargbleToTax name="itr7.corpScheduleBP.chargeableUs11.incChargeableUs11">0</ITRForm:IncChargbleToTax>
            </ITRForm:IncChargbleUs11_4>
		</ITRForm:CorpScheduleBP>
		<ITRForm:ScheduleCYLA>
			<ITRForm:HP>
				<ITRForm:IncCYLA>
					<ITRForm:IncOfCurYrUnderThatHead name="itr7.scheduleCYLA.houseProperty.incCYLA.incOfCurYrUnderThatHead"/>
					<ITRForm:HPlossCurYrSetoff name="itr7.scheduleCYLA.houseProperty.incCYLA.hPlossCurYrSetoff"/>
					<ITRForm:BusLossSetoff name="itr7.scheduleCYLA.houseProperty.incCYLA.busLossSetoff"/>
					<ITRForm:OthSrcLossNoRaceHorseSetoff name="itr7.scheduleCYLA.houseProperty.incCYLA.othSrcLossNoRaceHorseSetoff"/>
					<ITRForm:IncOfCurYrAfterSetOff name="itr7.scheduleCYLA.houseProperty.incCYLA.incOfCurYrAfterSetOff"/>
				</ITRForm:IncCYLA>
			</ITRForm:HP>
			<ITRForm:BusProfExclSpecProf>
				<ITRForm:IncCYLA>
					<ITRForm:IncOfCurYrUnderThatHead name="itr7.scheduleCYLA.busProfInclSpecProf.incCYLA.incOfCurYrUnderThatHead"/>
					<ITRForm:HPlossCurYrSetoff name="itr7.scheduleCYLA.busProfInclSpecProf.incCYLA.hPlossCurYrSetoff"/>
					<ITRForm:BusLossSetoff name="itr7.scheduleCYLA.busProfInclSpecProf.incCYLA.busLossSetoff"/>
					<ITRForm:OthSrcLossNoRaceHorseSetoff name="itr7.scheduleCYLA.busProfInclSpecProf.incCYLA.othSrcLossNoRaceHorseSetoff"/>
					<ITRForm:IncOfCurYrAfterSetOff name="itr7.scheduleCYLA.busProfInclSpecProf.incCYLA.incOfCurYrAfterSetOff"/>
				</ITRForm:IncCYLA>
			</ITRForm:BusProfExclSpecProf>
			<ITRForm:SpeculationIncome>
				<ITRForm:IncCYLA>
					<ITRForm:IncOfCurYrUnderThatHead name="itr7.scheduleCYLA.speculativeInc.incCYLA.incOfCurYrUnderThatHead"/>
					<ITRForm:HPlossCurYrSetoff name="itr7.scheduleCYLA.speculativeInc.incCYLA.hPlossCurYrSetoff"/>
					<ITRForm:BusLossSetoff name="itr7.scheduleCYLA.speculativeInc.incCYLA.busLossSetoff"/>
					<ITRForm:OthSrcLossNoRaceHorseSetoff name="itr7.scheduleCYLA.speculativeInc.incCYLA.othSrcLossNoRaceHorseSetoff"/>
					<ITRForm:IncOfCurYrAfterSetOff name="itr7.scheduleCYLA.speculativeInc.incCYLA.incOfCurYrAfterSetOff"/>
				</ITRForm:IncCYLA>
			</ITRForm:SpeculationIncome>
			<ITRForm:SpecifiedBusIncome>
				<ITRForm:IncCYLA>
					<ITRForm:IncOfCurYrUnderThatHead name="itr7.scheduleCYLA.specifiedInc.incCYLA.incOfCurYrUnderThatHead"/>
					<ITRForm:HPlossCurYrSetoff name="itr7.scheduleCYLA.specifiedInc.incCYLA.hPlossCurYrSetoff"/>
					<ITRForm:BusLossSetoff name="itr7.scheduleCYLA.specifiedInc.incCYLA.busLossSetoff"/>
					<ITRForm:OthSrcLossNoRaceHorseSetoff name="itr7.scheduleCYLA.specifiedInc.incCYLA.othSrcLossNoRaceHorseSetoff"/>
					<ITRForm:IncOfCurYrAfterSetOff name="itr7.scheduleCYLA.specifiedInc.incCYLA.incOfCurYrAfterSetOff"/>
				</ITRForm:IncCYLA>
			</ITRForm:SpecifiedBusIncome>
			<ITRForm:STCG>
				<ITRForm:IncCYLA>
					<ITRForm:IncOfCurYrUnderThatHead name="itr7.scheduleCYLA.stcg.incCYLA.incOfCurYrUnderThatHead"/>
					<ITRForm:HPlossCurYrSetoff name="itr7.scheduleCYLA.stcg.incCYLA.hPlossCurYrSetoff"/>
					<ITRForm:BusLossSetoff name="itr7.scheduleCYLA.stcg.incCYLA.busLossSetoff"/>
					<ITRForm:OthSrcLossNoRaceHorseSetoff name="itr7.scheduleCYLA.stcg.incCYLA.othSrcLossNoRaceHorseSetoff"/>
					<ITRForm:IncOfCurYrAfterSetOff name="itr7.scheduleCYLA.stcg.incCYLA.incOfCurYrAfterSetOff"/>
				</ITRForm:IncCYLA>
			</ITRForm:STCG>
			<ITRForm:LTCG>
				<ITRForm:IncCYLA>
					<ITRForm:IncOfCurYrUnderThatHead name="itr7.scheduleCYLA.ltcg.incCYLA.incOfCurYrUnderThatHead"/>
					<ITRForm:HPlossCurYrSetoff name="itr7.scheduleCYLA.ltcg.incCYLA.hPlossCurYrSetoff"/>
					<ITRForm:BusLossSetoff name="itr7.scheduleCYLA.ltcg.incCYLA.busLossSetoff"/>
					<ITRForm:OthSrcLossNoRaceHorseSetoff name="itr7.scheduleCYLA.ltcg.incCYLA.othSrcLossNoRaceHorseSetoff"/>
					<ITRForm:IncOfCurYrAfterSetOff name="itr7.scheduleCYLA.ltcg.incCYLA.incOfCurYrAfterSetOff"/>
				</ITRForm:IncCYLA>
			</ITRForm:LTCG>
			<ITRForm:OthSrcExclRaceHorseLottery>
				<ITRForm:IncCYLA>
					<ITRForm:IncOfCurYrUnderThatHead name="itr7.scheduleCYLA.othSrcInclRaceHorse.incCYLA.incOfCurYrUnderThatHead"/>
					<ITRForm:HPlossCurYrSetoff name="itr7.scheduleCYLA.othSrcInclRaceHorse.incCYLA.hPlossCurYrSetoff"/>
					<ITRForm:BusLossSetoff name="itr7.scheduleCYLA.othSrcInclRaceHorse.incCYLA.busLossSetoff"/>
					<ITRForm:OthSrcLossNoRaceHorseSetoff name="itr7.scheduleCYLA.othSrcInclRaceHorse.incCYLA.othSrcLossNoRaceHorseSetoff"/>
					<ITRForm:IncOfCurYrAfterSetOff name="itr7.scheduleCYLA.othSrcInclRaceHorse.incCYLA.incOfCurYrAfterSetOff"/>
				</ITRForm:IncCYLA>
			</ITRForm:OthSrcExclRaceHorseLottery>
			<ITRForm:ProfitFrmRaceHorse>
				<ITRForm:IncCYLA>
					<ITRForm:IncOfCurYrUnderThatHead name="itr7.scheduleCYLA.profitFrmRaceHorse.incCYLA.incOfCurYrUnderThatHead"/>
					<ITRForm:HPlossCurYrSetoff name="itr7.scheduleCYLA.profitFrmRaceHorse.incCYLA.hPlossCurYrSetoff"/>
					<ITRForm:BusLossSetoff name="itr7.scheduleCYLA.profitFrmRaceHorse.incCYLA.busLossSetoff"/>
					<ITRForm:OthSrcLossNoRaceHorseSetoff name="itr7.scheduleCYLA.profitFrmRaceHorse.incCYLA.othSrcLossNoRaceHorseSetoff"/>
					<ITRForm:IncOfCurYrAfterSetOff name="itr7.scheduleCYLA.profitFrmRaceHorse.incCYLA.incOfCurYrAfterSetOff"/>
				</ITRForm:IncCYLA>
			</ITRForm:ProfitFrmRaceHorse>
			<ITRForm:TotalCurYr>
				<ITRForm:TotHPlossCurYr name="itr7.scheduleCYLA.totalCurYr.totHPlossCurYr"/>
				<ITRForm:TotBusLoss name="itr7.scheduleCYLA.totalCurYr.totBusLoss"/>
				<ITRForm:TotOthSrcLossNoRaceHorse name="itr7.scheduleCYLA.totalCurYr.totOthSrcLossNoRaceHorse"/>
			</ITRForm:TotalCurYr>
			<ITRForm:TotalLossSetOff>
				<ITRForm:TotHPlossCurYrSetoff name="itr7.scheduleCYLA.totalLossSetOff.totHPlossCurYrSetoff"/>
				<ITRForm:TotBusLossSetoff name="itr7.scheduleCYLA.totalLossSetOff.totBusLossSetoff"/>
				<ITRForm:TotOthSrcLossNoRaceHorseSetoff name="itr7.scheduleCYLA.totalLossSetOff.totOthSrcLossNoRaceHorseSetoff"/>
			</ITRForm:TotalLossSetOff>
			<ITRForm:LossRemAftSetOff>
				<ITRForm:BalHPlossCurYrAftSetoff name="itr7.scheduleCYLA.lossRemAftSetOff.balHPlossCurYrAftSetoff"/>
				<ITRForm:BalBusLossAftSetoff name="itr7.scheduleCYLA.lossRemAftSetOff.balBusLossAftSetoff"/>
				<ITRForm:BalOthSrcLossNoRaceHorseAftSetoff name="itr7.scheduleCYLA.lossRemAftSetOff.balOthSrcLossNoRaceHorseAftSetoff"/>
			</ITRForm:LossRemAftSetOff>
		</ITRForm:ScheduleCYLA>
		<ITRForm:ScheduleMAT>
			<ITRForm:PLAcntPrepSchedVICompAct name="itr7.scheduleMAT.plAcntPrepSchedVICompAct">1</ITRForm:PLAcntPrepSchedVICompAct>
			<ITRForm:PLAcntPrepAsperAGM name="itr7.scheduleMAT.plAcntPrepAsperAGM">1</ITRForm:PLAcntPrepAsperAGM>
			<ITRForm:ProfAfterTaxPLAcnt name="itr7.scheduleMAT.profAfterTaxPLAcnt">0</ITRForm:ProfAfterTaxPLAcnt>
			<ITRForm:Additions>
				<ITRForm:ITPaidInclDefTax name="itr7.scheduleMAT.additions.itPaidInclDefTax">0</ITRForm:ITPaidInclDefTax>
				<ITRForm:ResvrNo33AC name="itr7.scheduleMAT.additions.resvrNo33AC">0</ITRForm:ResvrNo33AC>
				<ITRForm:ProvUncertainLiab name="itr7.scheduleMAT.additions.provUncertainLiab">0</ITRForm:ProvUncertainLiab>
				<ITRForm:ProvLossOfSubsComp name="itr7.scheduleMAT.additions.provLossOfSubsComp">0</ITRForm:ProvLossOfSubsComp>
				<ITRForm:DividendPaidOrProposed name="itr7.scheduleMAT.additions.dividendPaidOrProposed">0</ITRForm:DividendPaidOrProposed>
				<ITRForm:ExpendExempIncUs10s name="itr7.scheduleMAT.additions.expendExempIncUs10S">0</ITRForm:ExpendExempIncUs10s>
				<ITRForm:ExpAopBoi name="itr7.scheduleMAT.additions.shareIncomeOfAOPBOI">0</ITRForm:ExpAopBoi>
				<ITRForm:ExpClauseFb name="itr7.scheduleMAT.additions.expendInCaseOfForeignCompany">0</ITRForm:ExpClauseFb>
				<ITRForm:NotLossClauseFc name="itr7.scheduleMAT.additions.natLossOnCertianCapitalAssets">0</ITRForm:NotLossClauseFc>				
				<ITRForm:DepreciatAttribToRevalAsset name="itr7.scheduleMAT.additions.depreciatAttribToRevalAsset">0</ITRForm:DepreciatAttribToRevalAsset>
				<ITRForm:GainClauseK name="itr7.scheduleMAT.additions.transferofUnits">0</ITRForm:GainClauseK>				
				<ITRForm:Others name="itr7.scheduleMAT.additions.others">0</ITRForm:Others>
				<ITRForm:TotAdditions name="itr7.scheduleMAT.additions.totAdditions">0</ITRForm:TotAdditions>
			</ITRForm:Additions>
			<ITRForm:Deducts>
				<ITRForm:AmtWithdrawFromResvrIfCredPL name="itr7.scheduleMAT.deducts.amtWithdrawFromResvrIfCredPL">0</ITRForm:AmtWithdrawFromResvrIfCredPL>
				<ITRForm:IncExempIncUs10s name="itr7.scheduleMAT.deducts.incExempIncUs10S">0</ITRForm:IncExempIncUs10s>
				<ITRForm:AmtWithdrawFromResvrIfCredPLNoAttrib name="itr7.scheduleMAT.deducts.amtWithdrawFromResvrIfCredPLNoAttrib">0</ITRForm:AmtWithdrawFromResvrIfCredPLNoAttrib>
				<ITRForm:ShareIncAopBoi name="itr7.scheduleMAT.deducts.shareInIncome">0</ITRForm:ShareIncAopBoi>
				<ITRForm:IncClauseiid name="itr7.scheduleMAT.deducts.incomeInCaseOfForeignCompany">0</ITRForm:IncClauseiid>
				<ITRForm:NotGainClauseiie name="itr7.scheduleMAT.deducts.nationalGainCapitalAssets">0</ITRForm:NotGainClauseiie>
				<ITRForm:LossTrnsClauseiif name="itr7.scheduleMAT.deducts.lossOnTransferUnits">0</ITRForm:LossTrnsClauseiif>				
				<ITRForm:UnAbsorbedDepreciat name="itr7.scheduleMAT.deducts.unAbsorbedDepreciat">0</ITRForm:UnAbsorbedDepreciat>
				<ITRForm:ProSickIndustryOrExcedAccumLos name="itr7.scheduleMAT.deducts.proSickIndustryOrExcedAccumLos">0</ITRForm:ProSickIndustryOrExcedAccumLos>
				<ITRForm:Others name="itr7.scheduleMAT.deducts.others">0</ITRForm:Others>
				<ITRForm:TotDeducts name="itr7.scheduleMAT.deducts.totDeducts">0</ITRForm:TotDeducts>
			</ITRForm:Deducts>
			<ITRForm:BookProfUs115JB name="itr7.scheduleMAT.bookProfUs115JB">0</ITRForm:BookProfUs115JB>
			<ITRForm:TaxPayableUs115JB name="itr7.scheduleMAT.taxPayableUs115JB">0</ITRForm:TaxPayableUs115JB>
		</ITRForm:ScheduleMAT>
		<ITRForm:ScheduleMATC>
			<ITRForm:TaxUs115JBCurrAssYr name="itr7.scheduleMATC.taxUs115JBCurrAssYr">0</ITRForm:TaxUs115JBCurrAssYr>
			<ITRForm:TaxOthProvCurrAssYr name="itr7.scheduleMATC.taxOthProvCurrAssYr">0</ITRForm:TaxOthProvCurrAssYr>
			<ITRForm:AmtOfTaxWithCred name="itr7.scheduleMATC.amtOfTaxWithCred">0</ITRForm:AmtOfTaxWithCred>
			<ITRForm:UtilMATCredAvl>
				<ITRForm:AssYr name="itr7.scheduleMATC.utilMATCredAvl[0].assYr"/>
				<ITRForm:MATCredGross name="itr7.scheduleMATC.utilMATCredAvl[0].matCredGross">0</ITRForm:MATCredGross>
				<ITRForm:MATCredSetOff name="itr7.scheduleMATC.utilMATCredAvl[0].matCredSetOff">0</ITRForm:MATCredSetOff>
				<ITRForm:MATCredBF name="itr7.scheduleMATC.utilMATCredAvl[0].matCredBF">0</ITRForm:MATCredBF>
				<ITRForm:MATCredUtilCurrYr name="itr7.scheduleMATC.utilMATCredAvl[0].matCredUtilCurrYr">0</ITRForm:MATCredUtilCurrYr>
				<ITRForm:BalMATCredCF name="itr7.scheduleMATC.utilMATCredAvl[0].balMATCredCF">0</ITRForm:BalMATCredCF>
			</ITRForm:UtilMATCredAvl>
			<ITRForm:UtilMATCredAvl>
				<ITRForm:AssYr name="itr7.scheduleMATC.utilMATCredAvl[1].assYr"/>
				<ITRForm:MATCredGross name="itr7.scheduleMATC.utilMATCredAvl[1].matCredGross">0</ITRForm:MATCredGross>
				<ITRForm:MATCredSetOff name="itr7.scheduleMATC.utilMATCredAvl[1].matCredSetOff">0</ITRForm:MATCredSetOff>
				<ITRForm:MATCredBF name="itr7.scheduleMATC.utilMATCredAvl[1].matCredBF">0</ITRForm:MATCredBF>
				<ITRForm:MATCredUtilCurrYr name="itr7.scheduleMATC.utilMATCredAvl[1].matCredUtilCurrYr">0</ITRForm:MATCredUtilCurrYr>
				<ITRForm:BalMATCredCF name="itr7.scheduleMATC.utilMATCredAvl[1].balMATCredCF">0</ITRForm:BalMATCredCF>
			</ITRForm:UtilMATCredAvl>
				<ITRForm:UtilMATCredAvl>
				<ITRForm:AssYr name="itr7.scheduleMATC.utilMATCredAvl[2].assYr"/>
				<ITRForm:MATCredGross name="itr7.scheduleMATC.utilMATCredAvl[2].matCredGross">0</ITRForm:MATCredGross>
				<ITRForm:MATCredSetOff name="itr7.scheduleMATC.utilMATCredAvl[2].matCredSetOff">0</ITRForm:MATCredSetOff>
				<ITRForm:MATCredBF name="itr7.scheduleMATC.utilMATCredAvl[2].matCredBF">0</ITRForm:MATCredBF>
				<ITRForm:MATCredUtilCurrYr name="itr7.scheduleMATC.utilMATCredAvl[2].matCredUtilCurrYr">0</ITRForm:MATCredUtilCurrYr>
				<ITRForm:BalMATCredCF name="itr7.scheduleMATC.utilMATCredAvl[2].balMATCredCF">0</ITRForm:BalMATCredCF>
			</ITRForm:UtilMATCredAvl>
				<ITRForm:UtilMATCredAvl>
				<ITRForm:AssYr name="itr7.scheduleMATC.utilMATCredAvl[3].assYr"/>
				<ITRForm:MATCredGross name="itr7.scheduleMATC.utilMATCredAvl[3].matCredGross">0</ITRForm:MATCredGross>
				<ITRForm:MATCredSetOff name="itr7.scheduleMATC.utilMATCredAvl[3].matCredSetOff">0</ITRForm:MATCredSetOff>
				<ITRForm:MATCredBF name="itr7.scheduleMATC.utilMATCredAvl[3].matCredBF">0</ITRForm:MATCredBF>
				<ITRForm:MATCredUtilCurrYr name="itr7.scheduleMATC.utilMATCredAvl[3].matCredUtilCurrYr">0</ITRForm:MATCredUtilCurrYr>
				<ITRForm:BalMATCredCF name="itr7.scheduleMATC.utilMATCredAvl[3].balMATCredCF">0</ITRForm:BalMATCredCF>
			</ITRForm:UtilMATCredAvl>
				<ITRForm:UtilMATCredAvl>
				<ITRForm:AssYr name="itr7.scheduleMATC.utilMATCredAvl[4].assYr"/>
				<ITRForm:MATCredGross name="itr7.scheduleMATC.utilMATCredAvl[4].matCredGross">0</ITRForm:MATCredGross>
				<ITRForm:MATCredSetOff name="itr7.scheduleMATC.utilMATCredAvl[4].matCredSetOff">0</ITRForm:MATCredSetOff>
				<ITRForm:MATCredBF name="itr7.scheduleMATC.utilMATCredAvl[4].matCredBF">0</ITRForm:MATCredBF>
				<ITRForm:MATCredUtilCurrYr name="itr7.scheduleMATC.utilMATCredAvl[4].matCredUtilCurrYr">0</ITRForm:MATCredUtilCurrYr>
				<ITRForm:BalMATCredCF name="itr7.scheduleMATC.utilMATCredAvl[4].balMATCredCF">0</ITRForm:BalMATCredCF>
			</ITRForm:UtilMATCredAvl>
				<ITRForm:UtilMATCredAvl>
				<ITRForm:AssYr name="itr7.scheduleMATC.utilMATCredAvl[5].assYr"/>
				<ITRForm:MATCredGross name="itr7.scheduleMATC.utilMATCredAvl[5].matCredGross">0</ITRForm:MATCredGross>
				<ITRForm:MATCredSetOff name="itr7.scheduleMATC.utilMATCredAvl[5].matCredSetOff">0</ITRForm:MATCredSetOff>
				<ITRForm:MATCredBF name="itr7.scheduleMATC.utilMATCredAvl[5].matCredBF">0</ITRForm:MATCredBF>
				<ITRForm:MATCredUtilCurrYr name="itr7.scheduleMATC.utilMATCredAvl[5].matCredUtilCurrYr">0</ITRForm:MATCredUtilCurrYr>
				<ITRForm:BalMATCredCF name="itr7.scheduleMATC.utilMATCredAvl[5].balMATCredCF">0</ITRForm:BalMATCredCF>
			</ITRForm:UtilMATCredAvl>
				<ITRForm:UtilMATCredAvl>
				<ITRForm:AssYr name="itr7.scheduleMATC.utilMATCredAvl[6].assYr"/>
				<ITRForm:MATCredGross name="itr7.scheduleMATC.utilMATCredAvl[6].matCredGross">0</ITRForm:MATCredGross>
				<ITRForm:MATCredSetOff name="itr7.scheduleMATC.utilMATCredAvl[6].matCredSetOff">0</ITRForm:MATCredSetOff>
				<ITRForm:MATCredBF name="itr7.scheduleMATC.utilMATCredAvl[6].matCredBF">0</ITRForm:MATCredBF>
				<ITRForm:MATCredUtilCurrYr name="itr7.scheduleMATC.utilMATCredAvl[6].matCredUtilCurrYr">0</ITRForm:MATCredUtilCurrYr>
				<ITRForm:BalMATCredCF name="itr7.scheduleMATC.utilMATCredAvl[6].balMATCredCF">0</ITRForm:BalMATCredCF>
			</ITRForm:UtilMATCredAvl>
			<ITRForm:UtilMATCredAvl>
				<ITRForm:AssYr name="itr7.scheduleMATC.utilMATCredAvl[7].assYr"/>
				<ITRForm:MATCredGross name="itr7.scheduleMATC.utilMATCredAvl[7].matCredGross">0</ITRForm:MATCredGross>
				<ITRForm:MATCredSetOff name="itr7.scheduleMATC.utilMATCredAvl[7].matCredSetOff">0</ITRForm:MATCredSetOff>
				<ITRForm:MATCredBF name="itr7.scheduleMATC.utilMATCredAvl[7].matCredBF">0</ITRForm:MATCredBF>
				<ITRForm:MATCredUtilCurrYr name="itr7.scheduleMATC.utilMATCredAvl[7].matCredUtilCurrYr">0</ITRForm:MATCredUtilCurrYr>
				<ITRForm:BalMATCredCF name="itr7.scheduleMATC.utilMATCredAvl[7].balMATCredCF">0</ITRForm:BalMATCredCF>
			</ITRForm:UtilMATCredAvl>
			<ITRForm:UtilMATCredAvl>
				<ITRForm:AssYr name="itr7.scheduleMATC.utilMATCredAvl[8].assYr"/>
				<ITRForm:MATCredGross name="itr7.scheduleMATC.utilMATCredAvl[8].matCredGross">0</ITRForm:MATCredGross>
				<ITRForm:MATCredSetOff name="itr7.scheduleMATC.utilMATCredAvl[8].matCredSetOff">0</ITRForm:MATCredSetOff>
				<ITRForm:MATCredBF name="itr7.scheduleMATC.utilMATCredAvl[8].matCredBF">0</ITRForm:MATCredBF>
				<ITRForm:MATCredUtilCurrYr name="itr7.scheduleMATC.utilMATCredAvl[8].matCredUtilCurrYr">0</ITRForm:MATCredUtilCurrYr>
				<ITRForm:BalMATCredCF name="itr7.scheduleMATC.utilMATCredAvl[8].balMATCredCF">0</ITRForm:BalMATCredCF>
			</ITRForm:UtilMATCredAvl>
			<ITRForm:UtilMATCredAvl>
				<ITRForm:AssYr name="itr7.scheduleMATC.utilMATCredAvl[9].assYr"/>
				<ITRForm:MATCredGross name="itr7.scheduleMATC.utilMATCredAvl[9].matCredGross">0</ITRForm:MATCredGross>
				<ITRForm:MATCredSetOff name="itr7.scheduleMATC.utilMATCredAvl[9].matCredSetOff">0</ITRForm:MATCredSetOff>
				<ITRForm:MATCredBF name="itr7.scheduleMATC.utilMATCredAvl[9].matCredBF">0</ITRForm:MATCredBF>
				<ITRForm:MATCredUtilCurrYr name="itr7.scheduleMATC.utilMATCredAvl[9].matCredUtilCurrYr">0</ITRForm:MATCredUtilCurrYr>
				<ITRForm:BalMATCredCF name="itr7.scheduleMATC.utilMATCredAvl[9].balMATCredCF">0</ITRForm:BalMATCredCF>
			</ITRForm:UtilMATCredAvl>
			<ITRForm:TotMatCredGross name="itr7.scheduleMATC.totMatCredGross">0</ITRForm:TotMatCredGross>
			<ITRForm:TotMatCredSetOff name="itr7.scheduleMATC.totMatCredSetOff">0</ITRForm:TotMatCredSetOff>
			<ITRForm:TotMatCredBF name="itr7.scheduleMATC.totMatCredBF">0</ITRForm:TotMatCredBF>
			<ITRForm:TotMatCredUtilCurrYr name="itr7.scheduleMATC.totMatCredUtilCurrYr">0</ITRForm:TotMatCredUtilCurrYr>
			<ITRForm:TotBalMATCredCF name="itr7.scheduleMATC.totBalMATCredCF">0</ITRForm:TotBalMATCredCF>
			<ITRForm:AmtTaxCredUs115JAA name="itr7.scheduleMATC.amtTaxCredUs115JAA">0</ITRForm:AmtTaxCredUs115JAA>
			<ITRForm:AmtMATLiabAllAssYrAvailSubseqYr name="itr7.scheduleMATC.amtMATLiabAllAssYrAvailSubseqYr">0</ITRForm:AmtMATLiabAllAssYrAvailSubseqYr>
		</ITRForm:ScheduleMATC>
	<ITRForm:ITRScheduleAMT>
	    <ITRForm:TotalIncItem11 name="itr7.itrScheduleAMT.totalIncItem11"/>
	    <ITRForm:AdjustmentSec115JC>
	      <ITRForm:DeductClaimSec6A name="itr7.itrScheduleAMT.adjustmentSec115JC.deductClaimSec6A"/>
	      <ITRForm:DeductClaimSec10AA name="itr7.itrScheduleAMT.adjustmentSec115JC.deductClaimSec10AA"/>
	      <ITRForm:DeductClaimSec35AD name="itr7.itrScheduleAMT.adjustmentSec115JC.deductClaimSec35AD"/>
	      <ITRForm:Total name="itr7.itrScheduleAMT.adjustmentSec115JC.total"/>
	    </ITRForm:AdjustmentSec115JC>
	    <ITRForm:AdjustedUnderSec115JC name="itr7.itrScheduleAMT.adjustedUnderSec115JC"/>
	    <ITRForm:TaxPayableUnderSec115JC name="itr7.itrScheduleAMT.taxPayableUnderSec115JC"/>
  </ITRForm:ITRScheduleAMT>
  <ITRForm:ITRScheduleAMTC>
	    <ITRForm:TaxSection115JC name="itr7.itrScheduleAMTC.taxSection115JC">0</ITRForm:TaxSection115JC>
	    <ITRForm:TaxOthProvisions name="itr7.itrScheduleAMTC.taxOthProvisions">0</ITRForm:TaxOthProvisions>
	    <ITRForm:AmtTaxCreditAvailable name="itr7.itrScheduleAMTC.amtTaxCreditAvailable">0</ITRForm:AmtTaxCreditAvailable>
	    <ITRForm:ScheduleAMTC>
	      <ITRForm:AssYr name="itr7.itrScheduleAMTC.scheduleAMTC[0].assYr"/>
	      <ITRForm:AmtCreditFwd name="itr7.itrScheduleAMTC.scheduleAMTC[0].amtCreditFwd">0</ITRForm:AmtCreditFwd>
	      <ITRForm:AmtCreditSetOfEy name="itr7.itrScheduleAMTC.scheduleAMTC[0].amtCreditSetOfEy">0</ITRForm:AmtCreditSetOfEy>
	      <ITRForm:AmtCreditBalBroughtFwd name="itr7.itrScheduleAMTC.scheduleAMTC[0].amtCreditBalBroughtFwd">0</ITRForm:AmtCreditBalBroughtFwd>
	      <ITRForm:AmtCreditUtilized name="itr7.itrScheduleAMTC.scheduleAMTC[0].amtCreditUtilized">0</ITRForm:AmtCreditUtilized>
	      <ITRForm:BalAmtCreditCarryFwd name="itr7.itrScheduleAMTC.scheduleAMTC[0].balAmtCreditCarryFwd">0</ITRForm:BalAmtCreditCarryFwd>
	    </ITRForm:ScheduleAMTC>
	    <ITRForm:CurrAssYr name="itr7.scheduleAMTC.scheduleAMTCUtil.assYr"></ITRForm:CurrAssYr>
    	<ITRForm:CurrYrAmtCreditFwd name="itr7.scheduleAMTC.scheduleAMTCUtil.CYamtCreditFwd">0</ITRForm:CurrYrAmtCreditFwd>
    	<ITRForm:CurrYrCreditBalBF name="itr7.scheduleAMTC.scheduleAMTCUtil.CYamtCreditBalBroughtFwd">0</ITRForm:CurrYrCreditBalBF>
    	<ITRForm:CurrYrCreditCarryFwd name="itr7.scheduleAMTC.scheduleAMTCUtil.CYbalAmtCreditCarryFwd">0</ITRForm:CurrYrCreditCarryFwd>
	    <ITRForm:TotAMTGross name="itr7.itrScheduleAMTC.totAMTGross">0</ITRForm:TotAMTGross>
	    <ITRForm:TotSetOffEys name="itr7.itrScheduleAMTC.totSetOffEys">0</ITRForm:TotSetOffEys>
	    <ITRForm:TotBalBF name="itr7.itrScheduleAMTC.totBalBF">0</ITRForm:TotBalBF>
	    <ITRForm:TotAmtCreditUtilisedCY name="itr7.itrScheduleAMTC.totAmtCreditUtilisedCY">0</ITRForm:TotAmtCreditUtilisedCY>
	    <ITRForm:TotBalAMTCreditCF name="itr7.itrScheduleAMTC.totBalAMTCreditCF">0</ITRForm:TotBalAMTCreditCF>
	    <ITRForm:TaxSection115JD name="itr7.itrScheduleAMTC.taxSection115JD">0</ITRForm:TaxSection115JD>
	    <ITRForm:AmtLiabilityAvailable name="itr7.itrScheduleAMTC.amtLiabilityAvailable">0</ITRForm:AmtLiabilityAvailable>
  </ITRForm:ITRScheduleAMTC>  
  
  <ITRForm:SchedulePTI>
		<ITRForm:SchedulePTIDtls>
			<ITRForm:BusinessName name="itr7SchedulePTI.schedulePTI[0].businessName" />
			<ITRForm:BusinessPAN name="itr7SchedulePTI.schedulePTI[0].pan" />
			<ITRForm:IncFromHP>
				
					<ITRForm:AmountOfInc name="itr7SchedulePTI.schedulePTI[0].incFromHP.amtOfIncm" />
					<ITRForm:TDSAmount 	name="itr7SchedulePTI.schedulePTI[0].incFromHP.tdsOnAmt" />
				
			</ITRForm:IncFromHP>
			<ITRForm:CapitalGainsPTI>
				<ITRForm:ShortTermCG>
					
						<ITRForm:AmountOfInc name="itr7SchedulePTI.schedulePTI[0].incFromCGShortTerm.amtOfIncm" />
						<ITRForm:TDSAmount name="itr7SchedulePTI.schedulePTI[0].incFromCGShortTerm.tdsOnAmt" />
					
				</ITRForm:ShortTermCG>
				<ITRForm:LongTermCG>
					
						<ITRForm:AmountOfInc name="itr7SchedulePTI.schedulePTI[0].incFromCGLongTerm.amtOfIncm" />
						<ITRForm:TDSAmount name="itr7SchedulePTI.schedulePTI[0].incFromCGLongTerm.tdsOnAmt" />
					
				</ITRForm:LongTermCG>
			</ITRForm:CapitalGainsPTI>
			<ITRForm:IncClmdPTI>
				<ITRForm:Sec23FBB>
					<ITRForm:AmountOfInc name="itr7SchedulePTI.schedulePTI[0].incFromExemptSec10_23FBB.amtOfIncm" />
					<ITRForm:TDSAmount	name="itr7SchedulePTI.schedulePTI[0].incFromExemptSec10_23FBB.tdsOnAmt" />
				</ITRForm:Sec23FBB>
				<ITRForm:SecBIncExmptDtl>
					<ITRForm:SectionCode name="itr7SchedulePTI.schedulePTI[0].incFromExemptSec10_23FBB1.editable1"/>
					<ITRForm:SecBCIncExmptDtl>
						<ITRForm:AmountOfInc name="itr7SchedulePTI.schedulePTI[0].incFromExemptSec10_23FBB1.amtOfIncm" />
						<ITRForm:TDSAmount name="itr7SchedulePTI.schedulePTI[0].incFromExemptSec10_23FBB1.tdsOnAmt" />
					</ITRForm:SecBCIncExmptDtl>
				</ITRForm:SecBIncExmptDtl>
				<ITRForm:SecCIncExmptDtl>
					<ITRForm:SectionCode name="itr7SchedulePTI.schedulePTI[0].incFromExemptSec10_23FBB2.editable2"/>
					<ITRForm:SecBCIncExmptDtl>
						<ITRForm:AmountOfInc name="itr7SchedulePTI.schedulePTI[0].incFromExemptSec10_23FBB2.amtOfIncm" />
					<ITRForm:TDSAmount name="itr7SchedulePTI.schedulePTI[0].incFromExemptSec10_23FBB2.tdsOnAmt" />
					</ITRForm:SecBCIncExmptDtl>
				</ITRForm:SecCIncExmptDtl>			
			</ITRForm:IncClmdPTI>
			<ITRForm:IncOthSrc>
				
					<ITRForm:AmountOfInc name="itr7SchedulePTI.schedulePTI[0].incFromOS.amtOfIncm" />
					<ITRForm:TDSAmount name="itr7SchedulePTI.schedulePTI[0].incFromOS.tdsOnAmt" />
			</ITRForm:IncOthSrc>			
		</ITRForm:SchedulePTIDtls>
	</ITRForm:SchedulePTI>
	
	 <ITRForm:ScheduleSI>
			<ITRForm:SplCodeRateTax>
				<ITRForm:SecCode name="itr7.scheduleSI.splCodeRateTax[0].secCode"/>
				<ITRForm:SplRatePercent name="itr7.scheduleSI.splCodeRateTax[0].splRatePercent"/>
				<ITRForm:SplRateInc name="itr7.scheduleSI.splCodeRateTax[0].splRateInc"/>
				<ITRForm:SplRateIncTax name="itr7.scheduleSI.splCodeRateTax[0].splRateIncTax">0</ITRForm:SplRateIncTax>
			</ITRForm:SplCodeRateTax>
			<ITRForm:SplCodeRateTax>
				<ITRForm:SecCode name="itr7.scheduleSI.splCodeRateTax[1].secCode"/>
				<ITRForm:SplRatePercent name="itr7.scheduleSI.splCodeRateTax[1].splRatePercent"/>
				<ITRForm:SplRateInc name="itr7.scheduleSI.splCodeRateTax[1].splRateInc"/>
				<ITRForm:SplRateIncTax name="itr7.scheduleSI.splCodeRateTax[1].splRateIncTax">0</ITRForm:SplRateIncTax>
			</ITRForm:SplCodeRateTax>
			<ITRForm:SplCodeRateTax>
				<ITRForm:SecCode name="itr7.scheduleSI.splCodeRateTax[2].secCode"/>
				<ITRForm:SplRatePercent name="itr7.scheduleSI.splCodeRateTax[2].splRatePercent"/>
				<ITRForm:SplRateInc name="itr7.scheduleSI.splCodeRateTax[2].splRateInc"/>
				<ITRForm:SplRateIncTax name="itr7.scheduleSI.splCodeRateTax[2].splRateIncTax">0</ITRForm:SplRateIncTax>
			</ITRForm:SplCodeRateTax>
			<ITRForm:SplCodeRateTax>
				<ITRForm:SecCode name="itr7.scheduleSI.splCodeRateTax[3].secCode"/>
				<ITRForm:SplRatePercent name="itr7.scheduleSI.splCodeRateTax[3].splRatePercent"/>
				<ITRForm:SplRateInc name="itr7.scheduleSI.splCodeRateTax[3].splRateInc"/>
				<ITRForm:SplRateIncTax name="itr7.scheduleSI.splCodeRateTax[3].splRateIncTax">0</ITRForm:SplRateIncTax>
			</ITRForm:SplCodeRateTax>
			<ITRForm:SplCodeRateTax>
				<ITRForm:SecCode name="itr7.scheduleSI.splCodeRateTax[4].secCode"/>
				<ITRForm:SplRatePercent name="itr7.scheduleSI.splCodeRateTax[4].splRatePercent"/>
				<ITRForm:SplRateInc name="itr7.scheduleSI.splCodeRateTax[4].splRateInc"/>
				<ITRForm:SplRateIncTax name="itr7.scheduleSI.splCodeRateTax[4].splRateIncTax">0</ITRForm:SplRateIncTax>
			</ITRForm:SplCodeRateTax>
			<ITRForm:SplCodeRateTax>
				<ITRForm:SecCode name="itr7.scheduleSI.splCodeRateTax[5].secCode"/>
				<ITRForm:SplRatePercent name="itr7.scheduleSI.splCodeRateTax[5].splRatePercent"/>
				<ITRForm:SplRateInc name="itr7.scheduleSI.splCodeRateTax[5].splRateInc"/>
				<ITRForm:SplRateIncTax name="itr7.scheduleSI.splCodeRateTax[5].splRateIncTax">0</ITRForm:SplRateIncTax>
			</ITRForm:SplCodeRateTax>
			<ITRForm:SplCodeRateTax>
				<ITRForm:SecCode name="itr7.scheduleSI.splCodeRateTax[6].secCode"/>
				<ITRForm:SplRatePercent name="itr7.scheduleSI.splCodeRateTax[6].splRatePercent"/>
				<ITRForm:SplRateInc name="itr7.scheduleSI.splCodeRateTax[6].splRateInc"/>
				<ITRForm:SplRateIncTax name="itr7.scheduleSI.splCodeRateTax[6].splRateIncTax">0</ITRForm:SplRateIncTax>
			</ITRForm:SplCodeRateTax>
			<ITRForm:SplCodeRateTax>
				<ITRForm:SecCode name="itr7.scheduleSI.splCodeRateTax[7].secCode"></ITRForm:SecCode>
				<ITRForm:SplRatePercent name="itr7.scheduleSI.splCodeRateTax[7].splRatePercent">0</ITRForm:SplRatePercent>
				<ITRForm:SplRateInc name="itr7.scheduleSI.splCodeRateTax[7].splRateInc">0</ITRForm:SplRateInc>
				<ITRForm:SplRateIncTax name="itr7.scheduleSI.splCodeRateTax[7].splRateIncTax"/>
			</ITRForm:SplCodeRateTax>
			<ITRForm:TotSplRateInc name="itr7.scheduleSI.totSplRateInc"/>			
			<ITRForm:TotSplRateIncTax name="itr7.scheduleSI.totSplRateIncTax"/>
		</ITRForm:ScheduleSI>
		<ITRForm:ScheduleIT>
			<ITRForm:TaxPayment>
				<ITRForm:BSRCode name="itr7.scheduleIT.taxPayment[0].bsrCode"/>
				<ITRForm:DateDep name="itr7.scheduleIT.taxPayment[0].dateDep"/>
				<ITRForm:SrlNoOfChaln name="itr7.scheduleIT.taxPayment[0].srlNoOfChaln"/>
				<ITRForm:Amt name="itr7.scheduleIT.taxPayment[0].amt"/>
			</ITRForm:TaxPayment>
			<ITRForm:TotalTaxPayments name="scheduleIT.taxPayment.totalTaxPayments"/>			
	</ITRForm:ScheduleIT>
	<ITRForm:ScheduleTDS2>
    	<ITRForm:TDSonOthThanSal>
      		<ITRForm:EmployerOrDeductorOrCollectDetl>
        		<ITRForm:TAN name="scheduleTDS2.tdSonOthThanSal[0].employerOrDeductorOrCollectDetl.tan"/>
        		<ITRForm:EmployerOrDeductorOrCollecterName name="scheduleTDS2.tdSonOthThanSal[0].employerOrDeductorOrCollectDetl.employerOrDeductorOrCollecterName"/>
      			<ITRForm:TDSCertificateNumber name="scheduleTDS2.tdSonOthThanSal[0].employerOrDeductorOrCollectDetl.uniqueTDSCerNo"/>
      			<ITRForm:TDSFinYr name="scheduleTDS2.tdSonOthThanSal[0].employerOrDeductorOrCollectDetl.deductedYr">0000</ITRForm:TDSFinYr>
      		</ITRForm:EmployerOrDeductorOrCollectDetl>
      		<ITRForm:BroughtFwdTDSAmt name="scheduleTDS2.tdSonOthThanSal[0].broughtFwdTDSAmt">0</ITRForm:BroughtFwdTDSAmt>
        	<ITRForm:TotTDSOnAmtPaid name="scheduleTDS2.tdSonOthThanSal[0].totTDSOnAmtPaidCY"/>
    		<ITRForm:ClaimOutOfTotTDSOnAmtPaid name="scheduleTDS2.tdSonOthThanSal[0].claimOwnHands"/>
    		<ITRForm:AmtCarriedFwd name="scheduleTDS2.tdSonOthThanSal[0].amntCarryForward"/>
    	</ITRForm:TDSonOthThanSal>
    	<ITRForm:TotalTDSonOthThanSals name="scheduleTDS1.tdSonOthThanSal.totalTDSonSalaries"/>
	</ITRForm:ScheduleTDS2>
    <ITRForm:ScheduleTDS3>
    <ITRForm:TDS3onOthThanSal>
      <ITRForm:EmployerOrDeductorOrCollectDetlTds3>
        <ITRForm:PAN name="scheduleTDS3.tdSonOthThanSal[0].employerOrDeductorOrCollectDetl.pan"/>
        <ITRForm:EmployerOrDeductorOrCollecterName name="scheduleTDS3.tdSonOthThanSal[0].employerOrDeductorOrCollectDetl.employerOrDeductorOrCollecterName"/>
      </ITRForm:EmployerOrDeductorOrCollectDetlTds3>
      <ITRForm:UniqueTDSCerNo name="scheduleTDS3.tdSonOthThanSal[0].uniqueTDSCerNo"/>
      <ITRForm:DeductedYr name="scheduleTDS3.tdSonOthThanSal[0].deductedYr">0000</ITRForm:DeductedYr>
      <ITRForm:BroughtFwdTDSAmt name="scheduleTDS3.tdSonOthThanSal[0].totTDSOnAmtPaid">0</ITRForm:BroughtFwdTDSAmt>
      <ITRForm:TotTDSOnAmtPaidCY name="scheduleTDS3.tdSonOthThanSal[0].totTDSOnAmtPaidCY"/>
    <ITRForm:AmtClaimedOnOwnHands name="scheduleTDS3.tdSonOthThanSal[0].claimOwnHands"/>
    <ITRForm:AmtCarriedFwd name="scheduleTDS3.tdSonOthThanSal[0].amntCarryForward"/>
    </ITRForm:TDS3onOthThanSal>
    <ITRForm:TotalTDS3OnOthThanSal name="scheduleTDS2.tdSonOthThanSal.totalTDSonSalaries"/>
  </ITRForm:ScheduleTDS3>
   <ITRForm:ScheduleTCS>
	<ITRForm:TCSDetails>
		<ITRForm:EmployerOrDeductorOrCollectDetl>
			<ITRForm:TAN name="scheduleTCS.tcs[0].employerOrDeductorOrCollectDetl.tan"/>
			<ITRForm:EmployerOrDeductorOrCollecterName name="scheduleTCS.tcs[0].employerOrDeductorOrCollectDetl.employerOrDeductorOrCollecterName"/>
			<ITRForm:TDSFinYr name="scheduleTCS.tcs[0].employerOrDeductorOrCollectDetl.deductedYr">0000</ITRForm:TDSFinYr>
		</ITRForm:EmployerOrDeductorOrCollectDetl>
        <ITRForm:BroughtFwdTCSAmt name="scheduleTCS.tcs[0].amountBF">0</ITRForm:BroughtFwdTCSAmt>
		<ITRForm:TotalTCS name="scheduleTCS.tcs[0].totalTCS"/>
        <ITRForm:AmtTCSClaimedThisYear name="scheduleTCS.tcs[0].amtTCSClaimedThisYear"/>	
        <ITRForm:AmtCarriedFwd name="scheduleTCS.tcs[0].amountCF"/>
       </ITRForm:TCSDetails>
       <ITRForm:TotalSchTCS name="scheduleTCS.totalTcSSalary" />		
</ITRForm:ScheduleTCS>
   <ITRForm:ItrScheduleFsiAy2014>
			<ITRForm:ScheduleFsiAy2014>
				<ITRForm:CountryName name="itrScheduleFSI.scheduleFSI[0].countryName"/>
				<ITRForm:CountryCode name="itrScheduleFSI.scheduleFSI[0].countryCode"/>
				<ITRForm:TaxIdentificationNo name="itrScheduleFSI.scheduleFSI[0].taxIdentificationNo"/>
				<ITRForm:IncFromHP>
					<ITRForm:IncFrmOutsideInd name="itrScheduleFSI.scheduleFSI[0].incFromHP.incFrmOutsideInd">0</ITRForm:IncFrmOutsideInd>
					<ITRForm:TaxPaidOutsideInd name="itrScheduleFSI.scheduleFSI[0].incFromHP.taxPaidOutsideInd">0</ITRForm:TaxPaidOutsideInd>
					<ITRForm:TaxPayableinInd name="itrScheduleFSI.scheduleFSI[0].incFromHP.taxPayableinInd">0</ITRForm:TaxPayableinInd>
					<ITRForm:TaxReliefinInd name="itrScheduleFSI.scheduleFSI[0].incFromHP.taxReliefinInd">0</ITRForm:TaxReliefinInd>
					<ITRForm:DTAAReliefUs90or90A name="itrScheduleFSI.scheduleFSI[0].incFromHP.dtaaReliefUs90or90A"/>
				</ITRForm:IncFromHP>
                <ITRForm:IncFromBusiness>
					<ITRForm:IncFrmOutsideInd name="itrScheduleFSI.scheduleFSI[0].incFromBusiness.incFrmOutsideInd">0</ITRForm:IncFrmOutsideInd>
					<ITRForm:TaxPaidOutsideInd name="itrScheduleFSI.scheduleFSI[0].incFromBusiness.taxPaidOutsideInd">0</ITRForm:TaxPaidOutsideInd>
					<ITRForm:TaxPayableinInd name="itrScheduleFSI.scheduleFSI[0].incFromBusiness.taxPayableinInd">0</ITRForm:TaxPayableinInd>
					<ITRForm:TaxReliefinInd name="itrScheduleFSI.scheduleFSI[0].incFromBusiness.taxReliefinInd">0</ITRForm:TaxReliefinInd>
					<ITRForm:DTAAReliefUs90or90A name="itrScheduleFSI.scheduleFSI[0].incFromBusiness.dtaaReliefUs90or90A"/>
				</ITRForm:IncFromBusiness>
				<ITRForm:IncCapGain>
					<ITRForm:IncFrmOutsideInd name="itrScheduleFSI.scheduleFSI[0].incCapGain.incFrmOutsideInd">0</ITRForm:IncFrmOutsideInd>
					<ITRForm:TaxPaidOutsideInd name="itrScheduleFSI.scheduleFSI[0].incCapGain.taxPaidOutsideInd">0</ITRForm:TaxPaidOutsideInd>
					<ITRForm:TaxPayableinInd name="itrScheduleFSI.scheduleFSI[0].incCapGain.taxPayableinInd">0</ITRForm:TaxPayableinInd>
					<ITRForm:TaxReliefinInd name="itrScheduleFSI.scheduleFSI[0].incCapGain.taxReliefinInd">0</ITRForm:TaxReliefinInd>
					<ITRForm:DTAAReliefUs90or90A name="itrScheduleFSI.scheduleFSI[0].incCapGain.dtaaReliefUs90or90A"/>
				</ITRForm:IncCapGain>
				<ITRForm:IncOthSrc>
					<ITRForm:IncFrmOutsideInd name="itrScheduleFSI.scheduleFSI[0].incOthSrc.incFrmOutsideInd">0</ITRForm:IncFrmOutsideInd>
					<ITRForm:TaxPaidOutsideInd name="itrScheduleFSI.scheduleFSI[0].incOthSrc.taxPaidOutsideInd">0</ITRForm:TaxPaidOutsideInd>
					<ITRForm:TaxPayableinInd name="itrScheduleFSI.scheduleFSI[0].incOthSrc.taxPayableinInd">0</ITRForm:TaxPayableinInd>
					<ITRForm:TaxReliefinInd name="itrScheduleFSI.scheduleFSI[0].incOthSrc.taxReliefinInd">0</ITRForm:TaxReliefinInd>
					<ITRForm:DTAAReliefUs90or90A name="itrScheduleFSI.scheduleFSI[0].incOthSrc.dtaaReliefUs90or90A"/>
				</ITRForm:IncOthSrc>
				<ITRForm:TotalCountryWise>
					<ITRForm:IncFrmOutsideInd name="itrScheduleFSI.scheduleFSI[0].totalCountryWise.incFrmOutsideInd">0</ITRForm:IncFrmOutsideInd>
					<ITRForm:TaxPaidOutsideInd name="itrScheduleFSI.scheduleFSI[0].totalCountryWise.taxPaidOutsideInd">0</ITRForm:TaxPaidOutsideInd>
					<ITRForm:TaxPayableinInd name="itrScheduleFSI.scheduleFSI[0].totalCountryWise.taxPayableinInd">0</ITRForm:TaxPayableinInd>
					<ITRForm:TaxReliefinInd name="itrScheduleFSI.scheduleFSI[0].totalCountryWise.taxReliefinInd">0</ITRForm:TaxReliefinInd>
				</ITRForm:TotalCountryWise>
			</ITRForm:ScheduleFsiAy2014>
		</ITRForm:ItrScheduleFsiAy2014>
  <ITRForm:ScheduleTR1>
    <ITRForm:ScheduleTR>
      <ITRForm:CountryName name="scheduleTR1.scheduleTR[0].countryName"/>
      <ITRForm:CountryCode name="scheduleTR1.scheduleTR[0].countryCode"/>
      <ITRForm:TaxIdentificationNo name="scheduleTR1.scheduleTR[0].taxIdentificationNo"/>
	  <ITRForm:TaxPaidOutsideIndia name="scheduleTR1.scheduleTR[0].taxPaidOutsideIndia"/>
	  <ITRForm:TaxReliefOutsideIndia name="scheduleTR1.scheduleTR[0].taxReliefOutsideIndia"/>
	  <ITRForm:ReliefClaimedUsSection name="scheduleTR1.scheduleTR[0].relavantArticleDTAA"/>
	</ITRForm:ScheduleTR>
    <ITRForm:TotalIncomeOutIndia name="scheduleTR1.totTaxPaidDeclaredInFSI"/>
	  <ITRForm:TaxReliefOutsideIndiaDTAA name="scheduleTR1.totalIncomeOutIndia"/>
	  <ITRForm:TaxReliefOutsideIndiaNotDTAA name="scheduleTR1.totalIncomeOutIndiaDTAA"/>
	  <ITRForm:TaxPaidOutsideIndFlg name="scheduleTR1.taxPaidOutsideIndFlg"/>
	  <ITRForm:AmtTaxRefunded name="scheduleTR1.amtTaxRefunded"/>
	  <ITRForm:AssmtYrTaxRelief name="scheduleTR1.assmtYrTaxRelief"/>
	</ITRForm:ScheduleTR1>
		
	<ITRForm:ScheduleFA>
		
		<ITRForm:DetailsForiegnBank>
      <ITRForm:CountryName name="scheduleFA.detailsForiegnBank[0].countryName"/>
      <ITRForm:CountryCode name="scheduleFA.detailsForiegnBank[0].countryCode"/>
      <ITRForm:Bankname name="scheduleFA.detailsForiegnBank[0].bankname"/>
      <ITRForm:AddressOfBank name="scheduleFA.detailsForiegnBank[0].addressOfBank" />
      <ITRForm:NameAsInAccount name="scheduleFA.detailsForiegnBank[0].nameAsInAccount"/>
      <ITRForm:OwnerStatus name="scheduleFA.detailsForiegnBank[0].statusOwner" />
      <ITRForm:ForeignAccountNumber name="scheduleFA.detailsForiegnBank[0].foreignAccountNumber"/>
      <ITRForm:AccOpenDate name="scheduleFA.detailsForiegnBank[0].accOpeningDate" />
      <ITRForm:PeakBalanceDuringYear name="scheduleFA.detailsForiegnBank[0].peakBalanceDuringYear"/>
      <ITRForm:IntrstAccured name="scheduleFA.detailsForiegnBank[0].interestInAccount" />
      <ITRForm:IntrstTaxAmt name="scheduleFA.detailsForiegnBank[0].amount" />
      <ITRForm:IntrstTaxSch name="scheduleFA.detailsForiegnBank[0].scheduleOffered" />
      <ITRForm:IntrstTaxSchNo name="scheduleFA.detailsForiegnBank[0].itemNo" />
    </ITRForm:DetailsForiegnBank>
    
    <ITRForm:DetailsFinancialInterest>
      <ITRForm:CountryName name="scheduleFA.detailsFinancialInterest[0].countryName"/>
      <ITRForm:CountryCode name="scheduleFA.detailsFinancialInterest[0].countryCode"/>
      <ITRForm:NatureOfEntity name="scheduleFA.detailsFinancialInterest[0].natureOfEntity"/>
      <ITRForm:NameOfEntity name="scheduleFA.detailsFinancialInterest[0].nameOfEntity"/>
      <ITRForm:AddressOfEntity name="scheduleFA.detailsFinancialInterest[0].addressOfEntity" />
      <ITRForm:NatureOfInt name="scheduleFA.detailsFinancialInterest[0].natureOfInterest" />
      <ITRForm:DateHeld name="scheduleFA.detailsFinancialInterest[0].holdingDate" />
      <ITRForm:TotalInvestment name="scheduleFA.detailsFinancialInterest[0].totalInvestment"/>
      <ITRForm:IncFromInt name="scheduleFA.detailsFinancialInterest[0].interestInAccount" />
      <ITRForm:NatureOfInc name="scheduleFA.detailsFinancialInterest[0].natureOfIncome" />
      <ITRForm:IncTaxAmt name="scheduleFA.detailsFinancialInterest[0].amount" />
      <ITRForm:IncTaxSch name="scheduleFA.detailsFinancialInterest[0].scheduleOffered" />
      <ITRForm:IncTaxSchNo name="scheduleFA.detailsFinancialInterest[0].itemNo" />
    </ITRForm:DetailsFinancialInterest>
    
    <ITRForm:DetailsImmovableProperty>
      <ITRForm:CountryName name="scheduleFA.detailsImmovableProperty[0].countryName"/>
      <ITRForm:CountryCode name="scheduleFA.detailsImmovableProperty[0].countryCode"/>
      <ITRForm:AddressOfProperty name="scheduleFA.detailsImmovableProperty[0].addressOfProperty"/>
      <ITRForm:Ownership name="scheduleFA.detailsImmovableProperty[0].ownership" />
      <ITRForm:DateOfAcq name="scheduleFA.detailsImmovableProperty[0].acquisitionDate" />
      <ITRForm:TotalInvestment name="scheduleFA.detailsImmovableProperty[0].totalInvestment"/>
      <ITRForm:IncDrvProperty name="scheduleFA.detailsImmovableProperty[0].propertyIncome" />
      <ITRForm:NatureOfInc name="scheduleFA.detailsImmovableProperty[0].natureOfIncome" />
      <ITRForm:IncTaxAmt name="scheduleFA.detailsImmovableProperty[0].amount" />
      <ITRForm:IncTaxSch name="scheduleFA.detailsImmovableProperty[0].scheduleOffered" />
      <ITRForm:IncTaxSchNo name="scheduleFA.detailsImmovableProperty[0].itemNo" />
    </ITRForm:DetailsImmovableProperty>
    
    <ITRForm:DetailsOthAssets>
      <ITRForm:CountryName name="scheduleFA.detailsOthAssets[0].countryName"/>
      <ITRForm:CountryCode name="scheduleFA.detailsOthAssets[0].countryCode"/>
      <ITRForm:NatureOfAsset name="scheduleFA.detailsOthAssets[0].natureOfAsset"/>
      <ITRForm:Ownership name="scheduleFA.detailsOthAssets[0].ownership" />
      <ITRForm:DateOfAcq name="scheduleFA.detailsOthAssets[0].acquisitionDate" />
      <ITRForm:TotalInvestment name="scheduleFA.detailsOthAssets[0].totalInvestment"/>
      <ITRForm:IncDrvAsset name="scheduleFA.detailsOthAssets[0].interestInAccount" />
      <ITRForm:NatureOfInc name="scheduleFA.detailsOthAssets[0].natureOfIncome" />
      <ITRForm:IncTaxAmt name="scheduleFA.detailsOthAssets[0].amount" />
      <ITRForm:IncTaxSch name="scheduleFA.detailsOthAssets[0].scheduleOffered" />
      <ITRForm:IncTaxSchNo name="scheduleFA.detailsOthAssets[0].itemNo" />
    </ITRForm:DetailsOthAssets>
    
    <ITRForm:DetailsOfAccntsHvngSigningAuth>
      <ITRForm:NameOfInstitution name="scheduleFA.detailsOfAccntsHvngSigningAuth[0].nameOfInstitution"/>
      <ITRForm:AddressOfInstitution name="scheduleFA.detailsOfAccntsHvngSigningAuth[0].addressOfInstitution"/>
      <ITRForm:NameMentionedInAccnt name="scheduleFA.detailsOfAccntsHvngSigningAuth[0].nameMentionedInAccnt"/>
      <ITRForm:InstitutionAccountNumber name="scheduleFA.detailsOfAccntsHvngSigningAuth[0].institutionAccountNumber"/>
      <ITRForm:PeakBalanceOrInvestment name="scheduleFA.detailsOfAccntsHvngSigningAuth[0].peakBalanceOrInvestment"/>
      <ITRForm:IncAccuredTaxFlag name="scheduleFA.detailsOfAccntsHvngSigningAuth[0].taxableIncomeFlag" />
      <ITRForm:IncAccuredInAcc name="scheduleFA.detailsOfAccntsHvngSigningAuth[0].interestInAccount" />
      <ITRForm:IncOfferedAmt name="scheduleFA.detailsOfAccntsHvngSigningAuth[0].amount" />
      <ITRForm:IncOfferedSch name="scheduleFA.detailsOfAccntsHvngSigningAuth[0].scheduleOffered" />
      <ITRForm:IncOfferedSchNo name="scheduleFA.detailsOfAccntsHvngSigningAuth[0].itemNo" />
    </ITRForm:DetailsOfAccntsHvngSigningAuth>
    
    <ITRForm:DetailsOfTrustOutIndiaTrustee>
      <ITRForm:CountryName name="scheduleFA.detailsOfTrustOutIndiaTrustee[0].countryName"/>
      <ITRForm:CountryCode name="scheduleFA.detailsOfTrustOutIndiaTrustee[0].countryCode"/>
      <ITRForm:NameOfTrust name="scheduleFA.detailsOfTrustOutIndiaTrustee[0].nameOfTrust"/>
      <ITRForm:AddressOfTrust name="scheduleFA.detailsOfTrustOutIndiaTrustee[0].addressOfTrust"/>
      <ITRForm:NameOfOtherTrustees name="scheduleFA.detailsOfTrustOutIndiaTrustee[0].nameOfOtherTrustees"/>
      <ITRForm:AddressOfOtherTrustees name="scheduleFA.detailsOfTrustOutIndiaTrustee[0].addressOfOtherTrustees"/>
      <ITRForm:NameOfSettlor name="scheduleFA.detailsOfTrustOutIndiaTrustee[0].nameOfSettlor"/>
      <ITRForm:AddressOfSettlor name="scheduleFA.detailsOfTrustOutIndiaTrustee[0].addressOfSettlor"/>
      <ITRForm:NameOfBeneficiaries name="scheduleFA.detailsOfTrustOutIndiaTrustee[0].nameOfBeneficiaries"/>
      <ITRForm:AddressOfBeneficiaries name="scheduleFA.detailsOfTrustOutIndiaTrustee[0].addressOfBeneficiaries"/>
      <ITRForm:DateHeld name="scheduleFA.detailsOfTrustOutIndiaTrustee[0].holdingDate" />
      <ITRForm:IncDrvTaxFlag name="scheduleFA.detailsOfTrustOutIndiaTrustee[0].trustIncomeFlag" />
      <ITRForm:IncDrvFromTrust name="scheduleFA.detailsOfTrustOutIndiaTrustee[0].trustIncome" />
      <ITRForm:IncOfferedAmt name="scheduleFA.detailsOfTrustOutIndiaTrustee[0].amount" />
      <ITRForm:IncOfferedSch name="scheduleFA.detailsOfTrustOutIndiaTrustee[0].scheduleOffered" />
      <ITRForm:IncOfferedSchNo name="scheduleFA.detailsOfTrustOutIndiaTrustee[0].itemNo" />
    </ITRForm:DetailsOfTrustOutIndiaTrustee>
    
    <ITRForm:DetailsOfOthSourcesIncOutsideIndia>
    	<ITRForm:CountryName name="scheduleFA.detailsOfOtherIncome[0].countryName" />
    	<ITRForm:CountryCode name="scheduleFA.detailsOfOtherIncome[0].countryCode" />
    	<ITRForm:NameOfPerson name="scheduleFA.detailsOfOtherIncome[0].nameOfPerson" />
    	<ITRForm:AddressOfPerson name="scheduleFA.detailsOfOtherIncome[0].addressOfPerson" />
    	<ITRForm:IncDerived name="scheduleFA.detailsOfOtherIncome[0].income" />
    	<ITRForm:NatureOfInc name="scheduleFA.detailsOfOtherIncome[0].natureOfIncome" />
    	<ITRForm:IncDrvTaxFlag name="scheduleFA.detailsOfOtherIncome[0].trustIncomeFlag" />
    	<ITRForm:IncOfferedAmt name="scheduleFA.detailsOfOtherIncome[0].amount" />
    	<ITRForm:IncOfferedSch name="scheduleFA.detailsOfOtherIncome[0].scheduleOffered" />
    	<ITRForm:IncOfferedSchNo name="scheduleFA.detailsOfOtherIncome[0].itemNo" />
    </ITRForm:DetailsOfOthSourcesIncOutsideIndia>
			
		</ITRForm:ScheduleFA>
</ITR7FORM:ITR7>
</ITRETURN:ITR>
