<?xml version="1.0" encoding="UTF-8" standalone="yes"?>
<ns2:FORM15G xmlns="http://incometaxindiaefiling.gov.in/common" xmlns:ns2="http://incometaxindiaefiling.gov.in/FORM15G">
    <ns2:FormCreationInfo>
        <CreationInfo>
            <SWVersionNo>1.0</SWVersionNo>
            <SWCreatedBy>ITD_JAVA_UTILITY</SWCreatedBy>
            <XMLCreatedBy>ITD_JAVA_UTILITY</XMLCreatedBy>
            <XMLCreationDate>2019-01-07</XMLCreationDate>
        </CreationInfo>
        <Form_Details>
            <FormName>FORM15G</FormName>
            <AssessmentYear>2019</AssessmentYear>
            <SchemaVer>V1.0</SchemaVer>
            <FormVer>1.0</FormVer>
        </Form_Details>
    </ns2:FormCreationInfo>
    <ns2:Form15GDtls>
        <ns2:TAN>MUMC11289F</ns2:TAN>
        <ns2:Quarter>Q3</ns2:Quarter>
        <ns2:FinancialYr>2018</ns2:FinancialYr>
        <ns2:FilingType>O</ns2:FilingType>
        <ns2:Part1Dtls>
            <ns2:Part1>
                <ns2:Basicdtls>
                    <ns2:AssesseeName>SAYMA ILYAS SHAIKH</ns2:AssesseeName>
                    <ns2:AssesseePAN>FACPS7379B</ns2:AssesseePAN>
                    <ns2:Status>1</ns2:Status>
                    <ns2:ResidentialStatus>RES</ns2:ResidentialStatus>
                    <ns2:PreviousYr>2018</ns2:PreviousYr>
                    <ns2:FlatDoorNo>R NO 47, 2ND FLOOR</ns2:FlatDoorNo>
                    <ns2:PremisesName>BDD CHAWL NO 14</ns2:PremisesName>
                    <ns2:LocalityOrArea>OPP SEWREE RLY STATION</ns2:LocalityOrArea>
                    <ns2:CityOrTownOrDistrict>MUMBAI</ns2:CityOrTownOrDistrict>
                    <ns2:StateCode>19</ns2:StateCode>
                    <ns2:PinCode>400027</ns2:PinCode>
                    <ns2:EmailAddress>cb0122@canarabank.com</ns2:EmailAddress>
                    <ns2:MobileNo>8450979086</ns2:MobileNo>
                    <ns2:TaxAssessedFlag>N</ns2:TaxAssessedFlag>
                    <ns2:EstimatedInc>11601</ns2:EstimatedInc>
                    <ns2:EstimatedTotalIncPrvYr>11601</ns2:EstimatedTotalIncPrvYr>
                    <ns2:TotalNoOfForm15g>1</ns2:TotalNoOfForm15g>
                    <ns2:AggregateAmtForm15g>11601</ns2:AggregateAmtForm15g>
                    <ns2:UniqueIdNumber>G074451519201819MUMC11289F</ns2:UniqueIdNumber>
                    <ns2:DeclarationDate>2018-12-07</ns2:DeclarationDate>
                    <ns2:AmtOfIncPaid>11601</ns2:AmtOfIncPaid>
                    <ns2:DateIncPaid>2018-12-31</ns2:DateIncPaid>
                </ns2:Basicdtls>
                <ns2:IncomeDtls>
                    <ns2:IncomeDtl>
                        <ns2:SrlNo>100</ns2:SrlNo>
                        <ns2:IdenficationNum>74451519</ns2:IdenficationNum>
                        <ns2:NatureOfInc>Interest other than Interest on securities</ns2:NatureOfInc>
                        <ns2:DeductSection>194A</ns2:DeductSection>
                        <ns2:AmtOfInc>11601</ns2:AmtOfInc>
                    </ns2:IncomeDtl>
                </ns2:IncomeDtls>
            </ns2:Part1>
            <ns2:Part1>
                <ns2:Basicdtls>
                    <ns2:AssesseeName>CHHAYA TULSHIRAM SAKPAL</ns2:AssesseeName>
                    <ns2:AssesseePAN>EOKPS2800J</ns2:AssesseePAN>
                    <ns2:Status>1</ns2:Status>
                    <ns2:ResidentialStatus>RES</ns2:ResidentialStatus>
                    <ns2:PreviousYr>2018</ns2:PreviousYr>
                    <ns2:FlatDoorNo>C-101</ns2:FlatDoorNo>
                    <ns2:PremisesName>ASHISH DEEP CHS</ns2:PremisesName>
                    <ns2:RoadOrStreet>MAHATMA PHULE ROAD</ns2:RoadOrStreet>
                    <ns2:LocalityOrArea>MAHARASHTRA NAGAR NEAR BHOIR WADI</ns2:LocalityOrArea>
                    <ns2:CityOrTownOrDistrict>DOMBIVALI WEST</ns2:CityOrTownOrDistrict>
                    <ns2:StateCode>19</ns2:StateCode>
                    <ns2:PinCode>421021</ns2:PinCode>
                    <ns2:EmailAddress>cb0122@canarabank.com</ns2:EmailAddress>
                    <ns2:MobileNo>8450979806</ns2:MobileNo>
                    <ns2:TaxAssessedFlag>N</ns2:TaxAssessedFlag>
                    <ns2:EstimatedInc>13020</ns2:EstimatedInc>
                    <ns2:EstimatedTotalIncPrvYr>13020</ns2:EstimatedTotalIncPrvYr>
                    <ns2:TotalNoOfForm15g>1</ns2:TotalNoOfForm15g>
                    <ns2:AggregateAmtForm15g>13020</ns2:AggregateAmtForm15g>
                    <ns2:UniqueIdNumber>G097568570201819MUMC11289F</ns2:UniqueIdNumber>
                    <ns2:DeclarationDate>2018-10-17</ns2:DeclarationDate>
                    <ns2:AmtOfIncPaid>13020</ns2:AmtOfIncPaid>
                    <ns2:DateIncPaid>2018-12-31</ns2:DateIncPaid>
                </ns2:Basicdtls>
                <ns2:IncomeDtls>
                    <ns2:IncomeDtl>
                        <ns2:SrlNo>101</ns2:SrlNo>
                        <ns2:IdenficationNum>97568570</ns2:IdenficationNum>
                        <ns2:NatureOfInc>Interest other than Interest on securities</ns2:NatureOfInc>
                        <ns2:DeductSection>194A</ns2:DeductSection>
                        <ns2:AmtOfInc>13020</ns2:AmtOfInc>
                    </ns2:IncomeDtl>
                </ns2:IncomeDtls>
            </ns2:Part1>
        </ns2:Part1Dtls>
    </ns2:Form15GDtls>
</ns2:FORM15G>
