<?xml version="1.0" encoding="UTF-8" standalone="yes"?>
<ns2:FORM15H xmlns="http://incometaxindiaefiling.gov.in/common" xmlns:ns2="http://incometaxindiaefiling.gov.in/FORM15H">
    <ns2:FormCreationInfo>
        <CreationInfo>
            <SWVersionNo>1.0</SWVersionNo>
            <SWCreatedBy>ITD_JAVA_UTILITY</SWCreatedBy>
            <XMLCreatedBy>ITD_JAVA_UTILITY</XMLCreatedBy>
            <XMLCreationDate>2019-01-08</XMLCreationDate>
        </CreationInfo>
        <Form_Details>
            <FormName>FORM15H</FormName>
            <AssessmentYear>2016</AssessmentYear>
            <SchemaVer>V1.0</SchemaVer>
            <FormVer>1.0</FormVer>
        </Form_Details>
    </ns2:FormCreationInfo>
    <ns2:Form15HDtls>
        <ns2:TAN>MUMC10753B</ns2:TAN>
        <ns2:Quarter>Q3</ns2:Quarter>
        <ns2:FinancialYr>2018</ns2:FinancialYr>
        <ns2:FilingType>O</ns2:FilingType>
        <ns2:Part1Dtls>
            <ns2:Part1>
                <ns2:Basicdtls>
                    <ns2:AssesseeName>SHAIKH KHATUNNISA ABBUBAKAR</ns2:AssesseeName>
                    <ns2:AssesseePAN>AUPPS5811A</ns2:AssesseePAN>
                    <ns2:AssesseeDOB>1950-01-01</ns2:AssesseeDOB>
                    <ns2:PreviousYr>2018</ns2:PreviousYr>
                    <ns2:FlatDoorNo>123</ns2:FlatDoorNo>
                    <ns2:PremisesName>ABC</ns2:PremisesName>
                    <ns2:RoadOrStreet>ABC</ns2:RoadOrStreet>
                    <ns2:LocalityOrArea>Mumbai</ns2:LocalityOrArea>
                    <ns2:CityOrTownOrDistrict>Mumbai</ns2:CityOrTownOrDistrict>
                    <ns2:StateCode>19</ns2:StateCode>
                    <ns2:PinCode>400012</ns2:PinCode>
                    <ns2:EmailAddress>MANAGERCB0104@canarabank.com</ns2:EmailAddress>
                    <ns2:STDcode></ns2:STDcode>
                    <ns2:PhoneNo></ns2:PhoneNo>
                    <ns2:MobileNo>7738350276</ns2:MobileNo>
                    <ns2:TaxAssessedFlag>N</ns2:TaxAssessedFlag>
                    <ns2:LatestAsstYr></ns2:LatestAsstYr>
                    <ns2:EstimatedInc>15962</ns2:EstimatedInc>
                    <ns2:EstimatedTotalIncPrvYr>15962</ns2:EstimatedTotalIncPrvYr>
                    <ns2:TotalNoOfForm15H>1</ns2:TotalNoOfForm15H>
                    <ns2:AggregateAmtForm15H>15962</ns2:AggregateAmtForm15H>
                    <ns2:UniqueIdNumber>H404002163201819MUMC10753B</ns2:UniqueIdNumber>
                    <ns2:DeclarationDate>2018-12-14</ns2:DeclarationDate>
                    <ns2:AmtOfIncPaid>15962</ns2:AmtOfIncPaid>
                    <ns2:DateIncPaid>2018-12-31</ns2:DateIncPaid>
                    <ns2:RecordType></ns2:RecordType>
                </ns2:Basicdtls>
                <ns2:IncomeDtls>
                    <ns2:IncomeDtl>
                        <ns2:SrlNo>100</ns2:SrlNo>
                        <ns2:IdenficationNum>8803503</ns2:IdenficationNum>
                        <ns2:NatureOfInc>Interest other than Interest on securities</ns2:NatureOfInc>
                        <ns2:DeductSection>194A</ns2:DeductSection>
                        <ns2:AmtOfInc>15962</ns2:AmtOfInc>
                    </ns2:IncomeDtl>
                </ns2:IncomeDtls>
            </ns2:Part1>
            <ns2:Part1>
                <ns2:Basicdtls>
                    <ns2:AssesseeName>CHAYYA KRISHNA MAHADIK</ns2:AssesseeName>
                    <ns2:AssesseePAN>AWUPM5334P</ns2:AssesseePAN>
                    <ns2:AssesseeDOB>1950-01-01</ns2:AssesseeDOB>
                    <ns2:PreviousYr>2018</ns2:PreviousYr>
                    <ns2:FlatDoorNo>123</ns2:FlatDoorNo>
                    <ns2:PremisesName>ABC</ns2:PremisesName>
                    <ns2:RoadOrStreet>ABC</ns2:RoadOrStreet>
                    <ns2:LocalityOrArea>Mumbai</ns2:LocalityOrArea>
                    <ns2:CityOrTownOrDistrict>Mumbai</ns2:CityOrTownOrDistrict>
                    <ns2:StateCode>19</ns2:StateCode>
                    <ns2:PinCode>400012</ns2:PinCode>
                    <ns2:EmailAddress>MANAGERCB0104@canarabank.com</ns2:EmailAddress>
                    <ns2:STDcode></ns2:STDcode>
                    <ns2:PhoneNo></ns2:PhoneNo>
                    <ns2:MobileNo>7738350104</ns2:MobileNo>
                    <ns2:TaxAssessedFlag>N</ns2:TaxAssessedFlag>
                    <ns2:LatestAsstYr></ns2:LatestAsstYr>
                    <ns2:EstimatedInc>8702</ns2:EstimatedInc>
                    <ns2:EstimatedTotalIncPrvYr>8702</ns2:EstimatedTotalIncPrvYr>
                    <ns2:TotalNoOfForm15H>1</ns2:TotalNoOfForm15H>
                    <ns2:AggregateAmtForm15H>8702</ns2:AggregateAmtForm15H>
                    <ns2:UniqueIdNumber>H404002294201819MUMC10753B</ns2:UniqueIdNumber>
                    <ns2:DeclarationDate>2018-10-12</ns2:DeclarationDate>
                    <ns2:AmtOfIncPaid>8702</ns2:AmtOfIncPaid>
                    <ns2:DateIncPaid>2018-12-31</ns2:DateIncPaid>
                    <ns2:RecordType></ns2:RecordType>
                </ns2:Basicdtls>
                <ns2:IncomeDtls>
                    <ns2:IncomeDtl>
                        <ns2:SrlNo>101</ns2:SrlNo>
                        <ns2:IdenficationNum>12202094</ns2:IdenficationNum>
                        <ns2:NatureOfInc>Interest other than Interest on securities</ns2:NatureOfInc>
                        <ns2:DeductSection>194A</ns2:DeductSection>
                        <ns2:AmtOfInc>8702</ns2:AmtOfInc>
                    </ns2:IncomeDtl>
                </ns2:IncomeDtls>
            </ns2:Part1>
            <ns2:Part1>
                <ns2:Basicdtls>
                    <ns2:AssesseeName>SUSAN DSOUZA</ns2:AssesseeName>
                    <ns2:AssesseePAN>ACBPD4689H</ns2:AssesseePAN>
                    <ns2:AssesseeDOB>1950-01-01</ns2:AssesseeDOB>
                    <ns2:PreviousYr>2018</ns2:PreviousYr>
                    <ns2:FlatDoorNo>123</ns2:FlatDoorNo>
                    <ns2:PremisesName>ABC</ns2:PremisesName>
                    <ns2:RoadOrStreet>ABC</ns2:RoadOrStreet>
                    <ns2:LocalityOrArea>Mumbai</ns2:LocalityOrArea>
                    <ns2:CityOrTownOrDistrict>Mumbai</ns2:CityOrTownOrDistrict>
                    <ns2:StateCode>19</ns2:StateCode>
                    <ns2:PinCode>400012</ns2:PinCode>
                    <ns2:EmailAddress>MANAGERCB0104@canarabank.com</ns2:EmailAddress>
                    <ns2:STDcode></ns2:STDcode>
                    <ns2:PhoneNo></ns2:PhoneNo>
                    <ns2:MobileNo>7738350104</ns2:MobileNo>
                    <ns2:TaxAssessedFlag>N</ns2:TaxAssessedFlag>
                    <ns2:LatestAsstYr></ns2:LatestAsstYr>
                    <ns2:EstimatedInc>11941</ns2:EstimatedInc>
                    <ns2:EstimatedTotalIncPrvYr>11941</ns2:EstimatedTotalIncPrvYr>
                    <ns2:TotalNoOfForm15H>1</ns2:TotalNoOfForm15H>
                    <ns2:AggregateAmtForm15H>11941</ns2:AggregateAmtForm15H>
                    <ns2:UniqueIdNumber>H415000139201819MUMC10753B</ns2:UniqueIdNumber>
                    <ns2:DeclarationDate>2018-10-22</ns2:DeclarationDate>
                    <ns2:AmtOfIncPaid>11941</ns2:AmtOfIncPaid>
                    <ns2:DateIncPaid>2018-12-31</ns2:DateIncPaid>
                    <ns2:RecordType></ns2:RecordType>
                </ns2:Basicdtls>
                <ns2:IncomeDtls>
                    <ns2:IncomeDtl>
                        <ns2:SrlNo>102</ns2:SrlNo>
                        <ns2:IdenficationNum>12202333</ns2:IdenficationNum>
                        <ns2:NatureOfInc>Interest other than Interest on securities</ns2:NatureOfInc>
                        <ns2:DeductSection>194A</ns2:DeductSection>
                        <ns2:AmtOfInc>11941</ns2:AmtOfInc>
                    </ns2:IncomeDtl>
                </ns2:IncomeDtls>
            </ns2:Part1>
            <ns2:Part1>
                <ns2:Basicdtls>
                    <ns2:AssesseeName>DENNIS C CORREA</ns2:AssesseeName>
                    <ns2:AssesseePAN>ACFPC1830M</ns2:AssesseePAN>
                    <ns2:AssesseeDOB>1950-01-01</ns2:AssesseeDOB>
                    <ns2:PreviousYr>2018</ns2:PreviousYr>
                    <ns2:FlatDoorNo>123</ns2:FlatDoorNo>
                    <ns2:PremisesName>ABC</ns2:PremisesName>
                    <ns2:RoadOrStreet>ABC</ns2:RoadOrStreet>
                    <ns2:LocalityOrArea>Mumbai</ns2:LocalityOrArea>
                    <ns2:CityOrTownOrDistrict>Mumbai</ns2:CityOrTownOrDistrict>
                    <ns2:StateCode>19</ns2:StateCode>
                    <ns2:PinCode>400012</ns2:PinCode>
                    <ns2:EmailAddress>MANAGERCB0104@canarabank.com</ns2:EmailAddress>
                    <ns2:STDcode></ns2:STDcode>
                    <ns2:PhoneNo></ns2:PhoneNo>
                    <ns2:MobileNo>7738350190</ns2:MobileNo>
                    <ns2:TaxAssessedFlag>N</ns2:TaxAssessedFlag>
                    <ns2:LatestAsstYr></ns2:LatestAsstYr>
                    <ns2:EstimatedInc>1360</ns2:EstimatedInc>
                    <ns2:EstimatedTotalIncPrvYr>1360</ns2:EstimatedTotalIncPrvYr>
                    <ns2:TotalNoOfForm15H>1</ns2:TotalNoOfForm15H>
                    <ns2:AggregateAmtForm15H>1360</ns2:AggregateAmtForm15H>
                    <ns2:UniqueIdNumber>H333000459201819MUMC10753B</ns2:UniqueIdNumber>
                    <ns2:DeclarationDate>2018-10-05</ns2:DeclarationDate>
                    <ns2:AmtOfIncPaid>1360</ns2:AmtOfIncPaid>
                    <ns2:DateIncPaid>2018-12-31</ns2:DateIncPaid>
                    <ns2:RecordType></ns2:RecordType>
                </ns2:Basicdtls>
                <ns2:IncomeDtls>
                    <ns2:IncomeDtl>
                        <ns2:SrlNo>103</ns2:SrlNo>
                        <ns2:IdenficationNum>12202913</ns2:IdenficationNum>
                        <ns2:NatureOfInc>Interest other than Interest on securities</ns2:NatureOfInc>
                        <ns2:DeductSection>194A</ns2:DeductSection>
                        <ns2:AmtOfInc>1360</ns2:AmtOfInc>
                    </ns2:IncomeDtl>
                </ns2:IncomeDtls>
            </ns2:Part1>
            <ns2:Part1>
                <ns2:Basicdtls>
                    <ns2:AssesseeName>MARY NELSON ARACKAL</ns2:AssesseeName>
                    <ns2:AssesseePAN>AAZPA8952A</ns2:AssesseePAN>
                    <ns2:AssesseeDOB>1950-01-01</ns2:AssesseeDOB>
                    <ns2:PreviousYr>2018</ns2:PreviousYr>
                    <ns2:FlatDoorNo>123</ns2:FlatDoorNo>
                    <ns2:PremisesName>ABC</ns2:PremisesName>
                    <ns2:RoadOrStreet>ABC</ns2:RoadOrStreet>
                    <ns2:LocalityOrArea>Mumbai</ns2:LocalityOrArea>
                    <ns2:CityOrTownOrDistrict>Mumbai</ns2:CityOrTownOrDistrict>
                    <ns2:StateCode>19</ns2:StateCode>
                    <ns2:PinCode>400012</ns2:PinCode>
                    <ns2:EmailAddress>MANAGERCB0104@canarabank.com</ns2:EmailAddress>
                    <ns2:STDcode></ns2:STDcode>
                    <ns2:PhoneNo></ns2:PhoneNo>
                    <ns2:MobileNo>7738350190</ns2:MobileNo>
                    <ns2:TaxAssessedFlag>N</ns2:TaxAssessedFlag>
                    <ns2:LatestAsstYr></ns2:LatestAsstYr>
                    <ns2:EstimatedInc>36850</ns2:EstimatedInc>
                    <ns2:EstimatedTotalIncPrvYr>36850</ns2:EstimatedTotalIncPrvYr>
                    <ns2:TotalNoOfForm15H>1</ns2:TotalNoOfForm15H>
                    <ns2:AggregateAmtForm15H>36850</ns2:AggregateAmtForm15H>
                    <ns2:UniqueIdNumber>H401005462201819MUMC10753B</ns2:UniqueIdNumber>
                    <ns2:DeclarationDate>2018-11-17</ns2:DeclarationDate>
                    <ns2:AmtOfIncPaid>36850</ns2:AmtOfIncPaid>
                    <ns2:DateIncPaid>2018-12-31</ns2:DateIncPaid>
                    <ns2:RecordType></ns2:RecordType>
                </ns2:Basicdtls>
                <ns2:IncomeDtls>
                    <ns2:IncomeDtl>
                        <ns2:SrlNo>104</ns2:SrlNo>
                        <ns2:IdenficationNum>12205832</ns2:IdenficationNum>
                        <ns2:NatureOfInc>Interest other than Interest on securities</ns2:NatureOfInc>
                        <ns2:DeductSection>194A</ns2:DeductSection>
                        <ns2:AmtOfInc>36850</ns2:AmtOfInc>
                    </ns2:IncomeDtl>
                </ns2:IncomeDtls>
            </ns2:Part1>
            <ns2:Part1>
                <ns2:Basicdtls>
                    <ns2:AssesseeName>RAJENDRA S PEDNEKAR</ns2:AssesseeName>
                    <ns2:AssesseePAN>AGDPP5628E</ns2:AssesseePAN>
                    <ns2:AssesseeDOB>1950-01-01</ns2:AssesseeDOB>
                    <ns2:PreviousYr>2018</ns2:PreviousYr>
                    <ns2:FlatDoorNo>123</ns2:FlatDoorNo>
                    <ns2:PremisesName>ABC</ns2:PremisesName>
                    <ns2:RoadOrStreet>ABC</ns2:RoadOrStreet>
                    <ns2:LocalityOrArea>Mumbai</ns2:LocalityOrArea>
                    <ns2:CityOrTownOrDistrict>Mumbai</ns2:CityOrTownOrDistrict>
                    <ns2:StateCode>19</ns2:StateCode>
                    <ns2:PinCode>400012</ns2:PinCode>
                    <ns2:EmailAddress>MANAGERCB0104@canarabank.com</ns2:EmailAddress>
                    <ns2:STDcode></ns2:STDcode>
                    <ns2:PhoneNo></ns2:PhoneNo>
                    <ns2:MobileNo>7738350190</ns2:MobileNo>
                    <ns2:TaxAssessedFlag>N</ns2:TaxAssessedFlag>
                    <ns2:LatestAsstYr></ns2:LatestAsstYr>
                    <ns2:EstimatedInc>27102</ns2:EstimatedInc>
                    <ns2:EstimatedTotalIncPrvYr>27102</ns2:EstimatedTotalIncPrvYr>
                    <ns2:TotalNoOfForm15H>1</ns2:TotalNoOfForm15H>
                    <ns2:AggregateAmtForm15H>27102</ns2:AggregateAmtForm15H>
                    <ns2:UniqueIdNumber>H415000144201819MUMC10753B</ns2:UniqueIdNumber>
                    <ns2:DeclarationDate>2018-10-01</ns2:DeclarationDate>
                    <ns2:AmtOfIncPaid>27102</ns2:AmtOfIncPaid>
                    <ns2:DateIncPaid>2018-12-31</ns2:DateIncPaid>
                    <ns2:RecordType></ns2:RecordType>
                </ns2:Basicdtls>
                <ns2:IncomeDtls>
                    <ns2:IncomeDtl>
                        <ns2:SrlNo>105</ns2:SrlNo>
                        <ns2:IdenficationNum>12211589</ns2:IdenficationNum>
                        <ns2:NatureOfInc>Interest other than Interest on securities</ns2:NatureOfInc>
                        <ns2:DeductSection>194A</ns2:DeductSection>
                        <ns2:AmtOfInc>27102</ns2:AmtOfInc>
                    </ns2:IncomeDtl>
                </ns2:IncomeDtls>
            </ns2:Part1>
            <ns2:Part1>
                <ns2:Basicdtls>
                    <ns2:AssesseeName>ZAVERBEN RAYSHI GALA</ns2:AssesseeName>
                    <ns2:AssesseePAN>AAEPG3546P</ns2:AssesseePAN>
                    <ns2:AssesseeDOB>1950-01-01</ns2:AssesseeDOB>
                    <ns2:PreviousYr>2018</ns2:PreviousYr>
                    <ns2:FlatDoorNo>123</ns2:FlatDoorNo>
                    <ns2:PremisesName>ABC</ns2:PremisesName>
                    <ns2:RoadOrStreet>ABC</ns2:RoadOrStreet>
                    <ns2:LocalityOrArea>Mumbai</ns2:LocalityOrArea>
                    <ns2:CityOrTownOrDistrict>Mumbai</ns2:CityOrTownOrDistrict>
                    <ns2:StateCode>19</ns2:StateCode>
                    <ns2:PinCode>400012</ns2:PinCode>
                    <ns2:EmailAddress>MANAGERCB0104@canarabank.com</ns2:EmailAddress>
                    <ns2:STDcode></ns2:STDcode>
                    <ns2:PhoneNo></ns2:PhoneNo>
                    <ns2:MobileNo>7738350190</ns2:MobileNo>
                    <ns2:TaxAssessedFlag>N</ns2:TaxAssessedFlag>
                    <ns2:LatestAsstYr></ns2:LatestAsstYr>
                    <ns2:EstimatedInc>20125</ns2:EstimatedInc>
                    <ns2:EstimatedTotalIncPrvYr>20125</ns2:EstimatedTotalIncPrvYr>
                    <ns2:TotalNoOfForm15H>1</ns2:TotalNoOfForm15H>
                    <ns2:AggregateAmtForm15H>20125</ns2:AggregateAmtForm15H>
                    <ns2:UniqueIdNumber>H334000040201819MUMC10753B</ns2:UniqueIdNumber>
                    <ns2:DeclarationDate>2018-11-29</ns2:DeclarationDate>
                    <ns2:AmtOfIncPaid>20125</ns2:AmtOfIncPaid>
                    <ns2:DateIncPaid>2018-12-31</ns2:DateIncPaid>
                    <ns2:RecordType></ns2:RecordType>
                </ns2:Basicdtls>
                <ns2:IncomeDtls>
                    <ns2:IncomeDtl>
                        <ns2:SrlNo>106</ns2:SrlNo>
                        <ns2:IdenficationNum>12212319</ns2:IdenficationNum>
                        <ns2:NatureOfInc>Interest other than Interest on securities</ns2:NatureOfInc>
                        <ns2:DeductSection>194A</ns2:DeductSection>
                        <ns2:AmtOfInc>20125</ns2:AmtOfInc>
                    </ns2:IncomeDtl>
                </ns2:IncomeDtls>
            </ns2:Part1>
            <ns2:Part1>
                <ns2:Basicdtls>
                    <ns2:AssesseeName>NARGISH H ENGINEER</ns2:AssesseeName>
                    <ns2:AssesseePAN>AAAPE4503C</ns2:AssesseePAN>
                    <ns2:AssesseeDOB>1950-01-01</ns2:AssesseeDOB>
                    <ns2:PreviousYr>2018</ns2:PreviousYr>
                    <ns2:FlatDoorNo>123</ns2:FlatDoorNo>
                    <ns2:PremisesName>ABC</ns2:PremisesName>
                    <ns2:RoadOrStreet>ABC</ns2:RoadOrStreet>
                    <ns2:LocalityOrArea>Mumbai</ns2:LocalityOrArea>
                    <ns2:CityOrTownOrDistrict>Mumbai</ns2:CityOrTownOrDistrict>
                    <ns2:StateCode>19</ns2:StateCode>
                    <ns2:PinCode>400012</ns2:PinCode>
                    <ns2:EmailAddress>MANAGERCB0104@canarabank.com</ns2:EmailAddress>
                    <ns2:STDcode></ns2:STDcode>
                    <ns2:PhoneNo></ns2:PhoneNo>
                    <ns2:MobileNo>7738350190</ns2:MobileNo>
                    <ns2:TaxAssessedFlag>N</ns2:TaxAssessedFlag>
                    <ns2:LatestAsstYr></ns2:LatestAsstYr>
                    <ns2:EstimatedInc>12559</ns2:EstimatedInc>
                    <ns2:EstimatedTotalIncPrvYr>12559</ns2:EstimatedTotalIncPrvYr>
                    <ns2:TotalNoOfForm15H>1</ns2:TotalNoOfForm15H>
                    <ns2:AggregateAmtForm15H>12559</ns2:AggregateAmtForm15H>
                    <ns2:UniqueIdNumber>H332000113201819MUMC10753B</ns2:UniqueIdNumber>
                    <ns2:DeclarationDate>2018-10-08</ns2:DeclarationDate>
                    <ns2:AmtOfIncPaid>12559</ns2:AmtOfIncPaid>
                    <ns2:DateIncPaid>2018-12-31</ns2:DateIncPaid>
                    <ns2:RecordType></ns2:RecordType>
                </ns2:Basicdtls>
                <ns2:IncomeDtls>
                    <ns2:IncomeDtl>
                        <ns2:SrlNo>107</ns2:SrlNo>
                        <ns2:IdenficationNum>12214814</ns2:IdenficationNum>
                        <ns2:NatureOfInc>Interest other than Interest on securities</ns2:NatureOfInc>
                        <ns2:DeductSection>194A</ns2:DeductSection>
                        <ns2:AmtOfInc>12559</ns2:AmtOfInc>
                    </ns2:IncomeDtl>
                </ns2:IncomeDtls>
            </ns2:Part1>
            <ns2:Part1>
                <ns2:Basicdtls>
                    <ns2:AssesseeName>RUSI JAMSHED HAKIM</ns2:AssesseeName>
                    <ns2:AssesseePAN>ADUPH5519C</ns2:AssesseePAN>
                    <ns2:AssesseeDOB>1950-01-01</ns2:AssesseeDOB>
                    <ns2:PreviousYr>2018</ns2:PreviousYr>
                    <ns2:FlatDoorNo>123</ns2:FlatDoorNo>
                    <ns2:PremisesName>ABC</ns2:PremisesName>
                    <ns2:RoadOrStreet>ABC</ns2:RoadOrStreet>
                    <ns2:LocalityOrArea>Mumbai</ns2:LocalityOrArea>
                    <ns2:CityOrTownOrDistrict>Mumbai</ns2:CityOrTownOrDistrict>
                    <ns2:StateCode>19</ns2:StateCode>
                    <ns2:PinCode>400012</ns2:PinCode>
                    <ns2:EmailAddress>MANAGERCB0104@canarabank.com</ns2:EmailAddress>
                    <ns2:STDcode></ns2:STDcode>
                    <ns2:PhoneNo></ns2:PhoneNo>
                    <ns2:MobileNo>7738350190</ns2:MobileNo>
                    <ns2:TaxAssessedFlag>N</ns2:TaxAssessedFlag>
                    <ns2:LatestAsstYr></ns2:LatestAsstYr>
                    <ns2:EstimatedInc>5024</ns2:EstimatedInc>
                    <ns2:EstimatedTotalIncPrvYr>5024</ns2:EstimatedTotalIncPrvYr>
                    <ns2:TotalNoOfForm15H>1</ns2:TotalNoOfForm15H>
                    <ns2:AggregateAmtForm15H>5024</ns2:AggregateAmtForm15H>
                    <ns2:UniqueIdNumber>H331000161201819MUMC10753B</ns2:UniqueIdNumber>
                    <ns2:DeclarationDate>2018-10-22</ns2:DeclarationDate>
                    <ns2:AmtOfIncPaid>5024</ns2:AmtOfIncPaid>
                    <ns2:DateIncPaid>2018-12-31</ns2:DateIncPaid>
                    <ns2:RecordType></ns2:RecordType>
                </ns2:Basicdtls>
                <ns2:IncomeDtls>
                    <ns2:IncomeDtl>
                        <ns2:SrlNo>108</ns2:SrlNo>
                        <ns2:IdenficationNum>12217656</ns2:IdenficationNum>
                        <ns2:NatureOfInc>Interest other than Interest on securities</ns2:NatureOfInc>
                        <ns2:DeductSection>194A</ns2:DeductSection>
                        <ns2:AmtOfInc>5024</ns2:AmtOfInc>
                    </ns2:IncomeDtl>
                </ns2:IncomeDtls>
            </ns2:Part1>
            <ns2:Part1>
                <ns2:Basicdtls>
                    <ns2:AssesseeName>YASHWANT GOVIND PAWAR</ns2:AssesseeName>
                    <ns2:AssesseePAN>AGUPP8642F</ns2:AssesseePAN>
                    <ns2:AssesseeDOB>1950-01-01</ns2:AssesseeDOB>
                    <ns2:PreviousYr>2018</ns2:PreviousYr>
                    <ns2:FlatDoorNo>123</ns2:FlatDoorNo>
                    <ns2:PremisesName>ABC</ns2:PremisesName>
                    <ns2:RoadOrStreet>ABC</ns2:RoadOrStreet>
                    <ns2:LocalityOrArea>Mumbai</ns2:LocalityOrArea>
                    <ns2:CityOrTownOrDistrict>Mumbai</ns2:CityOrTownOrDistrict>
                    <ns2:StateCode>19</ns2:StateCode>
                    <ns2:PinCode>400012</ns2:PinCode>
                    <ns2:EmailAddress>MANAGERCB0104@canarabank.com</ns2:EmailAddress>
                    <ns2:STDcode></ns2:STDcode>
                    <ns2:PhoneNo></ns2:PhoneNo>
                    <ns2:MobileNo>7738350190</ns2:MobileNo>
                    <ns2:TaxAssessedFlag>N</ns2:TaxAssessedFlag>
                    <ns2:LatestAsstYr></ns2:LatestAsstYr>
                    <ns2:EstimatedInc>10320</ns2:EstimatedInc>
                    <ns2:EstimatedTotalIncPrvYr>10320</ns2:EstimatedTotalIncPrvYr>
                    <ns2:TotalNoOfForm15H>1</ns2:TotalNoOfForm15H>
                    <ns2:AggregateAmtForm15H>10320</ns2:AggregateAmtForm15H>
                    <ns2:UniqueIdNumber>H436000005201819MUMC10753B</ns2:UniqueIdNumber>
                    <ns2:DeclarationDate>2018-11-30</ns2:DeclarationDate>
                    <ns2:AmtOfIncPaid>10320</ns2:AmtOfIncPaid>
                    <ns2:DateIncPaid>2018-12-31</ns2:DateIncPaid>
                    <ns2:RecordType></ns2:RecordType>
                </ns2:Basicdtls>
                <ns2:IncomeDtls>
                    <ns2:IncomeDtl>
                        <ns2:SrlNo>109</ns2:SrlNo>
                        <ns2:IdenficationNum>14521657</ns2:IdenficationNum>
                        <ns2:NatureOfInc>Interest other than Interest on securities</ns2:NatureOfInc>
                        <ns2:DeductSection>194A</ns2:DeductSection>
                        <ns2:AmtOfInc>10320</ns2:AmtOfInc>
                    </ns2:IncomeDtl>
                </ns2:IncomeDtls>
            </ns2:Part1>
            <ns2:Part1>
                <ns2:Basicdtls>
                    <ns2:AssesseeName>TATOBA KESHAV GAWDE</ns2:AssesseeName>
                    <ns2:AssesseePAN>BFQPG5046G</ns2:AssesseePAN>
                    <ns2:AssesseeDOB>1950-01-01</ns2:AssesseeDOB>
                    <ns2:PreviousYr>2018</ns2:PreviousYr>
                    <ns2:FlatDoorNo>123</ns2:FlatDoorNo>
                    <ns2:PremisesName>ABC</ns2:PremisesName>
                    <ns2:RoadOrStreet>ABC</ns2:RoadOrStreet>
                    <ns2:LocalityOrArea>Mumbai</ns2:LocalityOrArea>
                    <ns2:CityOrTownOrDistrict>Mumbai</ns2:CityOrTownOrDistrict>
                    <ns2:StateCode>19</ns2:StateCode>
                    <ns2:PinCode>400012</ns2:PinCode>
                    <ns2:EmailAddress>MANAGERCB0104@canarabank.com</ns2:EmailAddress>
                    <ns2:STDcode></ns2:STDcode>
                    <ns2:PhoneNo></ns2:PhoneNo>
                    <ns2:MobileNo>7738350190</ns2:MobileNo>
                    <ns2:TaxAssessedFlag>N</ns2:TaxAssessedFlag>
                    <ns2:LatestAsstYr></ns2:LatestAsstYr>
                    <ns2:EstimatedInc>5091</ns2:EstimatedInc>
                    <ns2:EstimatedTotalIncPrvYr>5091</ns2:EstimatedTotalIncPrvYr>
                    <ns2:TotalNoOfForm15H>1</ns2:TotalNoOfForm15H>
                    <ns2:AggregateAmtForm15H>5091</ns2:AggregateAmtForm15H>
                    <ns2:UniqueIdNumber>H331000157201819MUMC10753B</ns2:UniqueIdNumber>
                    <ns2:DeclarationDate>2018-11-20</ns2:DeclarationDate>
                    <ns2:AmtOfIncPaid>5091</ns2:AmtOfIncPaid>
                    <ns2:DateIncPaid>2018-12-31</ns2:DateIncPaid>
                    <ns2:RecordType></ns2:RecordType>
                </ns2:Basicdtls>
                <ns2:IncomeDtls>
                    <ns2:IncomeDtl>
                        <ns2:SrlNo>110</ns2:SrlNo>
                        <ns2:IdenficationNum>29040834</ns2:IdenficationNum>
                        <ns2:NatureOfInc>Interest other than Interest on securities</ns2:NatureOfInc>
                        <ns2:DeductSection>194A</ns2:DeductSection>
                        <ns2:AmtOfInc>5091</ns2:AmtOfInc>
                    </ns2:IncomeDtl>
                </ns2:IncomeDtls>
            </ns2:Part1>
            <ns2:Part1>
                <ns2:Basicdtls>
                    <ns2:AssesseeName>SHEROO SHAVAKSHA ILAVIA</ns2:AssesseeName>
                    <ns2:AssesseePAN>ACLPI6989H</ns2:AssesseePAN>
                    <ns2:AssesseeDOB>1950-01-01</ns2:AssesseeDOB>
                    <ns2:PreviousYr>2018</ns2:PreviousYr>
                    <ns2:FlatDoorNo>123</ns2:FlatDoorNo>
                    <ns2:PremisesName>ABC</ns2:PremisesName>
                    <ns2:RoadOrStreet>ABC</ns2:RoadOrStreet>
                    <ns2:LocalityOrArea>Mumbai</ns2:LocalityOrArea>
                    <ns2:CityOrTownOrDistrict>Mumbai</ns2:CityOrTownOrDistrict>
                    <ns2:StateCode>19</ns2:StateCode>
                    <ns2:PinCode>400012</ns2:PinCode>
                    <ns2:EmailAddress>MANAGERCB0104@canarabank.com</ns2:EmailAddress>
                    <ns2:STDcode></ns2:STDcode>
                    <ns2:PhoneNo></ns2:PhoneNo>
                    <ns2:MobileNo>7738350190</ns2:MobileNo>
                    <ns2:TaxAssessedFlag>N</ns2:TaxAssessedFlag>
                    <ns2:LatestAsstYr></ns2:LatestAsstYr>
                    <ns2:EstimatedInc>128942</ns2:EstimatedInc>
                    <ns2:EstimatedTotalIncPrvYr>128942</ns2:EstimatedTotalIncPrvYr>
                    <ns2:TotalNoOfForm15H>1</ns2:TotalNoOfForm15H>
                    <ns2:AggregateAmtForm15H>128942</ns2:AggregateAmtForm15H>
                    <ns2:UniqueIdNumber>H332000077201819MUMC10753B</ns2:UniqueIdNumber>
                    <ns2:DeclarationDate>2018-10-03</ns2:DeclarationDate>
                    <ns2:AmtOfIncPaid>128942</ns2:AmtOfIncPaid>
                    <ns2:DateIncPaid>2018-12-31</ns2:DateIncPaid>
                    <ns2:RecordType></ns2:RecordType>
                </ns2:Basicdtls>
                <ns2:IncomeDtls>
                    <ns2:IncomeDtl>
                        <ns2:SrlNo>111</ns2:SrlNo>
                        <ns2:IdenficationNum>66636455</ns2:IdenficationNum>
                        <ns2:NatureOfInc>Interest other than Interest on securities</ns2:NatureOfInc>
                        <ns2:DeductSection>194A</ns2:DeductSection>
                        <ns2:AmtOfInc>128942</ns2:AmtOfInc>
                    </ns2:IncomeDtl>
                </ns2:IncomeDtls>
            </ns2:Part1>
            <ns2:Part1>
                <ns2:Basicdtls>
                    <ns2:AssesseeName>SUMITRA ZILU TIWAREKAR</ns2:AssesseeName>
                    <ns2:AssesseePAN>ASQPT4194C</ns2:AssesseePAN>
                    <ns2:AssesseeDOB>1950-01-01</ns2:AssesseeDOB>
                    <ns2:PreviousYr>2018</ns2:PreviousYr>
                    <ns2:FlatDoorNo>123</ns2:FlatDoorNo>
                    <ns2:PremisesName>ABC</ns2:PremisesName>
                    <ns2:RoadOrStreet>ABC</ns2:RoadOrStreet>
                    <ns2:LocalityOrArea>Mumbai</ns2:LocalityOrArea>
                    <ns2:CityOrTownOrDistrict>Mumbai</ns2:CityOrTownOrDistrict>
                    <ns2:StateCode>19</ns2:StateCode>
                    <ns2:PinCode>400012</ns2:PinCode>
                    <ns2:EmailAddress>MANAGERCB0104@canarabank.com</ns2:EmailAddress>
                    <ns2:STDcode></ns2:STDcode>
                    <ns2:PhoneNo></ns2:PhoneNo>
                    <ns2:MobileNo>7738350190</ns2:MobileNo>
                    <ns2:TaxAssessedFlag>N</ns2:TaxAssessedFlag>
                    <ns2:LatestAsstYr></ns2:LatestAsstYr>
                    <ns2:EstimatedInc>21047</ns2:EstimatedInc>
                    <ns2:EstimatedTotalIncPrvYr>21047</ns2:EstimatedTotalIncPrvYr>
                    <ns2:TotalNoOfForm15H>1</ns2:TotalNoOfForm15H>
                    <ns2:AggregateAmtForm15H>21047</ns2:AggregateAmtForm15H>
                    <ns2:UniqueIdNumber>H404002208201819MUMC10753B</ns2:UniqueIdNumber>
                    <ns2:DeclarationDate>2018-10-12</ns2:DeclarationDate>
                    <ns2:AmtOfIncPaid>21047</ns2:AmtOfIncPaid>
                    <ns2:DateIncPaid>2018-12-31</ns2:DateIncPaid>
                    <ns2:RecordType></ns2:RecordType>
                </ns2:Basicdtls>
                <ns2:IncomeDtls>
                    <ns2:IncomeDtl>
                        <ns2:SrlNo>112</ns2:SrlNo>
                        <ns2:IdenficationNum>78654881</ns2:IdenficationNum>
                        <ns2:NatureOfInc>Interest other than Interest on securities</ns2:NatureOfInc>
                        <ns2:DeductSection>194A</ns2:DeductSection>
                        <ns2:AmtOfInc>21047</ns2:AmtOfInc>
                    </ns2:IncomeDtl>
                </ns2:IncomeDtls>
            </ns2:Part1>
            <ns2:Part1>
                <ns2:Basicdtls>
                    <ns2:AssesseeName>MARGARET ROSE GOES</ns2:AssesseeName>
                    <ns2:AssesseePAN>AHWPG7379R</ns2:AssesseePAN>
                    <ns2:AssesseeDOB>1950-01-01</ns2:AssesseeDOB>
                    <ns2:PreviousYr>2018</ns2:PreviousYr>
                    <ns2:FlatDoorNo>123</ns2:FlatDoorNo>
                    <ns2:PremisesName>ABC</ns2:PremisesName>
                    <ns2:RoadOrStreet>ABC</ns2:RoadOrStreet>
                    <ns2:LocalityOrArea>Mumbai</ns2:LocalityOrArea>
                    <ns2:CityOrTownOrDistrict>Mumbai</ns2:CityOrTownOrDistrict>
                    <ns2:StateCode>19</ns2:StateCode>
                    <ns2:PinCode>400012</ns2:PinCode>
                    <ns2:EmailAddress>MANAGERCB0104@canarabank.com</ns2:EmailAddress>
                    <ns2:STDcode></ns2:STDcode>
                    <ns2:PhoneNo></ns2:PhoneNo>
                    <ns2:MobileNo>7738350190</ns2:MobileNo>
                    <ns2:TaxAssessedFlag>N</ns2:TaxAssessedFlag>
                    <ns2:LatestAsstYr></ns2:LatestAsstYr>
                    <ns2:EstimatedInc>18771</ns2:EstimatedInc>
                    <ns2:EstimatedTotalIncPrvYr>18771</ns2:EstimatedTotalIncPrvYr>
                    <ns2:TotalNoOfForm15H>1</ns2:TotalNoOfForm15H>
                    <ns2:AggregateAmtForm15H>18771</ns2:AggregateAmtForm15H>
                    <ns2:UniqueIdNumber>H381000028201819MUMC10753B</ns2:UniqueIdNumber>
                    <ns2:DeclarationDate>2018-11-27</ns2:DeclarationDate>
                    <ns2:AmtOfIncPaid>18771</ns2:AmtOfIncPaid>
                    <ns2:DateIncPaid>2018-12-31</ns2:DateIncPaid>
                    <ns2:RecordType></ns2:RecordType>
                </ns2:Basicdtls>
                <ns2:IncomeDtls>
                    <ns2:IncomeDtl>
                        <ns2:SrlNo>113</ns2:SrlNo>
                        <ns2:IdenficationNum>111361977</ns2:IdenficationNum>
                        <ns2:NatureOfInc>Interest other than Interest on securities</ns2:NatureOfInc>
                        <ns2:DeductSection>194A</ns2:DeductSection>
                        <ns2:AmtOfInc>18771</ns2:AmtOfInc>
                    </ns2:IncomeDtl>
                </ns2:IncomeDtls>
            </ns2:Part1>
            <ns2:Part1>
                <ns2:Basicdtls>
                    <ns2:AssesseeName>BARBARA MARIE GOES</ns2:AssesseeName>
                    <ns2:AssesseePAN>AFNPG1367A</ns2:AssesseePAN>
                    <ns2:AssesseeDOB>1950-01-01</ns2:AssesseeDOB>
                    <ns2:PreviousYr>2018</ns2:PreviousYr>
                    <ns2:FlatDoorNo>123</ns2:FlatDoorNo>
                    <ns2:PremisesName>ABC</ns2:PremisesName>
                    <ns2:RoadOrStreet>ABC</ns2:RoadOrStreet>
                    <ns2:LocalityOrArea>Mumbai</ns2:LocalityOrArea>
                    <ns2:CityOrTownOrDistrict>Mumbai</ns2:CityOrTownOrDistrict>
                    <ns2:StateCode>19</ns2:StateCode>
                    <ns2:PinCode>400012</ns2:PinCode>
                    <ns2:EmailAddress>MANAGERCB0104@canarabank.com</ns2:EmailAddress>
                    <ns2:STDcode></ns2:STDcode>
                    <ns2:PhoneNo></ns2:PhoneNo>
                    <ns2:MobileNo>7738350190</ns2:MobileNo>
                    <ns2:TaxAssessedFlag>N</ns2:TaxAssessedFlag>
                    <ns2:LatestAsstYr></ns2:LatestAsstYr>
                    <ns2:EstimatedInc>4654</ns2:EstimatedInc>
                    <ns2:EstimatedTotalIncPrvYr>4654</ns2:EstimatedTotalIncPrvYr>
                    <ns2:TotalNoOfForm15H>1</ns2:TotalNoOfForm15H>
                    <ns2:AggregateAmtForm15H>4654</ns2:AggregateAmtForm15H>
                    <ns2:UniqueIdNumber>H381000031201819MUMC10753B</ns2:UniqueIdNumber>
                    <ns2:DeclarationDate>2018-12-18</ns2:DeclarationDate>
                    <ns2:AmtOfIncPaid>4654</ns2:AmtOfIncPaid>
                    <ns2:DateIncPaid>2018-12-31</ns2:DateIncPaid>
                    <ns2:RecordType></ns2:RecordType>
                </ns2:Basicdtls>
                <ns2:IncomeDtls>
                    <ns2:IncomeDtl>
                        <ns2:SrlNo>114</ns2:SrlNo>
                        <ns2:IdenficationNum>111361994</ns2:IdenficationNum>
                        <ns2:NatureOfInc>Interest other than Interest on securities</ns2:NatureOfInc>
                        <ns2:DeductSection>194A</ns2:DeductSection>
                        <ns2:AmtOfInc>4654</ns2:AmtOfInc>
                    </ns2:IncomeDtl>
                </ns2:IncomeDtls>
            </ns2:Part1>
            <ns2:Part1>
                <ns2:Basicdtls>
                    <ns2:AssesseeName>MALTI GAJENDRA RAI</ns2:AssesseeName>
                    <ns2:AssesseePAN>ATLPR0554Q</ns2:AssesseePAN>
                    <ns2:AssesseeDOB>1950-01-01</ns2:AssesseeDOB>
                    <ns2:PreviousYr>2018</ns2:PreviousYr>
                    <ns2:FlatDoorNo>123</ns2:FlatDoorNo>
                    <ns2:PremisesName>ABC</ns2:PremisesName>
                    <ns2:RoadOrStreet>ABC</ns2:RoadOrStreet>
                    <ns2:LocalityOrArea>Mumbai</ns2:LocalityOrArea>
                    <ns2:CityOrTownOrDistrict>Mumbai</ns2:CityOrTownOrDistrict>
                    <ns2:StateCode>19</ns2:StateCode>
                    <ns2:PinCode>400012</ns2:PinCode>
                    <ns2:EmailAddress>MANAGERCB0104@canarabank.com</ns2:EmailAddress>
                    <ns2:STDcode></ns2:STDcode>
                    <ns2:PhoneNo></ns2:PhoneNo>
                    <ns2:MobileNo>7738350190</ns2:MobileNo>
                    <ns2:TaxAssessedFlag>N</ns2:TaxAssessedFlag>
                    <ns2:LatestAsstYr></ns2:LatestAsstYr>
                    <ns2:EstimatedInc>34833</ns2:EstimatedInc>
                    <ns2:EstimatedTotalIncPrvYr>34833</ns2:EstimatedTotalIncPrvYr>
                    <ns2:TotalNoOfForm15H>1</ns2:TotalNoOfForm15H>
                    <ns2:AggregateAmtForm15H>34833</ns2:AggregateAmtForm15H>
                    <ns2:UniqueIdNumber>H415000143201819MUMC10753B</ns2:UniqueIdNumber>
                    <ns2:DeclarationDate>2018-10-03</ns2:DeclarationDate>
                    <ns2:AmtOfIncPaid>34833</ns2:AmtOfIncPaid>
                    <ns2:DateIncPaid>2018-12-31</ns2:DateIncPaid>
                    <ns2:RecordType></ns2:RecordType>
                </ns2:Basicdtls>
                <ns2:IncomeDtls>
                    <ns2:IncomeDtl>
                        <ns2:SrlNo>115</ns2:SrlNo>
                        <ns2:IdenficationNum>115555669</ns2:IdenficationNum>
                        <ns2:NatureOfInc>Interest other than Interest on securities</ns2:NatureOfInc>
                        <ns2:DeductSection>194A</ns2:DeductSection>
                        <ns2:AmtOfInc>34833</ns2:AmtOfInc>
                    </ns2:IncomeDtl>
                </ns2:IncomeDtls>
            </ns2:Part1>
        </ns2:Part1Dtls>
    </ns2:Form15HDtls>
</ns2:FORM15H>
