<?xml version="1.0" encoding="UTF-8" standalone="yes"?>
<ns2:FORM15G xmlns="http://incometaxindiaefiling.gov.in/common" xmlns:ns2="http://incometaxindiaefiling.gov.in/FORM15G">
    <ns2:FormCreationInfo>
        <CreationInfo>
            <SWVersionNo>1.0</SWVersionNo>
            <SWCreatedBy>ITD_JAVA_UTILITY</SWCreatedBy>
            <XMLCreatedBy>ITD_JAVA_UTILITY</XMLCreatedBy>
            <XMLCreationDate>2019-04-11</XMLCreationDate>
        </CreationInfo>
        <Form_Details>
            <FormName>FORM15G</FormName>
            <AssessmentYear>2019</AssessmentYear>
            <SchemaVer>V1.0</SchemaVer>
            <FormVer>1.0</FormVer>
        </Form_Details>
    </ns2:FormCreationInfo>
    <ns2:Form15GDtls>
        <ns2:TAN>MUMC11289F</ns2:TAN>
        <ns2:Quarter>Q4</ns2:Quarter>
        <ns2:FinancialYr>2018</ns2:FinancialYr>
        <ns2:FilingType>O</ns2:FilingType>
        <ns2:Part1Dtls>
            <ns2:Part1>
                <ns2:Basicdtls>
                    <ns2:AssesseeName>GANESH RAMSEVAK YADAV</ns2:AssesseeName>
                    <ns2:AssesseePAN>ADEPY4966A</ns2:AssesseePAN>
                    <ns2:Status>1</ns2:Status>
                    <ns2:ResidentialStatus>RES</ns2:ResidentialStatus>
                    <ns2:PreviousYr>2018</ns2:PreviousYr>
                    <ns2:FlatDoorNo>123</ns2:FlatDoorNo>
                    <ns2:PremisesName>ABC</ns2:PremisesName>
                    <ns2:RoadOrStreet>ABC</ns2:RoadOrStreet>
                    <ns2:LocalityOrArea>ABC</ns2:LocalityOrArea>
                    <ns2:CityOrTownOrDistrict>MUMBAI</ns2:CityOrTownOrDistrict>
                    <ns2:StateCode>19</ns2:StateCode>
                    <ns2:PinCode>400001</ns2:PinCode>
                    <ns2:EmailAddress>cb0122@canarabank.com</ns2:EmailAddress>
                    <ns2:STDcode>22</ns2:STDcode>
                    <ns2:PhoneNo>25200364</ns2:PhoneNo>
                    <ns2:MobileNo>9898545421</ns2:MobileNo>
                    <ns2:TaxAssessedFlag>N</ns2:TaxAssessedFlag>
                    <ns2:EstimatedInc>37419</ns2:EstimatedInc>
                    <ns2:EstimatedTotalIncPrvYr>37419</ns2:EstimatedTotalIncPrvYr>
                    <ns2:TotalNoOfForm15g>1</ns2:TotalNoOfForm15g>
                    <ns2:AggregateAmtForm15g>37419</ns2:AggregateAmtForm15g>
                    <ns2:UniqueIdNumber>G999999999201819MUMC11289F</ns2:UniqueIdNumber>
                    <ns2:DeclarationDate>2019-02-05</ns2:DeclarationDate>
                    <ns2:AmtOfIncPaid>37419</ns2:AmtOfIncPaid>
                    <ns2:DateIncPaid>2019-03-31</ns2:DateIncPaid>
                </ns2:Basicdtls>
                <ns2:IncomeDtls>
                    <ns2:IncomeDtl>
                        <ns2:SrlNo>100</ns2:SrlNo>
                        <ns2:IdenficationNum>999999999</ns2:IdenficationNum>
                        <ns2:NatureOfInc>interest</ns2:NatureOfInc>
                        <ns2:DeductSection>194A</ns2:DeductSection>
                        <ns2:AmtOfInc>37419</ns2:AmtOfInc>
                    </ns2:IncomeDtl>
                </ns2:IncomeDtls>
            </ns2:Part1>
        </ns2:Part1Dtls>
    </ns2:Form15GDtls>
</ns2:FORM15G>
